# Combinações Filtradas - Dia de Sorte
# Data: 06/04/2026 18:31:40
# Mês da Sorte: Jan
# Total: 7870 combinações
# Filtros aplicados: pares_impares, soma, sequencias, primos, numeros_especificos

01,02,06,09,21,30,31 - Jan
01,02,06,09,22,29,31 - Jan
01,02,06,09,22,30,31 - Jan
01,02,06,09,25,26,31 - Jan
01,02,06,09,25,28,29 - Jan
01,02,06,09,25,28,31 - Jan
01,02,06,09,25,29,30 - Jan
01,02,06,09,25,30,31 - Jan
01,02,06,09,26,27,29 - Jan
01,02,06,09,26,27,31 - Jan
01,02,06,09,26,28,29 - Jan
01,02,06,09,26,28,31 - Jan
01,02,06,09,26,29,30 - Jan
01,02,06,09,26,29,31 - Jan
01,02,06,09,26,30,31 - Jan
01,02,06,09,27,28,31 - Jan
01,02,06,09,27,29,30 - Jan
01,02,06,09,27,30,31 - Jan
01,02,06,09,28,29,31 - Jan
01,02,06,09,28,30,31 - Jan
01,04,06,09,19,30,31 - Jan
01,04,06,09,20,29,31 - Jan
01,04,06,09,22,29,31 - Jan
01,04,06,09,26,29,31 - Jan
01,04,06,09,28,29,31 - Jan
01,05,06,09,18,30,31 - Jan
01,05,06,09,20,28,31 - Jan
01,05,06,09,20,29,30 - Jan
01,05,06,09,20,30,31 - Jan
01,05,06,09,22,26,31 - Jan
01,05,06,09,22,28,29 - Jan
01,05,06,09,22,28,31 - Jan
01,05,06,09,22,29,30 - Jan
01,05,06,09,22,30,31 - Jan
01,05,06,09,26,28,29 - Jan
01,05,06,09,26,28,31 - Jan
01,05,06,09,26,29,30 - Jan
01,05,06,09,26,30,31 - Jan
01,05,06,09,28,30,31 - Jan
01,06,08,09,16,29,31 - Jan
01,06,08,09,17,28,31 - Jan
01,06,08,09,17,29,30 - Jan
01,06,08,09,17,30,31 - Jan
01,06,08,09,18,29,31 - Jan
01,06,08,09,19,26,31 - Jan
01,06,08,09,19,28,29 - Jan
01,06,08,09,19,28,31 - Jan
01,06,08,09,19,29,30 - Jan
01,06,08,09,19,30,31 - Jan
01,06,08,09,20,29,31 - Jan
01,06,08,09,22,29,31 - Jan
01,06,08,09,26,29,31 - Jan
01,06,08,09,28,29,31 - Jan
01,06,09,10,13,30,31 - Jan
01,06,09,10,14,29,31 - Jan
01,06,09,10,16,29,31 - Jan
01,06,09,10,17,26,31 - Jan
01,06,09,10,17,28,29 - Jan
01,06,09,10,17,28,31 - Jan
01,06,09,10,17,29,30 - Jan
01,06,09,10,17,30,31 - Jan
01,06,09,10,18,29,31 - Jan
01,06,09,10,19,26,29 - Jan
01,06,09,10,19,26,31 - Jan
01,06,09,10,19,28,29 - Jan
01,06,09,10,19,28,31 - Jan
01,06,09,10,19,29,30 - Jan
01,06,09,10,19,30,31 - Jan
01,06,09,10,20,29,31 - Jan
01,06,09,10,22,29,31 - Jan
01,06,09,10,26,29,31 - Jan
01,06,09,10,28,29,31 - Jan
01,06,09,11,12,30,31 - Jan
01,06,09,11,14,28,31 - Jan
01,06,09,11,14,29,30 - Jan
01,06,09,11,14,30,31 - Jan
01,06,09,11,16,26,31 - Jan
01,06,09,11,16,28,29 - Jan
01,06,09,11,16,28,31 - Jan
01,06,09,11,16,29,30 - Jan
01,06,09,11,16,30,31 - Jan
01,06,09,11,17,26,30 - Jan
01,06,09,11,17,28,30 - Jan
01,06,09,11,18,26,29 - Jan
01,06,09,11,18,26,31 - Jan
01,06,09,11,18,28,29 - Jan
01,06,09,11,18,28,31 - Jan
01,06,09,11,18,29,30 - Jan
01,06,09,11,18,30,31 - Jan
01,06,09,11,19,26,28 - Jan
01,06,09,11,19,26,30 - Jan
01,06,09,11,19,28,30 - Jan
01,06,09,11,20,22,31 - Jan
01,06,09,11,20,26,29 - Jan
01,06,09,11,20,26,31 - Jan
01,06,09,11,20,28,29 - Jan
01,06,09,11,20,28,31 - Jan
01,06,09,11,20,29,30 - Jan
01,06,09,11,20,30,31 - Jan
01,06,09,11,22,26,29 - Jan
01,06,09,11,22,26,31 - Jan
01,06,09,11,22,28,29 - Jan
01,06,09,11,22,28,31 - Jan
01,06,09,11,22,29,30 - Jan
01,06,09,11,22,30,31 - Jan
01,06,09,11,26,28,29 - Jan
01,06,09,11,26,28,31 - Jan
01,06,09,11,26,29,30 - Jan
01,06,09,11,26,30,31 - Jan
01,06,09,11,28,30,31 - Jan
01,06,09,12,13,28,31 - Jan
01,06,09,12,13,29,30 - Jan
01,06,09,12,13,30,31 - Jan
01,06,09,12,14,29,31 - Jan
01,06,09,12,16,29,31 - Jan
01,06,09,12,17,26,29 - Jan
01,06,09,12,17,26,31 - Jan
01,06,09,12,17,28,29 - Jan
01,06,09,12,17,28,31 - Jan
01,06,09,12,17,29,30 - Jan
01,06,09,12,17,30,31 - Jan
01,06,09,12,18,29,31 - Jan
01,06,09,12,19,22,31 - Jan
01,06,09,12,19,26,29 - Jan
01,06,09,12,19,26,31 - Jan
01,06,09,12,19,28,29 - Jan
01,06,09,12,19,28,31 - Jan
01,06,09,12,19,29,30 - Jan
01,06,09,12,19,30,31 - Jan
01,06,09,12,20,29,31 - Jan
01,06,09,12,22,29,31 - Jan
01,06,09,12,26,29,31 - Jan
01,06,09,12,28,29,31 - Jan
01,06,09,13,14,26,31 - Jan
01,06,09,13,14,28,29 - Jan
01,06,09,13,14,28,31 - Jan
01,06,09,13,14,29,30 - Jan
01,06,09,13,14,30,31 - Jan
01,06,09,13,16,26,29 - Jan
01,06,09,13,16,26,31 - Jan
01,06,09,13,16,28,29 - Jan
01,06,09,13,16,28,31 - Jan
01,06,09,13,16,29,30 - Jan
01,06,09,13,16,30,31 - Jan
01,06,09,13,17,26,28 - Jan
01,06,09,13,17,26,30 - Jan
01,06,09,13,17,28,30 - Jan
01,06,09,13,18,22,31 - Jan
01,06,09,13,18,26,29 - Jan
01,06,09,13,18,26,31 - Jan
01,06,09,13,18,28,29 - Jan
01,06,09,13,18,28,31 - Jan
01,06,09,13,18,29,30 - Jan
01,06,09,13,18,30,31 - Jan
01,06,09,13,19,22,30 - Jan
01,06,09,13,19,26,28 - Jan
01,06,09,13,19,26,30 - Jan
01,06,09,13,19,28,30 - Jan
01,06,09,13,20,22,29 - Jan
01,06,09,13,20,22,31 - Jan
01,06,09,13,20,26,29 - Jan
01,06,09,13,20,26,31 - Jan
01,06,09,13,20,28,29 - Jan
01,06,09,13,20,28,31 - Jan
01,06,09,13,20,29,30 - Jan
01,06,09,13,20,30,31 - Jan
01,06,09,13,22,26,29 - Jan
01,06,09,13,22,26,31 - Jan
01,06,09,13,22,28,29 - Jan
01,06,09,13,22,28,31 - Jan
01,06,09,13,22,29,30 - Jan
01,06,09,13,22,30,31 - Jan
01,06,09,13,26,28,29 - Jan
01,06,09,13,26,28,31 - Jan
01,06,09,13,26,29,30 - Jan
01,06,09,13,26,30,31 - Jan
01,06,09,13,28,30,31 - Jan
01,06,09,14,16,29,31 - Jan
01,06,09,14,17,22,31 - Jan
01,06,09,14,17,26,29 - Jan
01,06,09,14,17,26,31 - Jan
01,06,09,14,17,28,29 - Jan
01,06,09,14,17,28,31 - Jan
01,06,09,14,17,29,30 - Jan
01,06,09,14,17,30,31 - Jan
01,06,09,14,18,29,31 - Jan
01,06,09,14,19,20,31 - Jan
01,06,09,14,19,22,29 - Jan
01,06,09,14,19,22,31 - Jan
01,06,09,14,19,26,29 - Jan
01,06,09,14,19,26,31 - Jan
01,06,09,14,19,28,29 - Jan
01,06,09,14,19,28,31 - Jan
01,06,09,14,19,29,30 - Jan
01,06,09,14,19,30,31 - Jan
01,06,09,14,20,29,31 - Jan
01,06,09,14,22,29,31 - Jan
01,06,09,14,26,29,31 - Jan
01,06,09,14,28,29,31 - Jan
01,06,09,16,17,20,31 - Jan
01,06,09,16,17,22,29 - Jan
01,06,09,16,17,22,31 - Jan
01,06,09,16,17,26,29 - Jan
01,06,09,16,17,26,31 - Jan
01,06,09,16,17,28,29 - Jan
01,06,09,16,17,28,31 - Jan
01,06,09,16,17,29,30 - Jan
01,06,09,16,17,30,31 - Jan
01,06,09,16,18,19,31 - Jan
01,06,09,16,18,29,31 - Jan
01,06,09,16,19,20,29 - Jan
01,06,09,16,19,20,31 - Jan
01,06,09,16,19,22,29 - Jan
01,06,09,16,19,22,31 - Jan
01,06,09,16,19,26,29 - Jan
01,06,09,16,19,26,31 - Jan
01,06,09,16,19,28,29 - Jan
01,06,09,16,19,28,31 - Jan
01,06,09,16,19,29,30 - Jan
01,06,09,16,19,30,31 - Jan
01,06,09,16,20,29,31 - Jan
01,06,09,16,22,29,31 - Jan
01,06,09,16,26,29,31 - Jan
01,06,09,16,28,29,31 - Jan
01,06,09,17,18,20,29 - Jan
01,06,09,17,18,20,31 - Jan
01,06,09,17,18,22,29 - Jan
01,06,09,17,18,22,31 - Jan
01,06,09,17,18,26,29 - Jan
01,06,09,17,18,26,31 - Jan
01,06,09,17,18,28,29 - Jan
01,06,09,17,18,28,31 - Jan
01,06,09,17,18,29,30 - Jan
01,06,09,17,18,30,31 - Jan
01,06,09,17,19,20,28 - Jan
01,06,09,17,19,20,30 - Jan
01,06,09,17,19,22,26 - Jan
01,06,09,17,19,22,28 - Jan
01,06,09,17,19,22,30 - Jan
01,06,09,17,19,26,28 - Jan
01,06,09,17,19,26,30 - Jan
01,06,09,17,19,28,30 - Jan
01,06,09,17,20,22,29 - Jan
01,06,09,17,20,22,31 - Jan
01,06,09,17,20,26,29 - Jan
01,06,09,17,20,26,31 - Jan
01,06,09,17,20,28,29 - Jan
01,06,09,17,20,28,31 - Jan
01,06,09,17,20,29,30 - Jan
01,06,09,17,20,30,31 - Jan
01,06,09,17,22,26,29 - Jan
01,06,09,17,22,26,31 - Jan
01,06,09,17,22,28,29 - Jan
01,06,09,17,22,28,31 - Jan
01,06,09,17,22,29,30 - Jan
01,06,09,17,22,30,31 - Jan
01,06,09,17,26,28,29 - Jan
01,06,09,17,26,28,31 - Jan
01,06,09,17,26,29,30 - Jan
01,06,09,17,26,30,31 - Jan
01,06,09,17,28,30,31 - Jan
01,06,09,18,19,22,29 - Jan
01,06,09,18,19,22,31 - Jan
01,06,09,18,19,26,29 - Jan
01,06,09,18,19,26,31 - Jan
01,06,09,18,19,28,29 - Jan
01,06,09,18,19,28,31 - Jan
01,06,09,18,19,29,30 - Jan
01,06,09,18,19,30,31 - Jan
01,06,09,18,20,29,31 - Jan
01,06,09,18,22,29,31 - Jan
01,06,09,18,26,29,31 - Jan
01,06,09,18,28,29,31 - Jan
01,06,09,19,20,22,29 - Jan
01,06,09,19,20,22,31 - Jan
01,06,09,19,20,26,29 - Jan
01,06,09,19,20,26,31 - Jan
01,06,09,19,20,28,29 - Jan
01,06,09,19,20,28,31 - Jan
01,06,09,19,20,29,30 - Jan
01,06,09,19,20,30,31 - Jan
01,06,09,19,22,26,29 - Jan
01,06,09,19,22,26,31 - Jan
01,06,09,19,22,28,29 - Jan
01,06,09,19,22,28,31 - Jan
01,06,09,19,22,29,30 - Jan
01,06,09,19,22,30,31 - Jan
01,06,09,19,26,28,29 - Jan
01,06,09,19,26,28,31 - Jan
01,06,09,19,26,29,30 - Jan
01,06,09,19,26,30,31 - Jan
01,06,09,19,28,30,31 - Jan
01,06,09,20,22,29,31 - Jan
01,06,09,20,26,29,31 - Jan
01,06,09,20,28,29,31 - Jan
01,06,09,22,26,29,31 - Jan
01,06,09,22,28,29,31 - Jan
01,06,09,26,28,29,31 - Jan
02,04,06,09,19,29,31 - Jan
02,04,06,09,19,30,31 - Jan
02,04,06,09,20,29,31 - Jan
02,04,06,09,21,27,31 - Jan
02,04,06,09,21,28,31 - Jan
02,04,06,09,21,29,30 - Jan
02,04,06,09,21,29,31 - Jan
02,04,06,09,21,30,31 - Jan
02,04,06,09,22,27,31 - Jan
02,04,06,09,22,29,31 - Jan
02,04,06,09,25,26,29 - Jan
02,04,06,09,25,26,31 - Jan
02,04,06,09,25,27,29 - Jan
02,04,06,09,25,27,31 - Jan
02,04,06,09,25,28,29 - Jan
02,04,06,09,25,28,31 - Jan
02,04,06,09,25,29,30 - Jan
02,04,06,09,25,29,31 - Jan
02,04,06,09,25,30,31 - Jan
02,04,06,09,26,27,29 - Jan
02,04,06,09,26,27,31 - Jan
02,04,06,09,26,29,31 - Jan
02,04,06,09,27,28,31 - Jan
02,04,06,09,27,29,30 - Jan
02,04,06,09,27,29,31 - Jan
02,04,06,09,27,30,31 - Jan
02,04,06,09,28,29,31 - Jan
02,05,06,09,17,30,31 - Jan
02,05,06,09,18,29,31 - Jan
02,05,06,09,18,30,31 - Jan
02,05,06,09,19,28,31 - Jan
02,05,06,09,19,29,30 - Jan
02,05,06,09,19,30,31 - Jan
02,05,06,09,20,27,31 - Jan
02,05,06,09,20,28,31 - Jan
02,05,06,09,20,29,30 - Jan
02,05,06,09,20,29,31 - Jan
02,05,06,09,20,30,31 - Jan
02,05,06,09,21,26,31 - Jan
02,05,06,09,21,27,30 - Jan
02,05,06,09,21,28,29 - Jan
02,05,06,09,21,28,30 - Jan
02,05,06,09,21,28,31 - Jan
02,05,06,09,21,29,30 - Jan
02,05,06,09,21,30,31 - Jan
02,05,06,09,22,25,31 - Jan
02,05,06,09,22,26,31 - Jan
02,05,06,09,22,27,29 - Jan
02,05,06,09,22,27,30 - Jan
02,05,06,09,22,27,31 - Jan
02,05,06,09,22,28,29 - Jan
02,05,06,09,22,28,31 - Jan
02,05,06,09,22,29,30 - Jan
02,05,06,09,22,29,31 - Jan
02,05,06,09,22,30,31 - Jan
02,05,06,09,25,26,28 - Jan
02,05,06,09,25,26,29 - Jan
02,05,06,09,25,26,30 - Jan
02,05,06,09,25,26,31 - Jan
02,05,06,09,25,27,28 - Jan
02,05,06,09,25,27,30 - Jan
02,05,06,09,25,28,29 - Jan
02,05,06,09,25,28,30 - Jan
02,05,06,09,25,28,31 - Jan
02,05,06,09,25,29,30 - Jan
02,05,06,09,25,30,31 - Jan
02,05,06,09,26,27,29 - Jan
02,05,06,09,26,27,30 - Jan
02,05,06,09,26,27,31 - Jan
02,05,06,09,26,28,29 - Jan
02,05,06,09,26,28,31 - Jan
02,05,06,09,26,29,30 - Jan
02,05,06,09,26,29,31 - Jan
02,05,06,09,26,30,31 - Jan
02,05,06,09,27,28,30 - Jan
02,05,06,09,27,28,31 - Jan
02,05,06,09,27,29,30 - Jan
02,05,06,09,27,30,31 - Jan
02,05,06,09,28,29,31 - Jan
02,05,06,09,28,30,31 - Jan
02,06,08,09,15,29,31 - Jan
02,06,08,09,15,30,31 - Jan
02,06,08,09,16,29,31 - Jan
02,06,08,09,17,27,31 - Jan
02,06,08,09,17,28,31 - Jan
02,06,08,09,17,29,30 - Jan
02,06,08,09,17,29,31 - Jan
02,06,08,09,17,30,31 - Jan
02,06,08,09,18,27,31 - Jan
02,06,08,09,18,29,31 - Jan
02,06,08,09,19,25,31 - Jan
02,06,08,09,19,26,31 - Jan
02,06,08,09,19,27,29 - Jan
02,06,08,09,19,27,30 - Jan
02,06,08,09,19,27,31 - Jan
02,06,08,09,19,28,29 - Jan
02,06,08,09,19,28,31 - Jan
02,06,08,09,19,29,30 - Jan
02,06,08,09,19,29,31 - Jan
02,06,08,09,19,30,31 - Jan
02,06,08,09,20,25,31 - Jan
02,06,08,09,20,27,29 - Jan
02,06,08,09,20,27,31 - Jan
02,06,08,09,20,29,31 - Jan
02,06,08,09,21,25,29 - Jan
02,06,08,09,21,25,31 - Jan
02,06,08,09,21,26,29 - Jan
02,06,08,09,21,26,31 - Jan
02,06,08,09,21,27,29 - Jan
02,06,08,09,21,27,31 - Jan
02,06,08,09,21,28,29 - Jan
02,06,08,09,21,28,31 - Jan
02,06,08,09,21,29,30 - Jan
02,06,08,09,21,29,31 - Jan
02,06,08,09,21,30,31 - Jan
02,06,08,09,22,25,29 - Jan
02,06,08,09,22,25,31 - Jan
02,06,08,09,22,27,29 - Jan
02,06,08,09,22,27,31 - Jan
02,06,08,09,22,29,31 - Jan
02,06,08,09,25,26,29 - Jan
02,06,08,09,25,26,31 - Jan
02,06,08,09,25,27,29 - Jan
02,06,08,09,25,27,31 - Jan
02,06,08,09,25,28,29 - Jan
02,06,08,09,25,28,31 - Jan
02,06,08,09,25,29,30 - Jan
02,06,08,09,25,29,31 - Jan
02,06,08,09,25,30,31 - Jan
02,06,08,09,26,27,29 - Jan
02,06,08,09,26,27,31 - Jan
02,06,08,09,26,29,31 - Jan
02,06,08,09,27,28,31 - Jan
02,06,08,09,27,29,30 - Jan
02,06,08,09,27,29,31 - Jan
02,06,08,09,27,30,31 - Jan
02,06,08,09,28,29,31 - Jan
02,06,09,10,13,29,31 - Jan
02,06,09,10,13,30,31 - Jan
02,06,09,10,14,29,31 - Jan
02,06,09,10,15,27,31 - Jan
02,06,09,10,15,28,31 - Jan
02,06,09,10,15,29,30 - Jan
02,06,09,10,15,29,31 - Jan
02,06,09,10,15,30,31 - Jan
02,06,09,10,16,27,31 - Jan
02,06,09,10,16,29,31 - Jan
02,06,09,10,17,25,31 - Jan
02,06,09,10,17,26,31 - Jan
02,06,09,10,17,27,29 - Jan
02,06,09,10,17,27,30 - Jan
02,06,09,10,17,27,31 - Jan
02,06,09,10,17,28,29 - Jan
02,06,09,10,17,28,31 - Jan
02,06,09,10,17,29,30 - Jan
02,06,09,10,17,29,31 - Jan
02,06,09,10,17,30,31 - Jan
02,06,09,10,18,25,31 - Jan
02,06,09,10,18,27,29 - Jan
02,06,09,10,18,27,31 - Jan
02,06,09,10,18,29,31 - Jan
02,06,09,10,19,25,29 - Jan
02,06,09,10,19,25,30 - Jan
02,06,09,10,19,25,31 - Jan
02,06,09,10,19,26,29 - Jan
02,06,09,10,19,26,31 - Jan
02,06,09,10,19,27,28 - Jan
02,06,09,10,19,27,29 - Jan
02,06,09,10,19,27,30 - Jan
02,06,09,10,19,27,31 - Jan
02,06,09,10,19,28,29 - Jan
02,06,09,10,19,28,31 - Jan
02,06,09,10,19,29,30 - Jan
02,06,09,10,19,29,31 - Jan
02,06,09,10,19,30,31 - Jan
02,06,09,10,20,25,29 - Jan
02,06,09,10,20,25,31 - Jan
02,06,09,10,20,27,29 - Jan
02,06,09,10,20,27,31 - Jan
02,06,09,10,20,29,31 - Jan
02,06,09,10,21,22,31 - Jan
02,06,09,10,21,25,29 - Jan
02,06,09,10,21,25,31 - Jan
02,06,09,10,21,26,29 - Jan
02,06,09,10,21,26,31 - Jan
02,06,09,10,21,27,29 - Jan
02,06,09,10,21,27,31 - Jan
02,06,09,10,21,28,29 - Jan
02,06,09,10,21,28,31 - Jan
02,06,09,10,21,29,30 - Jan
02,06,09,10,21,29,31 - Jan
02,06,09,10,21,30,31 - Jan
02,06,09,10,22,25,29 - Jan
02,06,09,10,22,25,31 - Jan
02,06,09,10,22,27,29 - Jan
02,06,09,10,22,27,31 - Jan
02,06,09,10,22,29,31 - Jan
02,06,09,10,25,26,29 - Jan
02,06,09,10,25,26,31 - Jan
02,06,09,10,25,27,29 - Jan
02,06,09,10,25,27,31 - Jan
02,06,09,10,25,28,29 - Jan
02,06,09,10,25,28,31 - Jan
02,06,09,10,25,29,30 - Jan
02,06,09,10,25,29,31 - Jan
02,06,09,10,25,30,31 - Jan
02,06,09,10,26,27,29 - Jan
02,06,09,10,26,27,31 - Jan
02,06,09,10,26,29,31 - Jan
02,06,09,10,27,28,31 - Jan
02,06,09,10,27,29,30 - Jan
02,06,09,10,27,29,31 - Jan
02,06,09,10,27,30,31 - Jan
02,06,09,10,28,29,31 - Jan
02,06,09,11,12,29,31 - Jan
02,06,09,11,12,30,31 - Jan
02,06,09,11,13,28,31 - Jan
02,06,09,11,13,29,30 - Jan
02,06,09,11,13,30,31 - Jan
02,06,09,11,14,27,31 - Jan
02,06,09,11,14,28,31 - Jan
02,06,09,11,14,29,30 - Jan
02,06,09,11,14,29,31 - Jan
02,06,09,11,14,30,31 - Jan
02,06,09,11,15,26,31 - Jan
02,06,09,11,15,27,30 - Jan
02,06,09,11,15,28,29 - Jan
02,06,09,11,15,28,30 - Jan
02,06,09,11,15,28,31 - Jan
02,06,09,11,15,29,30 - Jan
02,06,09,11,15,30,31 - Jan
02,06,09,11,16,25,31 - Jan
02,06,09,11,16,26,31 - Jan
02,06,09,11,16,27,29 - Jan
02,06,09,11,16,27,30 - Jan
02,06,09,11,16,27,31 - Jan
02,06,09,11,16,28,29 - Jan
02,06,09,11,16,28,31 - Jan
02,06,09,11,16,29,30 - Jan
02,06,09,11,16,29,31 - Jan
02,06,09,11,16,30,31 - Jan
02,06,09,11,17,25,30 - Jan
02,06,09,11,17,26,29 - Jan
02,06,09,11,17,26,30 - Jan
02,06,09,11,17,26,31 - Jan
02,06,09,11,17,27,28 - Jan
02,06,09,11,17,27,30 - Jan
02,06,09,11,17,28,29 - Jan
02,06,09,11,17,28,30 - Jan
02,06,09,11,17,28,31 - Jan
02,06,09,11,17,29,30 - Jan
02,06,09,11,17,30,31 - Jan
02,06,09,11,18,25,29 - Jan
02,06,09,11,18,25,30 - Jan
02,06,09,11,18,25,31 - Jan
02,06,09,11,18,26,29 - Jan
02,06,09,11,18,26,31 - Jan
02,06,09,11,18,27,28 - Jan
02,06,09,11,18,27,29 - Jan
02,06,09,11,18,27,30 - Jan
02,06,09,11,18,27,31 - Jan
02,06,09,11,18,28,29 - Jan
02,06,09,11,18,28,31 - Jan
02,06,09,11,18,29,30 - Jan
02,06,09,11,18,29,31 - Jan
02,06,09,11,18,30,31 - Jan
02,06,09,11,19,22,31 - Jan
02,06,09,11,19,25,28 - Jan
02,06,09,11,19,25,30 - Jan
02,06,09,11,19,26,27 - Jan
02,06,09,11,19,26,28 - Jan
02,06,09,11,19,26,29 - Jan
02,06,09,11,19,26,30 - Jan
02,06,09,11,19,26,31 - Jan
02,06,09,11,19,27,28 - Jan
02,06,09,11,19,27,30 - Jan
02,06,09,11,19,28,29 - Jan
02,06,09,11,19,28,30 - Jan
02,06,09,11,19,28,31 - Jan
02,06,09,11,19,29,30 - Jan
02,06,09,11,19,30,31 - Jan
02,06,09,11,20,21,31 - Jan
02,06,09,11,20,22,31 - Jan
02,06,09,11,20,25,27 - Jan
02,06,09,11,20,25,28 - Jan
02,06,09,11,20,25,29 - Jan
02,06,09,11,20,25,30 - Jan
02,06,09,11,20,25,31 - Jan
02,06,09,11,20,26,27 - Jan
02,06,09,11,20,26,29 - Jan
02,06,09,11,20,26,31 - Jan
02,06,09,11,20,27,28 - Jan
02,06,09,11,20,27,29 - Jan
02,06,09,11,20,27,30 - Jan
02,06,09,11,20,27,31 - Jan
02,06,09,11,20,28,29 - Jan
02,06,09,11,20,28,31 - Jan
02,06,09,11,20,29,30 - Jan
02,06,09,11,20,29,31 - Jan
02,06,09,11,20,30,31 - Jan
02,06,09,11,21,22,29 - Jan
02,06,09,11,21,22,30 - Jan
02,06,09,11,21,22,31 - Jan
02,06,09,11,21,25,26 - Jan
02,06,09,11,21,25,28 - Jan
02,06,09,11,21,25,30 - Jan
02,06,09,11,21,26,27 - Jan
02,06,09,11,21,26,28 - Jan
02,06,09,11,21,26,29 - Jan
02,06,09,11,21,26,30 - Jan
02,06,09,11,21,26,31 - Jan
02,06,09,11,21,27,28 - Jan
02,06,09,11,21,27,30 - Jan
02,06,09,11,21,28,29 - Jan
02,06,09,11,21,28,30 - Jan
02,06,09,11,21,28,31 - Jan
02,06,09,11,21,29,30 - Jan
02,06,09,11,21,30,31 - Jan
02,06,09,11,22,25,26 - Jan
02,06,09,11,22,25,27 - Jan
02,06,09,11,22,25,28 - Jan
02,06,09,11,22,25,29 - Jan
02,06,09,11,22,25,30 - Jan
02,06,09,11,22,25,31 - Jan
02,06,09,11,22,26,27 - Jan
02,06,09,11,22,26,29 - Jan
02,06,09,11,22,26,31 - Jan
02,06,09,11,22,27,28 - Jan
02,06,09,11,22,27,29 - Jan
02,06,09,11,22,27,30 - Jan
02,06,09,11,22,27,31 - Jan
02,06,09,11,22,28,29 - Jan
02,06,09,11,22,28,31 - Jan
02,06,09,11,22,29,30 - Jan
02,06,09,11,22,29,31 - Jan
02,06,09,11,22,30,31 - Jan
02,06,09,11,25,26,28 - Jan
02,06,09,11,25,26,29 - Jan
02,06,09,11,25,26,30 - Jan
02,06,09,11,25,26,31 - Jan
02,06,09,11,25,27,28 - Jan
02,06,09,11,25,27,30 - Jan
02,06,09,11,25,28,29 - Jan
02,06,09,11,25,28,30 - Jan
02,06,09,11,25,28,31 - Jan
02,06,09,11,25,29,30 - Jan
02,06,09,11,25,30,31 - Jan
02,06,09,11,26,27,29 - Jan
02,06,09,11,26,27,30 - Jan
02,06,09,11,26,27,31 - Jan
02,06,09,11,26,28,29 - Jan
02,06,09,11,26,28,31 - Jan
02,06,09,11,26,29,30 - Jan
02,06,09,11,26,29,31 - Jan
02,06,09,11,26,30,31 - Jan
02,06,09,11,27,28,30 - Jan
02,06,09,11,27,28,31 - Jan
02,06,09,11,27,29,30 - Jan
02,06,09,11,27,30,31 - Jan
02,06,09,11,28,29,31 - Jan
02,06,09,11,28,30,31 - Jan
02,06,09,12,13,27,31 - Jan
02,06,09,12,13,28,31 - Jan
02,06,09,12,13,29,30 - Jan
02,06,09,12,13,29,31 - Jan
02,06,09,12,13,30,31 - Jan
02,06,09,12,14,27,31 - Jan
02,06,09,12,14,29,31 - Jan
02,06,09,12,15,25,31 - Jan
02,06,09,12,15,26,31 - Jan
02,06,09,12,15,27,29 - Jan
02,06,09,12,15,27,31 - Jan
02,06,09,12,15,28,29 - Jan
02,06,09,12,15,28,31 - Jan
02,06,09,12,15,29,30 - Jan
02,06,09,12,15,29,31 - Jan
02,06,09,12,15,30,31 - Jan
02,06,09,12,16,25,31 - Jan
02,06,09,12,16,27,29 - Jan
02,06,09,12,16,27,31 - Jan
02,06,09,12,16,29,31 - Jan
02,06,09,12,17,25,29 - Jan
02,06,09,12,17,25,30 - Jan
02,06,09,12,17,25,31 - Jan
02,06,09,12,17,26,29 - Jan
02,06,09,12,17,26,31 - Jan
02,06,09,12,17,27,28 - Jan
02,06,09,12,17,27,29 - Jan
02,06,09,12,17,27,30 - Jan
02,06,09,12,17,27,31 - Jan
02,06,09,12,17,28,29 - Jan
02,06,09,12,17,28,31 - Jan
02,06,09,12,17,29,30 - Jan
02,06,09,12,17,29,31 - Jan
02,06,09,12,17,30,31 - Jan
02,06,09,12,18,25,29 - Jan
02,06,09,12,18,25,31 - Jan
02,06,09,12,18,27,29 - Jan
02,06,09,12,18,27,31 - Jan
02,06,09,12,18,29,31 - Jan
02,06,09,12,19,21,31 - Jan
02,06,09,12,19,22,31 - Jan
02,06,09,12,19,25,27 - Jan
02,06,09,12,19,25,28 - Jan
02,06,09,12,19,25,29 - Jan
02,06,09,12,19,25,30 - Jan
02,06,09,12,19,25,31 - Jan
02,06,09,12,19,26,27 - Jan
02,06,09,12,19,26,29 - Jan
02,06,09,12,19,26,31 - Jan
02,06,09,12,19,27,28 - Jan
02,06,09,12,19,27,29 - Jan
02,06,09,12,19,27,30 - Jan
02,06,09,12,19,27,31 - Jan
02,06,09,12,19,28,29 - Jan
02,06,09,12,19,28,31 - Jan
02,06,09,12,19,29,30 - Jan
02,06,09,12,19,29,31 - Jan
02,06,09,12,19,30,31 - Jan
02,06,09,12,20,21,31 - Jan
02,06,09,12,20,25,29 - Jan
02,06,09,12,20,25,31 - Jan
02,06,09,12,20,27,29 - Jan
02,06,09,12,20,27,31 - Jan
02,06,09,12,20,29,31 - Jan
02,06,09,12,21,22,29 - Jan
02,06,09,12,21,22,31 - Jan
02,06,09,12,21,25,29 - Jan
02,06,09,12,21,25,31 - Jan
02,06,09,12,21,26,29 - Jan
02,06,09,12,21,26,31 - Jan
02,06,09,12,21,27,29 - Jan
02,06,09,12,21,27,31 - Jan
02,06,09,12,21,28,29 - Jan
02,06,09,12,21,28,31 - Jan
02,06,09,12,21,29,30 - Jan
02,06,09,12,21,29,31 - Jan
02,06,09,12,21,30,31 - Jan
02,06,09,12,22,25,29 - Jan
02,06,09,12,22,25,31 - Jan
02,06,09,12,22,27,29 - Jan
02,06,09,12,22,27,31 - Jan
02,06,09,12,22,29,31 - Jan
02,06,09,12,25,26,29 - Jan
02,06,09,12,25,26,31 - Jan
02,06,09,12,25,27,29 - Jan
02,06,09,12,25,27,31 - Jan
02,06,09,12,25,28,29 - Jan
02,06,09,12,25,28,31 - Jan
02,06,09,12,25,29,30 - Jan
02,06,09,12,25,29,31 - Jan
02,06,09,12,25,30,31 - Jan
02,06,09,12,26,27,29 - Jan
02,06,09,12,26,27,31 - Jan
02,06,09,12,26,29,31 - Jan
02,06,09,12,27,28,31 - Jan
02,06,09,12,27,29,30 - Jan
02,06,09,12,27,29,31 - Jan
02,06,09,12,27,30,31 - Jan
02,06,09,12,28,29,31 - Jan
02,06,09,13,14,25,31 - Jan
02,06,09,13,14,26,31 - Jan
02,06,09,13,14,27,29 - Jan
02,06,09,13,14,27,30 - Jan
02,06,09,13,14,27,31 - Jan
02,06,09,13,14,28,29 - Jan
02,06,09,13,14,28,31 - Jan
02,06,09,13,14,29,30 - Jan
02,06,09,13,14,29,31 - Jan
02,06,09,13,14,30,31 - Jan
02,06,09,13,15,25,30 - Jan
02,06,09,13,15,26,29 - Jan
02,06,09,13,15,26,30 - Jan
02,06,09,13,15,26,31 - Jan
02,06,09,13,15,27,28 - Jan
02,06,09,13,15,27,30 - Jan
02,06,09,13,15,28,29 - Jan
02,06,09,13,15,28,30 - Jan
02,06,09,13,15,28,31 - Jan
02,06,09,13,15,29,30 - Jan
02,06,09,13,15,30,31 - Jan
02,06,09,13,16,25,29 - Jan
02,06,09,13,16,25,30 - Jan
02,06,09,13,16,25,31 - Jan
02,06,09,13,16,26,29 - Jan
02,06,09,13,16,26,31 - Jan
02,06,09,13,16,27,28 - Jan
02,06,09,13,16,27,29 - Jan
02,06,09,13,16,27,30 - Jan
02,06,09,13,16,27,31 - Jan
02,06,09,13,16,28,29 - Jan
02,06,09,13,16,28,31 - Jan
02,06,09,13,16,29,30 - Jan
02,06,09,13,16,29,31 - Jan
02,06,09,13,16,30,31 - Jan
02,06,09,13,17,22,31 - Jan
02,06,09,13,17,25,28 - Jan
02,06,09,13,17,25,30 - Jan
02,06,09,13,17,26,27 - Jan
02,06,09,13,17,26,28 - Jan
02,06,09,13,17,26,29 - Jan
02,06,09,13,17,26,30 - Jan
02,06,09,13,17,26,31 - Jan
02,06,09,13,17,27,28 - Jan
02,06,09,13,17,27,30 - Jan
02,06,09,13,17,28,29 - Jan
02,06,09,13,17,28,30 - Jan
02,06,09,13,17,28,31 - Jan
02,06,09,13,17,29,30 - Jan
02,06,09,13,17,30,31 - Jan
02,06,09,13,18,21,31 - Jan
02,06,09,13,18,22,31 - Jan
02,06,09,13,18,25,27 - Jan
02,06,09,13,18,25,28 - Jan
02,06,09,13,18,25,29 - Jan
02,06,09,13,18,25,30 - Jan
02,06,09,13,18,25,31 - Jan
02,06,09,13,18,26,27 - Jan
02,06,09,13,18,26,29 - Jan
02,06,09,13,18,26,31 - Jan
02,06,09,13,18,27,28 - Jan
02,06,09,13,18,27,29 - Jan
02,06,09,13,18,27,30 - Jan
02,06,09,13,18,27,31 - Jan
02,06,09,13,18,28,29 - Jan
02,06,09,13,18,28,31 - Jan
02,06,09,13,18,29,30 - Jan
02,06,09,13,18,29,31 - Jan
02,06,09,13,18,30,31 - Jan
02,06,09,13,19,20,31 - Jan
02,06,09,13,19,21,30 - Jan
02,06,09,13,19,22,29 - Jan
02,06,09,13,19,22,30 - Jan
02,06,09,13,19,22,31 - Jan
02,06,09,13,19,25,26 - Jan
02,06,09,13,19,25,28 - Jan
02,06,09,13,19,25,30 - Jan
02,06,09,13,19,26,27 - Jan
02,06,09,13,19,26,28 - Jan
02,06,09,13,19,26,29 - Jan
02,06,09,13,19,26,30 - Jan
02,06,09,13,19,26,31 - Jan
02,06,09,13,19,27,28 - Jan
02,06,09,13,19,27,30 - Jan
02,06,09,13,19,28,29 - Jan
02,06,09,13,19,28,30 - Jan
02,06,09,13,19,28,31 - Jan
02,06,09,13,19,29,30 - Jan
02,06,09,13,19,30,31 - Jan
02,06,09,13,20,21,29 - Jan
02,06,09,13,20,21,30 - Jan
02,06,09,13,20,21,31 - Jan
02,06,09,13,20,22,29 - Jan
02,06,09,13,20,22,31 - Jan
02,06,09,13,20,25,26 - Jan
02,06,09,13,20,25,27 - Jan
02,06,09,13,20,25,28 - Jan
02,06,09,13,20,25,29 - Jan
02,06,09,13,20,25,30 - Jan
02,06,09,13,20,25,31 - Jan
02,06,09,13,20,26,27 - Jan
02,06,09,13,20,26,29 - Jan
02,06,09,13,20,26,31 - Jan
02,06,09,13,20,27,28 - Jan
02,06,09,13,20,27,29 - Jan
02,06,09,13,20,27,30 - Jan
02,06,09,13,20,27,31 - Jan
02,06,09,13,20,28,29 - Jan
02,06,09,13,20,28,31 - Jan
02,06,09,13,20,29,30 - Jan
02,06,09,13,20,29,31 - Jan
02,06,09,13,20,30,31 - Jan
02,06,09,13,21,22,27 - Jan
02,06,09,13,21,22,28 - Jan
02,06,09,13,21,22,29 - Jan
02,06,09,13,21,22,30 - Jan
02,06,09,13,21,22,31 - Jan
02,06,09,13,21,25,26 - Jan
02,06,09,13,21,25,28 - Jan
02,06,09,13,21,25,30 - Jan
02,06,09,13,21,26,27 - Jan
02,06,09,13,21,26,28 - Jan
02,06,09,13,21,26,29 - Jan
02,06,09,13,21,26,30 - Jan
02,06,09,13,21,26,31 - Jan
02,06,09,13,21,27,28 - Jan
02,06,09,13,21,27,30 - Jan
02,06,09,13,21,28,29 - Jan
02,06,09,13,21,28,30 - Jan
02,06,09,13,21,28,31 - Jan
02,06,09,13,21,29,30 - Jan
02,06,09,13,21,30,31 - Jan
02,06,09,13,22,25,26 - Jan
02,06,09,13,22,25,27 - Jan
02,06,09,13,22,25,28 - Jan
02,06,09,13,22,25,29 - Jan
02,06,09,13,22,25,30 - Jan
02,06,09,13,22,25,31 - Jan
02,06,09,13,22,26,27 - Jan
02,06,09,13,22,26,29 - Jan
02,06,09,13,22,26,31 - Jan
02,06,09,13,22,27,28 - Jan
02,06,09,13,22,27,29 - Jan
02,06,09,13,22,27,30 - Jan
02,06,09,13,22,27,31 - Jan
02,06,09,13,22,28,29 - Jan
02,06,09,13,22,28,31 - Jan
02,06,09,13,22,29,30 - Jan
02,06,09,13,22,29,31 - Jan
02,06,09,13,22,30,31 - Jan
02,06,09,13,25,26,28 - Jan
02,06,09,13,25,26,29 - Jan
02,06,09,13,25,26,30 - Jan
02,06,09,13,25,26,31 - Jan
02,06,09,13,25,27,28 - Jan
02,06,09,13,25,27,30 - Jan
02,06,09,13,25,28,29 - Jan
02,06,09,13,25,28,30 - Jan
02,06,09,13,25,28,31 - Jan
02,06,09,13,25,29,30 - Jan
02,06,09,13,25,30,31 - Jan
02,06,09,13,26,27,29 - Jan
02,06,09,13,26,27,30 - Jan
02,06,09,13,26,27,31 - Jan
02,06,09,13,26,28,29 - Jan
02,06,09,13,26,28,31 - Jan
02,06,09,13,26,29,30 - Jan
02,06,09,13,26,29,31 - Jan
02,06,09,13,26,30,31 - Jan
02,06,09,13,27,28,30 - Jan
02,06,09,13,27,28,31 - Jan
02,06,09,13,27,29,30 - Jan
02,06,09,13,27,30,31 - Jan
02,06,09,13,28,29,31 - Jan
02,06,09,13,28,30,31 - Jan
02,06,09,14,15,25,29 - Jan
02,06,09,14,15,25,31 - Jan
02,06,09,14,15,26,29 - Jan
02,06,09,14,15,26,31 - Jan
02,06,09,14,15,27,29 - Jan
02,06,09,14,15,27,31 - Jan
02,06,09,14,15,28,29 - Jan
02,06,09,14,15,28,31 - Jan
02,06,09,14,15,29,30 - Jan
02,06,09,14,15,29,31 - Jan
02,06,09,14,15,30,31 - Jan
02,06,09,14,16,25,29 - Jan
02,06,09,14,16,25,31 - Jan
02,06,09,14,16,27,29 - Jan
02,06,09,14,16,27,31 - Jan
02,06,09,14,16,29,31 - Jan
02,06,09,14,17,21,31 - Jan
02,06,09,14,17,22,31 - Jan
02,06,09,14,17,25,27 - Jan
02,06,09,14,17,25,28 - Jan
02,06,09,14,17,25,29 - Jan
02,06,09,14,17,25,30 - Jan
02,06,09,14,17,25,31 - Jan
02,06,09,14,17,26,27 - Jan
02,06,09,14,17,26,29 - Jan
02,06,09,14,17,26,31 - Jan
02,06,09,14,17,27,28 - Jan
02,06,09,14,17,27,29 - Jan
02,06,09,14,17,27,30 - Jan
02,06,09,14,17,27,31 - Jan
02,06,09,14,17,28,29 - Jan
02,06,09,14,17,28,31 - Jan
02,06,09,14,17,29,30 - Jan
02,06,09,14,17,29,31 - Jan
02,06,09,14,17,30,31 - Jan
02,06,09,14,18,21,31 - Jan
02,06,09,14,18,25,29 - Jan
02,06,09,14,18,25,31 - Jan
02,06,09,14,18,27,29 - Jan
02,06,09,14,18,27,31 - Jan
02,06,09,14,18,29,31 - Jan
02,06,09,14,19,20,31 - Jan
02,06,09,14,19,21,29 - Jan
02,06,09,14,19,21,30 - Jan
02,06,09,14,19,21,31 - Jan
02,06,09,14,19,22,29 - Jan
02,06,09,14,19,22,31 - Jan
02,06,09,14,19,25,26 - Jan
02,06,09,14,19,25,27 - Jan
02,06,09,14,19,25,28 - Jan
02,06,09,14,19,25,29 - Jan
02,06,09,14,19,25,30 - Jan
02,06,09,14,19,25,31 - Jan
02,06,09,14,19,26,27 - Jan
02,06,09,14,19,26,29 - Jan
02,06,09,14,19,26,31 - Jan
02,06,09,14,19,27,28 - Jan
02,06,09,14,19,27,29 - Jan
02,06,09,14,19,27,30 - Jan
02,06,09,14,19,27,31 - Jan
02,06,09,14,19,28,29 - Jan
02,06,09,14,19,28,31 - Jan
02,06,09,14,19,29,30 - Jan
02,06,09,14,19,29,31 - Jan
02,06,09,14,19,30,31 - Jan
02,06,09,14,20,21,29 - Jan
02,06,09,14,20,21,31 - Jan
02,06,09,14,20,25,29 - Jan
02,06,09,14,20,25,31 - Jan
02,06,09,14,20,27,29 - Jan
02,06,09,14,20,27,31 - Jan
02,06,09,14,20,29,31 - Jan
02,06,09,14,21,22,29 - Jan
02,06,09,14,21,22,31 - Jan
02,06,09,14,21,25,29 - Jan
02,06,09,14,21,25,31 - Jan
02,06,09,14,21,26,29 - Jan
02,06,09,14,21,26,31 - Jan
02,06,09,14,21,27,29 - Jan
02,06,09,14,21,27,31 - Jan
02,06,09,14,21,28,29 - Jan
02,06,09,14,21,28,31 - Jan
02,06,09,14,21,29,30 - Jan
02,06,09,14,21,29,31 - Jan
02,06,09,14,21,30,31 - Jan
02,06,09,14,22,25,29 - Jan
02,06,09,14,22,25,31 - Jan
02,06,09,14,22,27,29 - Jan
02,06,09,14,22,27,31 - Jan
02,06,09,14,22,29,31 - Jan
02,06,09,14,25,26,29 - Jan
02,06,09,14,25,26,31 - Jan
02,06,09,14,25,27,29 - Jan
02,06,09,14,25,27,31 - Jan
02,06,09,14,25,28,29 - Jan
02,06,09,14,25,28,31 - Jan
02,06,09,14,25,29,30 - Jan
02,06,09,14,25,29,31 - Jan
02,06,09,14,25,30,31 - Jan
02,06,09,14,26,27,29 - Jan
02,06,09,14,26,27,31 - Jan
02,06,09,14,26,29,31 - Jan
02,06,09,14,27,28,31 - Jan
02,06,09,14,27,29,30 - Jan
02,06,09,14,27,29,31 - Jan
02,06,09,14,27,30,31 - Jan
02,06,09,14,28,29,31 - Jan
02,06,09,15,16,21,31 - Jan
02,06,09,15,16,22,31 - Jan
02,06,09,15,16,25,29 - Jan
02,06,09,15,16,25,31 - Jan
02,06,09,15,16,26,29 - Jan
02,06,09,15,16,26,31 - Jan
02,06,09,15,16,27,29 - Jan
02,06,09,15,16,27,31 - Jan
02,06,09,15,16,28,29 - Jan
02,06,09,15,16,28,31 - Jan
02,06,09,15,16,29,30 - Jan
02,06,09,15,16,29,31 - Jan
02,06,09,15,16,30,31 - Jan
02,06,09,15,17,20,31 - Jan
02,06,09,15,17,21,30 - Jan
02,06,09,15,17,22,29 - Jan
02,06,09,15,17,22,30 - Jan
02,06,09,15,17,22,31 - Jan
02,06,09,15,17,25,26 - Jan
02,06,09,15,17,25,28 - Jan
02,06,09,15,17,25,30 - Jan
02,06,09,15,17,26,27 - Jan
02,06,09,15,17,26,28 - Jan
02,06,09,15,17,26,29 - Jan
02,06,09,15,17,26,30 - Jan
02,06,09,15,17,26,31 - Jan
02,06,09,15,17,27,28 - Jan
02,06,09,15,17,27,30 - Jan
02,06,09,15,17,28,29 - Jan
02,06,09,15,17,28,30 - Jan
02,06,09,15,17,28,31 - Jan
02,06,09,15,17,29,30 - Jan
02,06,09,15,17,30,31 - Jan
02,06,09,15,18,19,31 - Jan
02,06,09,15,18,20,31 - Jan
02,06,09,15,18,21,29 - Jan
02,06,09,15,18,21,31 - Jan
02,06,09,15,18,22,29 - Jan
02,06,09,15,18,22,31 - Jan
02,06,09,15,18,25,29 - Jan
02,06,09,15,18,25,31 - Jan
02,06,09,15,18,26,29 - Jan
02,06,09,15,18,26,31 - Jan
02,06,09,15,18,27,29 - Jan
02,06,09,15,18,27,31 - Jan
02,06,09,15,18,28,29 - Jan
02,06,09,15,18,28,31 - Jan
02,06,09,15,18,29,30 - Jan
02,06,09,15,18,29,31 - Jan
02,06,09,15,18,30,31 - Jan
02,06,09,15,19,20,29 - Jan
02,06,09,15,19,20,30 - Jan
02,06,09,15,19,20,31 - Jan
02,06,09,15,19,21,28 - Jan
02,06,09,15,19,21,30 - Jan
02,06,09,15,19,22,27 - Jan
02,06,09,15,19,22,28 - Jan
02,06,09,15,19,22,29 - Jan
02,06,09,15,19,22,30 - Jan
02,06,09,15,19,22,31 - Jan
02,06,09,15,19,25,26 - Jan
02,06,09,15,19,25,28 - Jan
02,06,09,15,19,25,30 - Jan
02,06,09,15,19,26,27 - Jan
02,06,09,15,19,26,28 - Jan
02,06,09,15,19,26,29 - Jan
02,06,09,15,19,26,30 - Jan
02,06,09,15,19,26,31 - Jan
02,06,09,15,19,27,28 - Jan
02,06,09,15,19,27,30 - Jan
02,06,09,15,19,28,29 - Jan
02,06,09,15,19,28,30 - Jan
02,06,09,15,19,28,31 - Jan
02,06,09,15,19,29,30 - Jan
02,06,09,15,19,30,31 - Jan
02,06,09,15,20,21,29 - Jan
02,06,09,15,20,21,31 - Jan
02,06,09,15,20,22,29 - Jan
02,06,09,15,20,22,31 - Jan
02,06,09,15,20,25,29 - Jan
02,06,09,15,20,25,31 - Jan
02,06,09,15,20,26,29 - Jan
02,06,09,15,20,26,31 - Jan
02,06,09,15,20,27,29 - Jan
02,06,09,15,20,27,31 - Jan
02,06,09,15,20,28,29 - Jan
02,06,09,15,20,28,31 - Jan
02,06,09,15,20,29,30 - Jan
02,06,09,15,20,29,31 - Jan
02,06,09,15,20,30,31 - Jan
02,06,09,15,21,22,29 - Jan
02,06,09,15,21,22,31 - Jan
02,06,09,15,21,26,29 - Jan
02,06,09,15,21,26,31 - Jan
02,06,09,15,21,28,29 - Jan
02,06,09,15,21,28,31 - Jan
02,06,09,15,21,29,30 - Jan
02,06,09,15,21,30,31 - Jan
02,06,09,15,22,25,29 - Jan
02,06,09,15,22,25,31 - Jan
02,06,09,15,22,26,29 - Jan
02,06,09,15,22,26,31 - Jan
02,06,09,15,22,27,29 - Jan
02,06,09,15,22,27,31 - Jan
02,06,09,15,22,28,29 - Jan
02,06,09,15,22,28,31 - Jan
02,06,09,15,22,29,30 - Jan
02,06,09,15,22,29,31 - Jan
02,06,09,15,22,30,31 - Jan
02,06,09,15,25,26,29 - Jan
02,06,09,15,25,26,31 - Jan
02,06,09,15,25,28,29 - Jan
02,06,09,15,25,28,31 - Jan
02,06,09,15,25,29,30 - Jan
02,06,09,15,25,30,31 - Jan
02,06,09,15,26,27,29 - Jan
02,06,09,15,26,27,31 - Jan
02,06,09,15,26,28,29 - Jan
02,06,09,15,26,28,31 - Jan
02,06,09,15,26,29,30 - Jan
02,06,09,15,26,29,31 - Jan
02,06,09,15,26,30,31 - Jan
02,06,09,15,27,28,31 - Jan
02,06,09,15,27,29,30 - Jan
02,06,09,15,27,30,31 - Jan
02,06,09,15,28,29,31 - Jan
02,06,09,15,28,30,31 - Jan
02,06,09,16,17,19,31 - Jan
02,06,09,16,17,20,31 - Jan
02,06,09,16,17,21,29 - Jan
02,06,09,16,17,21,30 - Jan
02,06,09,16,17,21,31 - Jan
02,06,09,16,17,22,29 - Jan
02,06,09,16,17,22,31 - Jan
02,06,09,16,17,25,26 - Jan
02,06,09,16,17,25,27 - Jan
02,06,09,16,17,25,28 - Jan
02,06,09,16,17,25,29 - Jan
02,06,09,16,17,25,30 - Jan
02,06,09,16,17,25,31 - Jan
02,06,09,16,17,26,27 - Jan
02,06,09,16,17,26,29 - Jan
02,06,09,16,17,26,31 - Jan
02,06,09,16,17,27,28 - Jan
02,06,09,16,17,27,29 - Jan
02,06,09,16,17,27,30 - Jan
02,06,09,16,17,27,31 - Jan
02,06,09,16,17,28,29 - Jan
02,06,09,16,17,28,31 - Jan
02,06,09,16,17,29,30 - Jan
02,06,09,16,17,29,31 - Jan
02,06,09,16,17,30,31 - Jan
02,06,09,16,18,19,31 - Jan
02,06,09,16,18,21,29 - Jan
02,06,09,16,18,21,31 - Jan
02,06,09,16,18,25,29 - Jan
02,06,09,16,18,25,31 - Jan
02,06,09,16,18,27,29 - Jan
02,06,09,16,18,27,31 - Jan
02,06,09,16,18,29,31 - Jan
02,06,09,16,19,20,29 - Jan
02,06,09,16,19,20,31 - Jan
02,06,09,16,19,21,27 - Jan
02,06,09,16,19,21,28 - Jan
02,06,09,16,19,21,29 - Jan
02,06,09,16,19,21,30 - Jan
02,06,09,16,19,21,31 - Jan
02,06,09,16,19,22,27 - Jan
02,06,09,16,19,22,29 - Jan
02,06,09,16,19,22,31 - Jan
02,06,09,16,19,25,26 - Jan
02,06,09,16,19,25,27 - Jan
02,06,09,16,19,25,28 - Jan
02,06,09,16,19,25,29 - Jan
02,06,09,16,19,25,30 - Jan
02,06,09,16,19,25,31 - Jan
02,06,09,16,19,26,27 - Jan
02,06,09,16,19,26,29 - Jan
02,06,09,16,19,26,31 - Jan
02,06,09,16,19,27,28 - Jan
02,06,09,16,19,27,29 - Jan
02,06,09,16,19,27,30 - Jan
02,06,09,16,19,27,31 - Jan
02,06,09,16,19,28,29 - Jan
02,06,09,16,19,28,31 - Jan
02,06,09,16,19,29,30 - Jan
02,06,09,16,19,29,31 - Jan
02,06,09,16,19,30,31 - Jan
02,06,09,16,20,21,29 - Jan
02,06,09,16,20,21,31 - Jan
02,06,09,16,20,25,29 - Jan
02,06,09,16,20,25,31 - Jan
02,06,09,16,20,27,29 - Jan
02,06,09,16,20,27,31 - Jan
02,06,09,16,20,29,31 - Jan
02,06,09,16,21,22,29 - Jan
02,06,09,16,21,22,31 - Jan
02,06,09,16,21,25,29 - Jan
02,06,09,16,21,25,31 - Jan
02,06,09,16,21,26,29 - Jan
02,06,09,16,21,26,31 - Jan
02,06,09,16,21,27,29 - Jan
02,06,09,16,21,27,31 - Jan
02,06,09,16,21,28,29 - Jan
02,06,09,16,21,28,31 - Jan
02,06,09,16,21,29,30 - Jan
02,06,09,16,21,29,31 - Jan
02,06,09,16,21,30,31 - Jan
02,06,09,16,22,25,29 - Jan
02,06,09,16,22,25,31 - Jan
02,06,09,16,22,27,29 - Jan
02,06,09,16,22,27,31 - Jan
02,06,09,16,22,29,31 - Jan
02,06,09,16,25,26,29 - Jan
02,06,09,16,25,26,31 - Jan
02,06,09,16,25,27,29 - Jan
02,06,09,16,25,27,31 - Jan
02,06,09,16,25,28,29 - Jan
02,06,09,16,25,28,31 - Jan
02,06,09,16,25,29,30 - Jan
02,06,09,16,25,29,31 - Jan
02,06,09,16,25,30,31 - Jan
02,06,09,16,26,27,29 - Jan
02,06,09,16,26,27,31 - Jan
02,06,09,16,26,29,31 - Jan
02,06,09,16,27,28,31 - Jan
02,06,09,16,27,29,30 - Jan
02,06,09,16,27,29,31 - Jan
02,06,09,16,27,30,31 - Jan
02,06,09,16,28,29,31 - Jan
02,06,09,17,18,20,29 - Jan
02,06,09,17,18,20,31 - Jan
02,06,09,17,18,21,27 - Jan
02,06,09,17,18,21,28 - Jan
02,06,09,17,18,21,29 - Jan
02,06,09,17,18,21,30 - Jan
02,06,09,17,18,21,31 - Jan
02,06,09,17,18,22,27 - Jan
02,06,09,17,18,22,29 - Jan
02,06,09,17,18,22,31 - Jan
02,06,09,17,18,25,26 - Jan
02,06,09,17,18,25,27 - Jan
02,06,09,17,18,25,28 - Jan
02,06,09,17,18,25,29 - Jan
02,06,09,17,18,25,30 - Jan
02,06,09,17,18,25,31 - Jan
02,06,09,17,18,26,27 - Jan
02,06,09,17,18,26,29 - Jan
02,06,09,17,18,26,31 - Jan
02,06,09,17,18,27,28 - Jan
02,06,09,17,18,27,29 - Jan
02,06,09,17,18,27,30 - Jan
02,06,09,17,18,27,31 - Jan
02,06,09,17,18,28,29 - Jan
02,06,09,17,18,28,31 - Jan
02,06,09,17,18,29,30 - Jan
02,06,09,17,18,29,31 - Jan
02,06,09,17,18,30,31 - Jan
02,06,09,17,19,20,27 - Jan
02,06,09,17,19,20,28 - Jan
02,06,09,17,19,20,29 - Jan
02,06,09,17,19,20,30 - Jan
02,06,09,17,19,20,31 - Jan
02,06,09,17,19,21,26 - Jan
02,06,09,17,19,21,28 - Jan
02,06,09,17,19,21,30 - Jan
02,06,09,17,19,22,25 - Jan
02,06,09,17,19,22,26 - Jan
02,06,09,17,19,22,27 - Jan
02,06,09,17,19,22,28 - Jan
02,06,09,17,19,22,29 - Jan
02,06,09,17,19,22,30 - Jan
02,06,09,17,19,22,31 - Jan
02,06,09,17,19,25,26 - Jan
02,06,09,17,19,25,28 - Jan
02,06,09,17,19,25,30 - Jan
02,06,09,17,19,26,27 - Jan
02,06,09,17,19,26,28 - Jan
02,06,09,17,19,26,29 - Jan
02,06,09,17,19,26,30 - Jan
02,06,09,17,19,26,31 - Jan
02,06,09,17,19,27,28 - Jan
02,06,09,17,19,27,30 - Jan
02,06,09,17,19,28,29 - Jan
02,06,09,17,19,28,30 - Jan
02,06,09,17,19,28,31 - Jan
02,06,09,17,19,29,30 - Jan
02,06,09,17,19,30,31 - Jan
02,06,09,17,20,21,25 - Jan
02,06,09,17,20,21,26 - Jan
02,06,09,17,20,21,27 - Jan
02,06,09,17,20,21,28 - Jan
02,06,09,17,20,21,29 - Jan
02,06,09,17,20,21,30 - Jan
02,06,09,17,20,21,31 - Jan
02,06,09,17,20,22,25 - Jan
02,06,09,17,20,22,27 - Jan
02,06,09,17,20,22,29 - Jan
02,06,09,17,20,22,31 - Jan
02,06,09,17,20,25,26 - Jan
02,06,09,17,20,25,27 - Jan
02,06,09,17,20,25,28 - Jan
02,06,09,17,20,25,29 - Jan
02,06,09,17,20,25,30 - Jan
02,06,09,17,20,25,31 - Jan
02,06,09,17,20,26,27 - Jan
02,06,09,17,20,26,29 - Jan
02,06,09,17,20,26,31 - Jan
02,06,09,17,20,27,28 - Jan
02,06,09,17,20,27,29 - Jan
02,06,09,17,20,27,30 - Jan
02,06,09,17,20,27,31 - Jan
02,06,09,17,20,28,29 - Jan
02,06,09,17,20,28,31 - Jan
02,06,09,17,20,29,30 - Jan
02,06,09,17,20,29,31 - Jan
02,06,09,17,20,30,31 - Jan
02,06,09,17,21,22,25 - Jan
02,06,09,17,21,22,26 - Jan
02,06,09,17,21,22,27 - Jan
02,06,09,17,21,22,28 - Jan
02,06,09,17,21,22,29 - Jan
02,06,09,17,21,22,30 - Jan
02,06,09,17,21,22,31 - Jan
02,06,09,17,21,25,26 - Jan
02,06,09,17,21,25,28 - Jan
02,06,09,17,21,25,30 - Jan
02,06,09,17,21,26,27 - Jan
02,06,09,17,21,26,28 - Jan
02,06,09,17,21,26,29 - Jan
02,06,09,17,21,26,30 - Jan
02,06,09,17,21,26,31 - Jan
02,06,09,17,21,27,28 - Jan
02,06,09,17,21,27,30 - Jan
02,06,09,17,21,28,29 - Jan
02,06,09,17,21,28,30 - Jan
02,06,09,17,21,28,31 - Jan
02,06,09,17,21,29,30 - Jan
02,06,09,17,21,30,31 - Jan
02,06,09,17,22,25,26 - Jan
02,06,09,17,22,25,27 - Jan
02,06,09,17,22,25,28 - Jan
02,06,09,17,22,25,29 - Jan
02,06,09,17,22,25,30 - Jan
02,06,09,17,22,25,31 - Jan
02,06,09,17,22,26,27 - Jan
02,06,09,17,22,26,29 - Jan
02,06,09,17,22,26,31 - Jan
02,06,09,17,22,27,28 - Jan
02,06,09,17,22,27,29 - Jan
02,06,09,17,22,27,30 - Jan
02,06,09,17,22,27,31 - Jan
02,06,09,17,22,28,29 - Jan
02,06,09,17,22,28,31 - Jan
02,06,09,17,22,29,30 - Jan
02,06,09,17,22,29,31 - Jan
02,06,09,17,22,30,31 - Jan
02,06,09,17,25,26,28 - Jan
02,06,09,17,25,26,29 - Jan
02,06,09,17,25,26,30 - Jan
02,06,09,17,25,26,31 - Jan
02,06,09,17,25,27,28 - Jan
02,06,09,17,25,27,30 - Jan
02,06,09,17,25,28,29 - Jan
02,06,09,17,25,28,30 - Jan
02,06,09,17,25,28,31 - Jan
02,06,09,17,25,29,30 - Jan
02,06,09,17,25,30,31 - Jan
02,06,09,17,26,27,29 - Jan
02,06,09,17,26,27,30 - Jan
02,06,09,17,26,27,31 - Jan
02,06,09,17,26,28,29 - Jan
02,06,09,17,26,28,31 - Jan
02,06,09,17,26,29,30 - Jan
02,06,09,17,26,29,31 - Jan
02,06,09,17,26,30,31 - Jan
02,06,09,17,27,28,30 - Jan
02,06,09,17,27,28,31 - Jan
02,06,09,17,27,29,30 - Jan
02,06,09,17,27,30,31 - Jan
02,06,09,17,28,29,31 - Jan
02,06,09,17,28,30,31 - Jan
02,06,09,18,19,21,25 - Jan
02,06,09,18,19,21,26 - Jan
02,06,09,18,19,21,27 - Jan
02,06,09,18,19,21,28 - Jan
02,06,09,18,19,21,29 - Jan
02,06,09,18,19,21,30 - Jan
02,06,09,18,19,21,31 - Jan
02,06,09,18,19,22,25 - Jan
02,06,09,18,19,22,27 - Jan
02,06,09,18,19,22,29 - Jan
02,06,09,18,19,22,31 - Jan
02,06,09,18,19,25,26 - Jan
02,06,09,18,19,25,27 - Jan
02,06,09,18,19,25,28 - Jan
02,06,09,18,19,25,29 - Jan
02,06,09,18,19,25,30 - Jan
02,06,09,18,19,25,31 - Jan
02,06,09,18,19,26,27 - Jan
02,06,09,18,19,26,29 - Jan
02,06,09,18,19,26,31 - Jan
02,06,09,18,19,27,28 - Jan
02,06,09,18,19,27,29 - Jan
02,06,09,18,19,27,30 - Jan
02,06,09,18,19,27,31 - Jan
02,06,09,18,19,28,29 - Jan
02,06,09,18,19,28,31 - Jan
02,06,09,18,19,29,30 - Jan
02,06,09,18,19,29,31 - Jan
02,06,09,18,19,30,31 - Jan
02,06,09,18,20,21,29 - Jan
02,06,09,18,20,21,31 - Jan
02,06,09,18,20,25,29 - Jan
02,06,09,18,20,25,31 - Jan
02,06,09,18,20,27,29 - Jan
02,06,09,18,20,27,31 - Jan
02,06,09,18,20,29,31 - Jan
02,06,09,18,21,22,29 - Jan
02,06,09,18,21,22,31 - Jan
02,06,09,18,21,25,29 - Jan
02,06,09,18,21,25,31 - Jan
02,06,09,18,21,26,29 - Jan
02,06,09,18,21,26,31 - Jan
02,06,09,18,21,27,29 - Jan
02,06,09,18,21,27,31 - Jan
02,06,09,18,21,28,29 - Jan
02,06,09,18,21,28,31 - Jan
02,06,09,18,21,29,30 - Jan
02,06,09,18,21,29,31 - Jan
02,06,09,18,21,30,31 - Jan
02,06,09,18,22,25,29 - Jan
02,06,09,18,22,25,31 - Jan
02,06,09,18,22,27,29 - Jan
02,06,09,18,22,27,31 - Jan
02,06,09,18,22,29,31 - Jan
02,06,09,18,25,26,29 - Jan
02,06,09,18,25,26,31 - Jan
02,06,09,18,25,27,29 - Jan
02,06,09,18,25,27,31 - Jan
02,06,09,18,25,28,29 - Jan
02,06,09,18,25,28,31 - Jan
02,06,09,18,25,29,30 - Jan
02,06,09,18,25,29,31 - Jan
02,06,09,18,25,30,31 - Jan
02,06,09,18,26,27,29 - Jan
02,06,09,18,26,27,31 - Jan
02,06,09,18,26,29,31 - Jan
02,06,09,18,27,28,31 - Jan
02,06,09,18,27,29,30 - Jan
02,06,09,18,27,29,31 - Jan
02,06,09,18,27,30,31 - Jan
02,06,09,18,28,29,31 - Jan
02,06,09,19,20,22,25 - Jan
02,06,09,19,20,22,27 - Jan
02,06,09,19,20,22,29 - Jan
02,06,09,19,20,22,31 - Jan
02,06,09,19,20,25,26 - Jan
02,06,09,19,20,25,27 - Jan
02,06,09,19,20,25,28 - Jan
02,06,09,19,20,25,29 - Jan
02,06,09,19,20,25,30 - Jan
02,06,09,19,20,25,31 - Jan
02,06,09,19,20,26,27 - Jan
02,06,09,19,20,26,29 - Jan
02,06,09,19,20,26,31 - Jan
02,06,09,19,20,27,28 - Jan
02,06,09,19,20,27,29 - Jan
02,06,09,19,20,27,30 - Jan
02,06,09,19,20,27,31 - Jan
02,06,09,19,20,28,29 - Jan
02,06,09,19,20,28,31 - Jan
02,06,09,19,20,29,30 - Jan
02,06,09,19,20,29,31 - Jan
02,06,09,19,20,30,31 - Jan
02,06,09,19,21,22,25 - Jan
02,06,09,19,21,22,26 - Jan
02,06,09,19,21,22,27 - Jan
02,06,09,19,21,22,28 - Jan
02,06,09,19,21,22,29 - Jan
02,06,09,19,21,22,30 - Jan
02,06,09,19,21,22,31 - Jan
02,06,09,19,21,25,26 - Jan
02,06,09,19,21,25,28 - Jan
02,06,09,19,21,25,30 - Jan
02,06,09,19,21,26,27 - Jan
02,06,09,19,21,26,28 - Jan
02,06,09,19,21,26,29 - Jan
02,06,09,19,21,26,30 - Jan
02,06,09,19,21,26,31 - Jan
02,06,09,19,21,27,28 - Jan
02,06,09,19,21,27,30 - Jan
02,06,09,19,21,28,29 - Jan
02,06,09,19,21,28,30 - Jan
02,06,09,19,21,28,31 - Jan
02,06,09,19,21,29,30 - Jan
02,06,09,19,21,30,31 - Jan
02,06,09,19,22,25,26 - Jan
02,06,09,19,22,25,27 - Jan
02,06,09,19,22,25,28 - Jan
02,06,09,19,22,25,29 - Jan
02,06,09,19,22,25,30 - Jan
02,06,09,19,22,25,31 - Jan
02,06,09,19,22,26,27 - Jan
02,06,09,19,22,26,29 - Jan
02,06,09,19,22,26,31 - Jan
02,06,09,19,22,27,28 - Jan
02,06,09,19,22,27,29 - Jan
02,06,09,19,22,27,30 - Jan
02,06,09,19,22,27,31 - Jan
02,06,09,19,22,28,29 - Jan
02,06,09,19,22,28,31 - Jan
02,06,09,19,22,29,30 - Jan
02,06,09,19,22,29,31 - Jan
02,06,09,19,22,30,31 - Jan
02,06,09,19,25,26,28 - Jan
02,06,09,19,25,26,29 - Jan
02,06,09,19,25,26,30 - Jan
02,06,09,19,25,26,31 - Jan
02,06,09,19,25,27,28 - Jan
02,06,09,19,25,27,30 - Jan
02,06,09,19,25,28,29 - Jan
02,06,09,19,25,28,30 - Jan
02,06,09,19,25,28,31 - Jan
02,06,09,19,25,29,30 - Jan
02,06,09,19,25,30,31 - Jan
02,06,09,19,26,27,29 - Jan
02,06,09,19,26,27,30 - Jan
02,06,09,19,26,27,31 - Jan
02,06,09,19,26,28,29 - Jan
02,06,09,19,26,28,31 - Jan
02,06,09,19,26,29,30 - Jan
02,06,09,19,26,29,31 - Jan
02,06,09,19,26,30,31 - Jan
02,06,09,19,27,28,30 - Jan
02,06,09,19,27,28,31 - Jan
02,06,09,19,27,29,30 - Jan
02,06,09,19,27,30,31 - Jan
02,06,09,19,28,29,31 - Jan
02,06,09,19,28,30,31 - Jan
02,06,09,20,21,25,29 - Jan
02,06,09,20,21,25,31 - Jan
02,06,09,20,21,26,29 - Jan
02,06,09,20,21,26,31 - Jan
02,06,09,20,21,27,29 - Jan
02,06,09,20,21,27,31 - Jan
02,06,09,20,21,28,29 - Jan
02,06,09,20,21,28,31 - Jan
02,06,09,20,21,29,30 - Jan
02,06,09,20,21,29,31 - Jan
02,06,09,20,21,30,31 - Jan
02,06,09,20,22,25,29 - Jan
02,06,09,20,22,25,31 - Jan
02,06,09,20,22,27,29 - Jan
02,06,09,20,22,27,31 - Jan
02,06,09,20,22,29,31 - Jan
02,06,09,20,25,26,29 - Jan
02,06,09,20,25,26,31 - Jan
02,06,09,20,25,27,29 - Jan
02,06,09,20,25,27,31 - Jan
02,06,09,20,25,28,29 - Jan
02,06,09,20,25,28,31 - Jan
02,06,09,20,25,29,30 - Jan
02,06,09,20,25,29,31 - Jan
02,06,09,20,25,30,31 - Jan
02,06,09,20,26,27,29 - Jan
02,06,09,20,26,27,31 - Jan
02,06,09,20,26,29,31 - Jan
02,06,09,20,27,28,31 - Jan
02,06,09,20,27,29,30 - Jan
02,06,09,20,27,29,31 - Jan
02,06,09,20,27,30,31 - Jan
02,06,09,20,28,29,31 - Jan
02,06,09,21,22,25,29 - Jan
02,06,09,21,22,25,31 - Jan
02,06,09,21,22,26,29 - Jan
02,06,09,21,22,26,31 - Jan
02,06,09,21,22,27,29 - Jan
02,06,09,21,22,27,31 - Jan
02,06,09,21,22,28,29 - Jan
02,06,09,21,22,28,31 - Jan
02,06,09,21,22,29,30 - Jan
02,06,09,21,22,29,31 - Jan
02,06,09,21,22,30,31 - Jan
02,06,09,21,25,26,29 - Jan
02,06,09,21,25,26,31 - Jan
02,06,09,21,25,28,29 - Jan
02,06,09,21,25,28,31 - Jan
02,06,09,21,25,29,30 - Jan
02,06,09,21,25,30,31 - Jan
02,06,09,21,26,27,29 - Jan
02,06,09,21,26,27,31 - Jan
02,06,09,21,26,28,29 - Jan
02,06,09,21,26,28,31 - Jan
02,06,09,21,26,29,30 - Jan
02,06,09,21,26,29,31 - Jan
02,06,09,21,26,30,31 - Jan
02,06,09,21,27,28,31 - Jan
02,06,09,21,27,29,30 - Jan
02,06,09,21,27,30,31 - Jan
02,06,09,21,28,29,31 - Jan
02,06,09,21,28,30,31 - Jan
02,06,09,22,25,26,29 - Jan
02,06,09,22,25,26,31 - Jan
02,06,09,22,25,27,29 - Jan
02,06,09,22,25,27,31 - Jan
02,06,09,22,25,28,29 - Jan
02,06,09,22,25,28,31 - Jan
02,06,09,22,25,29,30 - Jan
02,06,09,22,25,29,31 - Jan
02,06,09,22,25,30,31 - Jan
02,06,09,22,26,27,29 - Jan
02,06,09,22,26,27,31 - Jan
02,06,09,22,26,29,31 - Jan
02,06,09,22,27,28,31 - Jan
02,06,09,22,27,29,30 - Jan
02,06,09,22,27,29,31 - Jan
02,06,09,22,27,30,31 - Jan
02,06,09,22,28,29,31 - Jan
02,06,09,25,26,28,29 - Jan
02,06,09,25,26,28,31 - Jan
02,06,09,25,26,29,30 - Jan
02,06,09,25,26,29,31 - Jan
02,06,09,25,26,30,31 - Jan
02,06,09,25,27,28,31 - Jan
02,06,09,25,27,29,30 - Jan
02,06,09,25,27,30,31 - Jan
02,06,09,25,28,29,31 - Jan
02,06,09,26,27,29,30 - Jan
02,06,09,26,27,29,31 - Jan
04,06,08,09,13,29,31 - Jan
04,06,08,09,13,30,31 - Jan
04,06,08,09,14,29,31 - Jan
04,06,08,09,15,29,31 - Jan
04,06,08,09,16,29,31 - Jan
04,06,08,09,17,25,31 - Jan
04,06,08,09,17,26,31 - Jan
04,06,08,09,17,27,29 - Jan
04,06,08,09,17,27,31 - Jan
04,06,08,09,17,28,29 - Jan
04,06,08,09,17,28,31 - Jan
04,06,08,09,17,29,30 - Jan
04,06,08,09,17,29,31 - Jan
04,06,08,09,17,30,31 - Jan
04,06,08,09,18,29,31 - Jan
04,06,08,09,19,25,29 - Jan
04,06,08,09,19,25,31 - Jan
04,06,08,09,19,26,29 - Jan
04,06,08,09,19,26,31 - Jan
04,06,08,09,19,27,29 - Jan
04,06,08,09,19,27,31 - Jan
04,06,08,09,19,28,29 - Jan
04,06,08,09,19,28,31 - Jan
04,06,08,09,19,29,30 - Jan
04,06,08,09,19,29,31 - Jan
04,06,08,09,19,30,31 - Jan
04,06,08,09,20,29,31 - Jan
04,06,08,09,21,29,31 - Jan
04,06,08,09,22,29,31 - Jan
04,06,08,09,25,29,31 - Jan
04,06,08,09,26,29,31 - Jan
04,06,08,09,27,29,31 - Jan
04,06,08,09,28,29,31 - Jan
04,06,09,10,12,29,31 - Jan
04,06,09,10,13,27,31 - Jan
04,06,09,10,13,28,31 - Jan
04,06,09,10,13,29,30 - Jan
04,06,09,10,13,29,31 - Jan
04,06,09,10,13,30,31 - Jan
04,06,09,10,14,29,31 - Jan
04,06,09,10,15,29,31 - Jan
04,06,09,10,16,29,31 - Jan
04,06,09,10,17,25,29 - Jan
04,06,09,10,17,25,31 - Jan
04,06,09,10,17,26,29 - Jan
04,06,09,10,17,26,31 - Jan
04,06,09,10,17,27,29 - Jan
04,06,09,10,17,27,31 - Jan
04,06,09,10,17,28,29 - Jan
04,06,09,10,17,28,31 - Jan
04,06,09,10,17,29,30 - Jan
04,06,09,10,17,29,31 - Jan
04,06,09,10,17,30,31 - Jan
04,06,09,10,18,29,31 - Jan
04,06,09,10,19,21,31 - Jan
04,06,09,10,19,22,31 - Jan
04,06,09,10,19,25,29 - Jan
04,06,09,10,19,25,31 - Jan
04,06,09,10,19,26,29 - Jan
04,06,09,10,19,26,31 - Jan
04,06,09,10,19,27,29 - Jan
04,06,09,10,19,27,31 - Jan
04,06,09,10,19,28,29 - Jan
04,06,09,10,19,28,31 - Jan
04,06,09,10,19,29,30 - Jan
04,06,09,10,19,29,31 - Jan
04,06,09,10,19,30,31 - Jan
04,06,09,10,20,29,31 - Jan
04,06,09,10,21,29,31 - Jan
04,06,09,10,22,29,31 - Jan
04,06,09,10,25,29,31 - Jan
04,06,09,10,26,29,31 - Jan
04,06,09,10,27,29,31 - Jan
04,06,09,10,28,29,31 - Jan
04,06,09,11,12,27,31 - Jan
04,06,09,11,12,28,31 - Jan
04,06,09,11,12,29,30 - Jan
04,06,09,11,12,29,31 - Jan
04,06,09,11,12,30,31 - Jan
04,06,09,11,13,26,31 - Jan
04,06,09,11,13,27,30 - Jan
04,06,09,11,13,28,29 - Jan
04,06,09,11,13,28,30 - Jan
04,06,09,11,13,28,31 - Jan
04,06,09,11,13,29,30 - Jan
04,06,09,11,13,30,31 - Jan
04,06,09,11,14,25,31 - Jan
04,06,09,11,14,26,31 - Jan
04,06,09,11,14,27,29 - Jan
04,06,09,11,14,27,31 - Jan
04,06,09,11,14,28,29 - Jan
04,06,09,11,14,28,31 - Jan
04,06,09,11,14,29,30 - Jan
04,06,09,11,14,29,31 - Jan
04,06,09,11,14,30,31 - Jan
04,06,09,11,15,26,29 - Jan
04,06,09,11,15,26,31 - Jan
04,06,09,11,15,28,29 - Jan
04,06,09,11,15,28,31 - Jan
04,06,09,11,15,29,30 - Jan
04,06,09,11,15,30,31 - Jan
04,06,09,11,16,25,29 - Jan
04,06,09,11,16,25,31 - Jan
04,06,09,11,16,26,29 - Jan
04,06,09,11,16,26,31 - Jan
04,06,09,11,16,27,29 - Jan
04,06,09,11,16,27,31 - Jan
04,06,09,11,16,28,29 - Jan
04,06,09,11,16,28,31 - Jan
04,06,09,11,16,29,30 - Jan
04,06,09,11,16,29,31 - Jan
04,06,09,11,16,30,31 - Jan
04,06,09,11,17,22,31 - Jan
04,06,09,11,17,25,28 - Jan
04,06,09,11,17,25,30 - Jan
04,06,09,11,17,26,27 - Jan
04,06,09,11,17,26,28 - Jan
04,06,09,11,17,26,29 - Jan
04,06,09,11,17,26,30 - Jan
04,06,09,11,17,26,31 - Jan
04,06,09,11,17,27,28 - Jan
04,06,09,11,17,27,30 - Jan
04,06,09,11,17,28,29 - Jan
04,06,09,11,17,28,30 - Jan
04,06,09,11,17,28,31 - Jan
04,06,09,11,17,29,30 - Jan
04,06,09,11,17,30,31 - Jan
04,06,09,11,18,21,31 - Jan
04,06,09,11,18,22,31 - Jan
04,06,09,11,18,25,29 - Jan
04,06,09,11,18,25,31 - Jan
04,06,09,11,18,26,29 - Jan
04,06,09,11,18,26,31 - Jan
04,06,09,11,18,27,29 - Jan
04,06,09,11,18,27,31 - Jan
04,06,09,11,18,28,29 - Jan
04,06,09,11,18,28,31 - Jan
04,06,09,11,18,29,30 - Jan
04,06,09,11,18,29,31 - Jan
04,06,09,11,18,30,31 - Jan
04,06,09,11,19,20,31 - Jan
04,06,09,11,19,21,30 - Jan
04,06,09,11,19,22,29 - Jan
04,06,09,11,19,22,30 - Jan
04,06,09,11,19,22,31 - Jan
04,06,09,11,19,25,26 - Jan
04,06,09,11,19,25,28 - Jan
04,06,09,11,19,25,30 - Jan
04,06,09,11,19,26,27 - Jan
04,06,09,11,19,26,28 - Jan
04,06,09,11,19,26,29 - Jan
04,06,09,11,19,26,30 - Jan
04,06,09,11,19,26,31 - Jan
04,06,09,11,19,27,28 - Jan
04,06,09,11,19,27,30 - Jan
04,06,09,11,19,28,29 - Jan
04,06,09,11,19,28,30 - Jan
04,06,09,11,19,28,31 - Jan
04,06,09,11,19,29,30 - Jan
04,06,09,11,19,30,31 - Jan
04,06,09,11,20,21,29 - Jan
04,06,09,11,20,21,31 - Jan
04,06,09,11,20,22,29 - Jan
04,06,09,11,20,22,31 - Jan
04,06,09,11,20,25,29 - Jan
04,06,09,11,20,25,31 - Jan
04,06,09,11,20,26,29 - Jan
04,06,09,11,20,26,31 - Jan
04,06,09,11,20,27,29 - Jan
04,06,09,11,20,27,31 - Jan
04,06,09,11,20,28,29 - Jan
04,06,09,11,20,28,31 - Jan
04,06,09,11,20,29,30 - Jan
04,06,09,11,20,29,31 - Jan
04,06,09,11,20,30,31 - Jan
04,06,09,11,21,22,29 - Jan
04,06,09,11,21,22,31 - Jan
04,06,09,11,21,26,29 - Jan
04,06,09,11,21,26,31 - Jan
04,06,09,11,21,28,29 - Jan
04,06,09,11,21,28,31 - Jan
04,06,09,11,21,29,30 - Jan
04,06,09,11,21,30,31 - Jan
04,06,09,11,22,25,29 - Jan
04,06,09,11,22,25,31 - Jan
04,06,09,11,22,26,29 - Jan
04,06,09,11,22,26,31 - Jan
04,06,09,11,22,27,29 - Jan
04,06,09,11,22,27,31 - Jan
04,06,09,11,22,28,29 - Jan
04,06,09,11,22,28,31 - Jan
04,06,09,11,22,29,30 - Jan
04,06,09,11,22,29,31 - Jan
04,06,09,11,22,30,31 - Jan
04,06,09,11,25,26,29 - Jan
04,06,09,11,25,26,31 - Jan
04,06,09,11,25,28,29 - Jan
04,06,09,11,25,28,31 - Jan
04,06,09,11,25,29,30 - Jan
04,06,09,11,25,30,31 - Jan
04,06,09,11,26,27,29 - Jan
04,06,09,11,26,27,31 - Jan
04,06,09,11,26,28,29 - Jan
04,06,09,11,26,28,31 - Jan
04,06,09,11,26,29,30 - Jan
04,06,09,11,26,29,31 - Jan
04,06,09,11,26,30,31 - Jan
04,06,09,11,27,28,31 - Jan
04,06,09,11,27,29,30 - Jan
04,06,09,11,27,30,31 - Jan
04,06,09,11,28,29,31 - Jan
04,06,09,11,28,30,31 - Jan
04,06,09,12,13,25,31 - Jan
04,06,09,12,13,26,31 - Jan
04,06,09,12,13,27,29 - Jan
04,06,09,12,13,27,31 - Jan
04,06,09,12,13,28,29 - Jan
04,06,09,12,13,28,31 - Jan
04,06,09,12,13,29,30 - Jan
04,06,09,12,13,29,31 - Jan
04,06,09,12,13,30,31 - Jan
04,06,09,12,14,29,31 - Jan
04,06,09,12,15,29,31 - Jan
04,06,09,12,16,29,31 - Jan
04,06,09,12,17,21,31 - Jan
04,06,09,12,17,22,31 - Jan
04,06,09,12,17,25,29 - Jan
04,06,09,12,17,25,31 - Jan
04,06,09,12,17,26,29 - Jan
04,06,09,12,17,26,31 - Jan
04,06,09,12,17,27,29 - Jan
04,06,09,12,17,27,31 - Jan
04,06,09,12,17,28,29 - Jan
04,06,09,12,17,28,31 - Jan
04,06,09,12,17,29,30 - Jan
04,06,09,12,17,29,31 - Jan
04,06,09,12,17,30,31 - Jan
04,06,09,12,18,29,31 - Jan
04,06,09,12,19,20,31 - Jan
04,06,09,12,19,21,29 - Jan
04,06,09,12,19,21,31 - Jan
04,06,09,12,19,22,29 - Jan
04,06,09,12,19,22,31 - Jan
04,06,09,12,19,25,29 - Jan
04,06,09,12,19,25,31 - Jan
04,06,09,12,19,26,29 - Jan
04,06,09,12,19,26,31 - Jan
04,06,09,12,19,27,29 - Jan
04,06,09,12,19,27,31 - Jan
04,06,09,12,19,28,29 - Jan
04,06,09,12,19,28,31 - Jan
04,06,09,12,19,29,30 - Jan
04,06,09,12,19,29,31 - Jan
04,06,09,12,19,30,31 - Jan
04,06,09,12,20,29,31 - Jan
04,06,09,12,21,29,31 - Jan
04,06,09,12,22,29,31 - Jan
04,06,09,12,25,29,31 - Jan
04,06,09,12,26,29,31 - Jan
04,06,09,12,27,29,31 - Jan
04,06,09,12,28,29,31 - Jan
04,06,09,13,14,25,29 - Jan
04,06,09,13,14,25,31 - Jan
04,06,09,13,14,26,29 - Jan
04,06,09,13,14,26,31 - Jan
04,06,09,13,14,27,29 - Jan
04,06,09,13,14,27,31 - Jan
04,06,09,13,14,28,29 - Jan
04,06,09,13,14,28,31 - Jan
04,06,09,13,14,29,30 - Jan
04,06,09,13,14,29,31 - Jan
04,06,09,13,14,30,31 - Jan
04,06,09,13,15,22,31 - Jan
04,06,09,13,15,26,29 - Jan
04,06,09,13,15,26,31 - Jan
04,06,09,13,15,28,29 - Jan
04,06,09,13,15,28,31 - Jan
04,06,09,13,15,29,30 - Jan
04,06,09,13,15,30,31 - Jan
04,06,09,13,16,21,31 - Jan
04,06,09,13,16,22,31 - Jan
04,06,09,13,16,25,29 - Jan
04,06,09,13,16,25,31 - Jan
04,06,09,13,16,26,29 - Jan
04,06,09,13,16,26,31 - Jan
04,06,09,13,16,27,29 - Jan
04,06,09,13,16,27,31 - Jan
04,06,09,13,16,28,29 - Jan
04,06,09,13,16,28,31 - Jan
04,06,09,13,16,29,30 - Jan
04,06,09,13,16,29,31 - Jan
04,06,09,13,16,30,31 - Jan
04,06,09,13,17,20,31 - Jan
04,06,09,13,17,21,30 - Jan
04,06,09,13,17,22,29 - Jan
04,06,09,13,17,22,30 - Jan
04,06,09,13,17,22,31 - Jan
04,06,09,13,17,25,26 - Jan
04,06,09,13,17,25,28 - Jan
04,06,09,13,17,25,30 - Jan
04,06,09,13,17,26,27 - Jan
04,06,09,13,17,26,28 - Jan
04,06,09,13,17,26,29 - Jan
04,06,09,13,17,26,30 - Jan
04,06,09,13,17,26,31 - Jan
04,06,09,13,17,27,28 - Jan
04,06,09,13,17,27,30 - Jan
04,06,09,13,17,28,29 - Jan
04,06,09,13,17,28,30 - Jan
04,06,09,13,17,28,31 - Jan
04,06,09,13,17,29,30 - Jan
04,06,09,13,17,30,31 - Jan
04,06,09,13,18,19,31 - Jan
04,06,09,13,18,20,31 - Jan
04,06,09,13,18,21,29 - Jan
04,06,09,13,18,21,31 - Jan
04,06,09,13,18,22,29 - Jan
04,06,09,13,18,22,31 - Jan
04,06,09,13,18,25,29 - Jan
04,06,09,13,18,25,31 - Jan
04,06,09,13,18,26,29 - Jan
04,06,09,13,18,26,31 - Jan
04,06,09,13,18,27,29 - Jan
04,06,09,13,18,27,31 - Jan
04,06,09,13,18,28,29 - Jan
04,06,09,13,18,28,31 - Jan
04,06,09,13,18,29,30 - Jan
04,06,09,13,18,29,31 - Jan
04,06,09,13,18,30,31 - Jan
04,06,09,13,19,20,29 - Jan
04,06,09,13,19,20,30 - Jan
04,06,09,13,19,20,31 - Jan
04,06,09,13,19,21,28 - Jan
04,06,09,13,19,21,30 - Jan
04,06,09,13,19,22,27 - Jan
04,06,09,13,19,22,28 - Jan
04,06,09,13,19,22,29 - Jan
04,06,09,13,19,22,30 - Jan
04,06,09,13,19,22,31 - Jan
04,06,09,13,19,25,26 - Jan
04,06,09,13,19,25,28 - Jan
04,06,09,13,19,25,30 - Jan
04,06,09,13,19,26,27 - Jan
04,06,09,13,19,26,28 - Jan
04,06,09,13,19,26,29 - Jan
04,06,09,13,19,26,30 - Jan
04,06,09,13,19,26,31 - Jan
04,06,09,13,19,27,28 - Jan
04,06,09,13,19,27,30 - Jan
04,06,09,13,19,28,29 - Jan
04,06,09,13,19,28,30 - Jan
04,06,09,13,19,28,31 - Jan
04,06,09,13,19,29,30 - Jan
04,06,09,13,19,30,31 - Jan
04,06,09,13,20,21,29 - Jan
04,06,09,13,20,21,31 - Jan
04,06,09,13,20,22,29 - Jan
04,06,09,13,20,22,31 - Jan
04,06,09,13,20,25,29 - Jan
04,06,09,13,20,25,31 - Jan
04,06,09,13,20,26,29 - Jan
04,06,09,13,20,26,31 - Jan
04,06,09,13,20,27,29 - Jan
04,06,09,13,20,27,31 - Jan
04,06,09,13,20,28,29 - Jan
04,06,09,13,20,28,31 - Jan
04,06,09,13,20,29,30 - Jan
04,06,09,13,20,29,31 - Jan
04,06,09,13,20,30,31 - Jan
04,06,09,13,21,22,29 - Jan
04,06,09,13,21,22,31 - Jan
04,06,09,13,21,26,29 - Jan
04,06,09,13,21,26,31 - Jan
04,06,09,13,21,28,29 - Jan
04,06,09,13,21,28,31 - Jan
04,06,09,13,21,29,30 - Jan
04,06,09,13,21,30,31 - Jan
04,06,09,13,22,25,29 - Jan
04,06,09,13,22,25,31 - Jan
04,06,09,13,22,26,29 - Jan
04,06,09,13,22,26,31 - Jan
04,06,09,13,22,27,29 - Jan
04,06,09,13,22,27,31 - Jan
04,06,09,13,22,28,29 - Jan
04,06,09,13,22,28,31 - Jan
04,06,09,13,22,29,30 - Jan
04,06,09,13,22,29,31 - Jan
04,06,09,13,22,30,31 - Jan
04,06,09,13,25,26,29 - Jan
04,06,09,13,25,26,31 - Jan
04,06,09,13,25,28,29 - Jan
04,06,09,13,25,28,31 - Jan
04,06,09,13,25,29,30 - Jan
04,06,09,13,25,30,31 - Jan
04,06,09,13,26,27,29 - Jan
04,06,09,13,26,27,31 - Jan
04,06,09,13,26,28,29 - Jan
04,06,09,13,26,28,31 - Jan
04,06,09,13,26,29,30 - Jan
04,06,09,13,26,29,31 - Jan
04,06,09,13,26,30,31 - Jan
04,06,09,13,27,28,31 - Jan
04,06,09,13,27,29,30 - Jan
04,06,09,13,27,30,31 - Jan
04,06,09,13,28,29,31 - Jan
04,06,09,13,28,30,31 - Jan
04,06,09,14,15,29,31 - Jan
04,06,09,14,16,29,31 - Jan
04,06,09,14,17,19,31 - Jan
04,06,09,14,17,20,31 - Jan
04,06,09,14,17,21,29 - Jan
04,06,09,14,17,21,31 - Jan
04,06,09,14,17,22,29 - Jan
04,06,09,14,17,22,31 - Jan
04,06,09,14,17,25,29 - Jan
04,06,09,14,17,25,31 - Jan
04,06,09,14,17,26,29 - Jan
04,06,09,14,17,26,31 - Jan
04,06,09,14,17,27,29 - Jan
04,06,09,14,17,27,31 - Jan
04,06,09,14,17,28,29 - Jan
04,06,09,14,17,28,31 - Jan
04,06,09,14,17,29,30 - Jan
04,06,09,14,17,29,31 - Jan
04,06,09,14,17,30,31 - Jan
04,06,09,14,18,19,31 - Jan
04,06,09,14,18,29,31 - Jan
04,06,09,14,19,20,29 - Jan
04,06,09,14,19,20,31 - Jan
04,06,09,14,19,21,29 - Jan
04,06,09,14,19,21,31 - Jan
04,06,09,14,19,22,29 - Jan
04,06,09,14,19,22,31 - Jan
04,06,09,14,19,25,29 - Jan
04,06,09,14,19,25,31 - Jan
04,06,09,14,19,26,29 - Jan
04,06,09,14,19,26,31 - Jan
04,06,09,14,19,27,29 - Jan
04,06,09,14,19,27,31 - Jan
04,06,09,14,19,28,29 - Jan
04,06,09,14,19,28,31 - Jan
04,06,09,14,19,29,30 - Jan
04,06,09,14,19,29,31 - Jan
04,06,09,14,19,30,31 - Jan
04,06,09,14,20,29,31 - Jan
04,06,09,14,21,29,31 - Jan
04,06,09,14,22,29,31 - Jan
04,06,09,14,25,29,31 - Jan
04,06,09,14,26,29,31 - Jan
04,06,09,14,27,29,31 - Jan
04,06,09,14,28,29,31 - Jan
04,06,09,15,16,19,31 - Jan
04,06,09,15,16,29,31 - Jan
04,06,09,15,17,18,31 - Jan
04,06,09,15,17,19,30 - Jan
04,06,09,15,17,20,29 - Jan
04,06,09,15,17,20,31 - Jan
04,06,09,15,17,22,29 - Jan
04,06,09,15,17,22,31 - Jan
04,06,09,15,17,26,29 - Jan
04,06,09,15,17,26,31 - Jan
04,06,09,15,17,28,29 - Jan
04,06,09,15,17,28,31 - Jan
04,06,09,15,17,29,30 - Jan
04,06,09,15,17,30,31 - Jan
04,06,09,15,18,19,29 - Jan
04,06,09,15,18,19,31 - Jan
04,06,09,15,18,29,31 - Jan
04,06,09,15,19,20,29 - Jan
04,06,09,15,19,20,31 - Jan
04,06,09,15,19,22,29 - Jan
04,06,09,15,19,22,31 - Jan
04,06,09,15,19,26,29 - Jan
04,06,09,15,19,26,31 - Jan
04,06,09,15,19,28,29 - Jan
04,06,09,15,19,28,31 - Jan
04,06,09,15,19,29,30 - Jan
04,06,09,15,19,30,31 - Jan
04,06,09,15,20,29,31 - Jan
04,06,09,15,22,29,31 - Jan
04,06,09,15,26,29,31 - Jan
04,06,09,15,28,29,31 - Jan
04,06,09,16,17,19,29 - Jan
04,06,09,16,17,19,30 - Jan
04,06,09,16,17,19,31 - Jan
04,06,09,16,17,20,29 - Jan
04,06,09,16,17,20,31 - Jan
04,06,09,16,17,21,29 - Jan
04,06,09,16,17,21,31 - Jan
04,06,09,16,17,22,29 - Jan
04,06,09,16,17,22,31 - Jan
04,06,09,16,17,25,29 - Jan
04,06,09,16,17,25,31 - Jan
04,06,09,16,17,26,29 - Jan
04,06,09,16,17,26,31 - Jan
04,06,09,16,17,27,29 - Jan
04,06,09,16,17,27,31 - Jan
04,06,09,16,17,28,29 - Jan
04,06,09,16,17,28,31 - Jan
04,06,09,16,17,29,30 - Jan
04,06,09,16,17,29,31 - Jan
04,06,09,16,17,30,31 - Jan
04,06,09,16,18,19,29 - Jan
04,06,09,16,18,19,31 - Jan
04,06,09,16,18,29,31 - Jan
04,06,09,16,19,20,29 - Jan
04,06,09,16,19,20,31 - Jan
04,06,09,16,19,21,29 - Jan
04,06,09,16,19,21,31 - Jan
04,06,09,16,19,22,29 - Jan
04,06,09,16,19,22,31 - Jan
04,06,09,16,19,25,29 - Jan
04,06,09,16,19,25,31 - Jan
04,06,09,16,19,26,29 - Jan
04,06,09,16,19,26,31 - Jan
04,06,09,16,19,27,29 - Jan
04,06,09,16,19,27,31 - Jan
04,06,09,16,19,28,29 - Jan
04,06,09,16,19,28,31 - Jan
04,06,09,16,19,29,30 - Jan
04,06,09,16,19,29,31 - Jan
04,06,09,16,19,30,31 - Jan
04,06,09,16,20,29,31 - Jan
04,06,09,16,21,29,31 - Jan
04,06,09,16,22,29,31 - Jan
04,06,09,16,25,29,31 - Jan
04,06,09,16,26,29,31 - Jan
04,06,09,16,27,29,31 - Jan
04,06,09,16,28,29,31 - Jan
04,06,09,17,18,20,29 - Jan
04,06,09,17,18,20,31 - Jan
04,06,09,17,18,21,29 - Jan
04,06,09,17,18,21,31 - Jan
04,06,09,17,18,22,29 - Jan
04,06,09,17,18,22,31 - Jan
04,06,09,17,18,25,29 - Jan
04,06,09,17,18,25,31 - Jan
04,06,09,17,18,26,29 - Jan
04,06,09,17,18,26,31 - Jan
04,06,09,17,18,27,29 - Jan
04,06,09,17,18,27,31 - Jan
04,06,09,17,18,28,29 - Jan
04,06,09,17,18,28,31 - Jan
04,06,09,17,18,29,30 - Jan
04,06,09,17,18,29,31 - Jan
04,06,09,17,18,30,31 - Jan
04,06,09,17,19,20,25 - Jan
04,06,09,17,19,20,26 - Jan
04,06,09,17,19,20,27 - Jan
04,06,09,17,19,20,28 - Jan
04,06,09,17,19,20,29 - Jan
04,06,09,17,19,20,30 - Jan
04,06,09,17,19,20,31 - Jan
04,06,09,17,19,21,26 - Jan
04,06,09,17,19,21,28 - Jan
04,06,09,17,19,21,30 - Jan
04,06,09,17,19,22,25 - Jan
04,06,09,17,19,22,26 - Jan
04,06,09,17,19,22,27 - Jan
04,06,09,17,19,22,28 - Jan
04,06,09,17,19,22,29 - Jan
04,06,09,17,19,22,30 - Jan
04,06,09,17,19,22,31 - Jan
04,06,09,17,19,25,26 - Jan
04,06,09,17,19,25,28 - Jan
04,06,09,17,19,25,30 - Jan
04,06,09,17,19,26,27 - Jan
04,06,09,17,19,26,28 - Jan
04,06,09,17,19,26,29 - Jan
04,06,09,17,19,26,30 - Jan
04,06,09,17,19,26,31 - Jan
04,06,09,17,19,27,28 - Jan
04,06,09,17,19,27,30 - Jan
04,06,09,17,19,28,29 - Jan
04,06,09,17,19,28,30 - Jan
04,06,09,17,19,28,31 - Jan
04,06,09,17,19,29,30 - Jan
04,06,09,17,19,30,31 - Jan
04,06,09,17,20,21,29 - Jan
04,06,09,17,20,21,31 - Jan
04,06,09,17,20,22,29 - Jan
04,06,09,17,20,22,31 - Jan
04,06,09,17,20,25,29 - Jan
04,06,09,17,20,25,31 - Jan
04,06,09,17,20,26,29 - Jan
04,06,09,17,20,26,31 - Jan
04,06,09,17,20,27,29 - Jan
04,06,09,17,20,27,31 - Jan
04,06,09,17,20,28,29 - Jan
04,06,09,17,20,28,31 - Jan
04,06,09,17,20,29,30 - Jan
04,06,09,17,20,29,31 - Jan
04,06,09,17,20,30,31 - Jan
04,06,09,17,21,22,29 - Jan
04,06,09,17,21,22,31 - Jan
04,06,09,17,21,26,29 - Jan
04,06,09,17,21,26,31 - Jan
04,06,09,17,21,28,29 - Jan
04,06,09,17,21,28,31 - Jan
04,06,09,17,21,29,30 - Jan
04,06,09,17,21,30,31 - Jan
04,06,09,17,22,25,29 - Jan
04,06,09,17,22,25,31 - Jan
04,06,09,17,22,26,29 - Jan
04,06,09,17,22,26,31 - Jan
04,06,09,17,22,27,29 - Jan
04,06,09,17,22,27,31 - Jan
04,06,09,17,22,28,29 - Jan
04,06,09,17,22,28,31 - Jan
04,06,09,17,22,29,30 - Jan
04,06,09,17,22,29,31 - Jan
04,06,09,17,22,30,31 - Jan
04,06,09,17,25,26,29 - Jan
04,06,09,17,25,26,31 - Jan
04,06,09,17,25,28,29 - Jan
04,06,09,17,25,28,31 - Jan
04,06,09,17,25,29,30 - Jan
04,06,09,17,25,30,31 - Jan
04,06,09,17,26,27,29 - Jan
04,06,09,17,26,27,31 - Jan
04,06,09,17,26,28,29 - Jan
04,06,09,17,26,28,31 - Jan
04,06,09,17,26,29,30 - Jan
04,06,09,17,26,29,31 - Jan
04,06,09,17,26,30,31 - Jan
04,06,09,17,27,28,31 - Jan
04,06,09,17,27,29,30 - Jan
04,06,09,17,27,30,31 - Jan
04,06,09,17,28,29,31 - Jan
04,06,09,17,28,30,31 - Jan
04,06,09,18,19,21,29 - Jan
04,06,09,18,19,21,31 - Jan
04,06,09,18,19,22,29 - Jan
04,06,09,18,19,22,31 - Jan
04,06,09,18,19,25,29 - Jan
04,06,09,18,19,25,31 - Jan
04,06,09,18,19,26,29 - Jan
04,06,09,18,19,26,31 - Jan
04,06,09,18,19,27,29 - Jan
04,06,09,18,19,27,31 - Jan
04,06,09,18,19,28,29 - Jan
04,06,09,18,19,28,31 - Jan
04,06,09,18,19,29,30 - Jan
04,06,09,18,19,29,31 - Jan
04,06,09,18,19,30,31 - Jan
04,06,09,18,20,29,31 - Jan
04,06,09,18,21,29,31 - Jan
04,06,09,18,22,29,31 - Jan
04,06,09,18,25,29,31 - Jan
04,06,09,18,26,29,31 - Jan
04,06,09,18,27,29,31 - Jan
04,06,09,18,28,29,31 - Jan
04,06,09,19,20,22,29 - Jan
04,06,09,19,20,22,31 - Jan
04,06,09,19,20,25,29 - Jan
04,06,09,19,20,25,31 - Jan
04,06,09,19,20,26,29 - Jan
04,06,09,19,20,26,31 - Jan
04,06,09,19,20,27,29 - Jan
04,06,09,19,20,27,31 - Jan
04,06,09,19,20,28,29 - Jan
04,06,09,19,20,28,31 - Jan
04,06,09,19,20,29,30 - Jan
04,06,09,19,20,29,31 - Jan
04,06,09,19,20,30,31 - Jan
04,06,09,19,21,22,29 - Jan
04,06,09,19,21,22,31 - Jan
04,06,09,19,21,26,29 - Jan
04,06,09,19,21,26,31 - Jan
04,06,09,19,21,28,29 - Jan
04,06,09,19,21,28,31 - Jan
04,06,09,19,21,29,30 - Jan
04,06,09,19,21,30,31 - Jan
04,06,09,19,22,25,29 - Jan
04,06,09,19,22,25,31 - Jan
04,06,09,19,22,26,29 - Jan
04,06,09,19,22,26,31 - Jan
04,06,09,19,22,27,29 - Jan
04,06,09,19,22,27,31 - Jan
04,06,09,19,22,28,29 - Jan
04,06,09,19,22,28,31 - Jan
04,06,09,19,22,29,30 - Jan
04,06,09,19,22,29,31 - Jan
04,06,09,19,22,30,31 - Jan
04,06,09,19,25,26,29 - Jan
04,06,09,19,25,26,31 - Jan
04,06,09,19,25,28,29 - Jan
04,06,09,19,25,28,31 - Jan
04,06,09,19,25,29,30 - Jan
04,06,09,19,25,30,31 - Jan
04,06,09,19,26,27,29 - Jan
04,06,09,19,26,27,31 - Jan
04,06,09,19,26,28,29 - Jan
04,06,09,19,26,28,31 - Jan
04,06,09,19,26,29,30 - Jan
04,06,09,19,26,29,31 - Jan
04,06,09,19,26,30,31 - Jan
04,06,09,19,27,28,31 - Jan
04,06,09,19,27,29,30 - Jan
04,06,09,19,27,30,31 - Jan
04,06,09,19,28,29,31 - Jan
04,06,09,19,28,30,31 - Jan
04,06,09,20,21,29,31 - Jan
04,06,09,20,22,29,31 - Jan
04,06,09,20,25,29,31 - Jan
04,06,09,20,26,29,31 - Jan
04,06,09,20,27,29,31 - Jan
04,06,09,20,28,29,31 - Jan
04,06,09,21,22,29,31 - Jan
04,06,09,21,26,29,31 - Jan
04,06,09,21,28,29,31 - Jan
04,06,09,22,25,29,31 - Jan
04,06,09,22,26,29,31 - Jan
04,06,09,22,27,29,31 - Jan
04,06,09,22,28,29,31 - Jan
04,06,09,25,26,29,31 - Jan
05,06,08,09,11,30,31 - Jan
05,06,08,09,12,29,31 - Jan
05,06,08,09,12,30,31 - Jan
05,06,08,09,13,28,31 - Jan
05,06,08,09,13,29,30 - Jan
05,06,08,09,13,30,31 - Jan
05,06,08,09,14,27,31 - Jan
05,06,08,09,14,28,31 - Jan
05,06,08,09,14,29,30 - Jan
05,06,08,09,14,29,31 - Jan
05,06,08,09,14,30,31 - Jan
05,06,08,09,15,26,31 - Jan
05,06,08,09,15,28,29 - Jan
05,06,08,09,15,28,31 - Jan
05,06,08,09,15,29,30 - Jan
05,06,08,09,15,30,31 - Jan
05,06,08,09,16,25,31 - Jan
05,06,08,09,16,26,31 - Jan
05,06,08,09,16,27,29 - Jan
05,06,08,09,16,27,31 - Jan
05,06,08,09,16,28,29 - Jan
05,06,08,09,16,28,31 - Jan
05,06,08,09,16,29,30 - Jan
05,06,08,09,16,29,31 - Jan
05,06,08,09,16,30,31 - Jan
05,06,08,09,17,25,30 - Jan
05,06,08,09,17,26,29 - Jan
05,06,08,09,17,26,30 - Jan
05,06,08,09,17,26,31 - Jan
05,06,08,09,17,27,28 - Jan
05,06,08,09,17,27,30 - Jan
05,06,08,09,17,28,29 - Jan
05,06,08,09,17,28,30 - Jan
05,06,08,09,17,28,31 - Jan
05,06,08,09,17,29,30 - Jan
05,06,08,09,17,30,31 - Jan
05,06,08,09,18,25,29 - Jan
05,06,08,09,18,25,31 - Jan
05,06,08,09,18,26,29 - Jan
05,06,08,09,18,26,31 - Jan
05,06,08,09,18,27,29 - Jan
05,06,08,09,18,27,31 - Jan
05,06,08,09,18,28,29 - Jan
05,06,08,09,18,28,31 - Jan
05,06,08,09,18,29,30 - Jan
05,06,08,09,18,29,31 - Jan
05,06,08,09,18,30,31 - Jan
05,06,08,09,19,22,31 - Jan
05,06,08,09,19,25,28 - Jan
05,06,08,09,19,25,30 - Jan
05,06,08,09,19,26,27 - Jan
05,06,08,09,19,26,28 - Jan
05,06,08,09,19,26,29 - Jan
05,06,08,09,19,26,30 - Jan
05,06,08,09,19,26,31 - Jan
05,06,08,09,19,27,28 - Jan
05,06,08,09,19,27,30 - Jan
05,06,08,09,19,28,29 - Jan
05,06,08,09,19,28,30 - Jan
05,06,08,09,19,28,31 - Jan
05,06,08,09,19,29,30 - Jan
05,06,08,09,19,30,31 - Jan
05,06,08,09,20,21,31 - Jan
05,06,08,09,20,22,31 - Jan
05,06,08,09,20,25,29 - Jan
05,06,08,09,20,25,31 - Jan
05,06,08,09,20,26,29 - Jan
05,06,08,09,20,26,31 - Jan
05,06,08,09,20,27,29 - Jan
05,06,08,09,20,27,31 - Jan
05,06,08,09,20,28,29 - Jan
05,06,08,09,20,28,31 - Jan
05,06,08,09,20,29,30 - Jan
05,06,08,09,20,29,31 - Jan
05,06,08,09,20,30,31 - Jan
05,06,08,09,21,22,29 - Jan
05,06,08,09,21,22,31 - Jan
05,06,08,09,21,26,29 - Jan
05,06,08,09,21,26,31 - Jan
05,06,08,09,21,28,29 - Jan
05,06,08,09,21,28,31 - Jan
05,06,08,09,21,29,30 - Jan
05,06,08,09,21,30,31 - Jan
05,06,08,09,22,25,29 - Jan
05,06,08,09,22,25,31 - Jan
05,06,08,09,22,26,29 - Jan
05,06,08,09,22,26,31 - Jan
05,06,08,09,22,27,29 - Jan
05,06,08,09,22,27,31 - Jan
05,06,08,09,22,28,29 - Jan
05,06,08,09,22,28,31 - Jan
05,06,08,09,22,29,30 - Jan
05,06,08,09,22,29,31 - Jan
05,06,08,09,22,30,31 - Jan
05,06,08,09,25,26,29 - Jan
05,06,08,09,25,26,31 - Jan
05,06,08,09,25,28,29 - Jan
05,06,08,09,25,28,31 - Jan
05,06,08,09,25,29,30 - Jan
05,06,08,09,25,30,31 - Jan
05,06,08,09,26,27,29 - Jan
05,06,08,09,26,27,31 - Jan
05,06,08,09,26,28,29 - Jan
05,06,08,09,26,28,31 - Jan
05,06,08,09,26,29,30 - Jan
05,06,08,09,26,29,31 - Jan
05,06,08,09,26,30,31 - Jan
05,06,08,09,27,28,31 - Jan
05,06,08,09,27,29,30 - Jan
05,06,08,09,27,30,31 - Jan
05,06,08,09,28,29,31 - Jan
05,06,08,09,28,30,31 - Jan
05,06,09,10,12,27,31 - Jan
05,06,09,10,12,28,31 - Jan
05,06,09,10,12,29,30 - Jan
05,06,09,10,12,29,31 - Jan
05,06,09,10,12,30,31 - Jan
05,06,09,10,13,26,31 - Jan
05,06,09,10,13,27,30 - Jan
05,06,09,10,13,28,29 - Jan
05,06,09,10,13,28,30 - Jan
05,06,09,10,13,28,31 - Jan
05,06,09,10,13,29,30 - Jan
05,06,09,10,13,30,31 - Jan
05,06,09,10,14,25,31 - Jan
05,06,09,10,14,26,31 - Jan
05,06,09,10,14,27,29 - Jan
05,06,09,10,14,27,31 - Jan
05,06,09,10,14,28,29 - Jan
05,06,09,10,14,28,31 - Jan
05,06,09,10,14,29,30 - Jan
05,06,09,10,14,29,31 - Jan
05,06,09,10,14,30,31 - Jan
05,06,09,10,15,26,29 - Jan
05,06,09,10,15,26,31 - Jan
05,06,09,10,15,28,29 - Jan
05,06,09,10,15,28,31 - Jan
05,06,09,10,15,29,30 - Jan
05,06,09,10,15,30,31 - Jan
05,06,09,10,16,25,29 - Jan
05,06,09,10,16,25,31 - Jan
05,06,09,10,16,26,29 - Jan
05,06,09,10,16,26,31 - Jan
05,06,09,10,16,27,29 - Jan
05,06,09,10,16,27,31 - Jan
05,06,09,10,16,28,29 - Jan
05,06,09,10,16,28,31 - Jan
05,06,09,10,16,29,30 - Jan
05,06,09,10,16,29,31 - Jan
05,06,09,10,16,30,31 - Jan
05,06,09,10,17,22,31 - Jan
05,06,09,10,17,25,28 - Jan
05,06,09,10,17,25,30 - Jan
05,06,09,10,17,26,27 - Jan
05,06,09,10,17,26,28 - Jan
05,06,09,10,17,26,29 - Jan
05,06,09,10,17,26,30 - Jan
05,06,09,10,17,26,31 - Jan
05,06,09,10,17,27,28 - Jan
05,06,09,10,17,27,30 - Jan
05,06,09,10,17,28,29 - Jan
05,06,09,10,17,28,30 - Jan
05,06,09,10,17,28,31 - Jan
05,06,09,10,17,29,30 - Jan
05,06,09,10,17,30,31 - Jan
05,06,09,10,18,21,31 - Jan
05,06,09,10,18,22,31 - Jan
05,06,09,10,18,25,29 - Jan
05,06,09,10,18,25,31 - Jan
05,06,09,10,18,26,29 - Jan
05,06,09,10,18,26,31 - Jan
05,06,09,10,18,27,29 - Jan
05,06,09,10,18,27,31 - Jan
05,06,09,10,18,28,29 - Jan
05,06,09,10,18,28,31 - Jan
05,06,09,10,18,29,30 - Jan
05,06,09,10,18,29,31 - Jan
05,06,09,10,18,30,31 - Jan
05,06,09,10,19,20,31 - Jan
05,06,09,10,19,21,30 - Jan
05,06,09,10,19,22,29 - Jan
05,06,09,10,19,22,30 - Jan
05,06,09,10,19,22,31 - Jan
05,06,09,10,19,25,26 - Jan
05,06,09,10,19,25,28 - Jan
05,06,09,10,19,25,30 - Jan
05,06,09,10,19,26,27 - Jan
05,06,09,10,19,26,28 - Jan
05,06,09,10,19,26,29 - Jan
05,06,09,10,19,26,30 - Jan
05,06,09,10,19,26,31 - Jan
05,06,09,10,19,27,28 - Jan
05,06,09,10,19,27,30 - Jan
05,06,09,10,19,28,29 - Jan
05,06,09,10,19,28,30 - Jan
05,06,09,10,19,28,31 - Jan
05,06,09,10,19,29,30 - Jan
05,06,09,10,19,30,31 - Jan
05,06,09,10,20,21,29 - Jan
05,06,09,10,20,21,31 - Jan
05,06,09,10,20,22,29 - Jan
05,06,09,10,20,22,31 - Jan
05,06,09,10,20,25,29 - Jan
05,06,09,10,20,25,31 - Jan
05,06,09,10,20,26,29 - Jan
05,06,09,10,20,26,31 - Jan
05,06,09,10,20,27,29 - Jan
05,06,09,10,20,27,31 - Jan
05,06,09,10,20,28,29 - Jan
05,06,09,10,20,28,31 - Jan
05,06,09,10,20,29,30 - Jan
05,06,09,10,20,29,31 - Jan
05,06,09,10,20,30,31 - Jan
05,06,09,10,21,22,29 - Jan
05,06,09,10,21,22,31 - Jan
05,06,09,10,21,26,29 - Jan
05,06,09,10,21,26,31 - Jan
05,06,09,10,21,28,29 - Jan
05,06,09,10,21,28,31 - Jan
05,06,09,10,21,29,30 - Jan
05,06,09,10,21,30,31 - Jan
05,06,09,10,22,25,29 - Jan
05,06,09,10,22,25,31 - Jan
05,06,09,10,22,26,29 - Jan
05,06,09,10,22,26,31 - Jan
05,06,09,10,22,27,29 - Jan
05,06,09,10,22,27,31 - Jan
05,06,09,10,22,28,29 - Jan
05,06,09,10,22,28,31 - Jan
05,06,09,10,22,29,30 - Jan
05,06,09,10,22,29,31 - Jan
05,06,09,10,22,30,31 - Jan
05,06,09,10,25,26,29 - Jan
05,06,09,10,25,26,31 - Jan
05,06,09,10,25,28,29 - Jan
05,06,09,10,25,28,31 - Jan
05,06,09,10,25,29,30 - Jan
05,06,09,10,25,30,31 - Jan
05,06,09,10,26,27,29 - Jan
05,06,09,10,26,27,31 - Jan
05,06,09,10,26,28,29 - Jan
05,06,09,10,26,28,31 - Jan
05,06,09,10,26,29,30 - Jan
05,06,09,10,26,29,31 - Jan
05,06,09,10,26,30,31 - Jan
05,06,09,10,27,28,31 - Jan
05,06,09,10,27,29,30 - Jan
05,06,09,10,27,30,31 - Jan
05,06,09,10,28,29,31 - Jan
05,06,09,10,28,30,31 - Jan
05,06,09,11,12,26,31 - Jan
05,06,09,11,12,27,30 - Jan
05,06,09,11,12,28,29 - Jan
05,06,09,11,12,28,30 - Jan
05,06,09,11,12,28,31 - Jan
05,06,09,11,12,29,30 - Jan
05,06,09,11,12,30,31 - Jan
05,06,09,11,13,26,30 - Jan
05,06,09,11,13,28,30 - Jan
05,06,09,11,14,25,30 - Jan
05,06,09,11,14,26,29 - Jan
05,06,09,11,14,26,30 - Jan
05,06,09,11,14,26,31 - Jan
05,06,09,11,14,27,28 - Jan
05,06,09,11,14,27,30 - Jan
05,06,09,11,14,28,29 - Jan
05,06,09,11,14,28,30 - Jan
05,06,09,11,14,28,31 - Jan
05,06,09,11,14,29,30 - Jan
05,06,09,11,14,30,31 - Jan
05,06,09,11,15,26,28 - Jan
05,06,09,11,15,26,30 - Jan
05,06,09,11,15,28,30 - Jan
05,06,09,11,16,22,31 - Jan
05,06,09,11,16,25,28 - Jan
05,06,09,11,16,25,30 - Jan
05,06,09,11,16,26,27 - Jan
05,06,09,11,16,26,28 - Jan
05,06,09,11,16,26,29 - Jan
05,06,09,11,16,26,30 - Jan
05,06,09,11,16,26,31 - Jan
05,06,09,11,16,27,28 - Jan
05,06,09,11,16,27,30 - Jan
05,06,09,11,16,28,29 - Jan
05,06,09,11,16,28,30 - Jan
05,06,09,11,16,28,31 - Jan
05,06,09,11,16,29,30 - Jan
05,06,09,11,16,30,31 - Jan
05,06,09,11,17,22,30 - Jan
05,06,09,11,17,26,28 - Jan
05,06,09,11,17,26,30 - Jan
05,06,09,11,17,28,30 - Jan
05,06,09,11,18,20,31 - Jan
05,06,09,11,18,21,30 - Jan
05,06,09,11,18,22,29 - Jan
05,06,09,11,18,22,30 - Jan
05,06,09,11,18,22,31 - Jan
05,06,09,11,18,25,26 - Jan
05,06,09,11,18,25,28 - Jan
05,06,09,11,18,25,30 - Jan
05,06,09,11,18,26,27 - Jan
05,06,09,11,18,26,28 - Jan
05,06,09,11,18,26,29 - Jan
05,06,09,11,18,26,30 - Jan
05,06,09,11,18,26,31 - Jan
05,06,09,11,18,27,28 - Jan
05,06,09,11,18,27,30 - Jan
05,06,09,11,18,28,29 - Jan
05,06,09,11,18,28,30 - Jan
05,06,09,11,18,28,31 - Jan
05,06,09,11,18,29,30 - Jan
05,06,09,11,18,30,31 - Jan
05,06,09,11,19,20,30 - Jan
05,06,09,11,19,22,28 - Jan
05,06,09,11,19,22,30 - Jan
05,06,09,11,19,26,28 - Jan
05,06,09,11,19,26,30 - Jan
05,06,09,11,19,28,30 - Jan
05,06,09,11,20,21,28 - Jan
05,06,09,11,20,21,30 - Jan
05,06,09,11,20,22,27 - Jan
05,06,09,11,20,22,28 - Jan
05,06,09,11,20,22,29 - Jan
05,06,09,11,20,22,30 - Jan
05,06,09,11,20,22,31 - Jan
05,06,09,11,20,25,26 - Jan
05,06,09,11,20,25,28 - Jan
05,06,09,11,20,25,30 - Jan
05,06,09,11,20,26,27 - Jan
05,06,09,11,20,26,28 - Jan
05,06,09,11,20,26,29 - Jan
05,06,09,11,20,26,30 - Jan
05,06,09,11,20,26,31 - Jan
05,06,09,11,20,27,28 - Jan
05,06,09,11,20,27,30 - Jan
05,06,09,11,20,28,29 - Jan
05,06,09,11,20,28,30 - Jan
05,06,09,11,20,28,31 - Jan
05,06,09,11,20,29,30 - Jan
05,06,09,11,20,30,31 - Jan
05,06,09,11,21,22,26 - Jan
05,06,09,11,21,22,28 - Jan
05,06,09,11,21,22,30 - Jan
05,06,09,11,21,26,28 - Jan
05,06,09,11,21,26,30 - Jan
05,06,09,11,21,28,30 - Jan
05,06,09,11,22,25,26 - Jan
05,06,09,11,22,25,28 - Jan
05,06,09,11,22,25,30 - Jan
05,06,09,11,22,26,27 - Jan
05,06,09,11,22,26,28 - Jan
05,06,09,11,22,26,29 - Jan
05,06,09,11,22,26,30 - Jan
05,06,09,11,22,26,31 - Jan
05,06,09,11,22,27,28 - Jan
05,06,09,11,22,27,30 - Jan
05,06,09,11,22,28,29 - Jan
05,06,09,11,22,28,30 - Jan
05,06,09,11,22,28,31 - Jan
05,06,09,11,22,29,30 - Jan
05,06,09,11,22,30,31 - Jan
05,06,09,11,25,26,28 - Jan
05,06,09,11,25,26,30 - Jan
05,06,09,11,25,28,30 - Jan
05,06,09,11,26,27,30 - Jan
05,06,09,11,26,28,29 - Jan
05,06,09,11,26,28,30 - Jan
05,06,09,11,26,28,31 - Jan
05,06,09,11,26,29,30 - Jan
05,06,09,11,26,30,31 - Jan
05,06,09,11,27,28,30 - Jan
05,06,09,11,28,30,31 - Jan
05,06,09,12,13,25,30 - Jan
05,06,09,12,13,26,29 - Jan
05,06,09,12,13,26,30 - Jan
05,06,09,12,13,26,31 - Jan
05,06,09,12,13,27,28 - Jan
05,06,09,12,13,27,30 - Jan
05,06,09,12,13,28,29 - Jan
05,06,09,12,13,28,30 - Jan
05,06,09,12,13,28,31 - Jan
05,06,09,12,13,29,30 - Jan
05,06,09,12,13,30,31 - Jan
05,06,09,12,14,25,29 - Jan
05,06,09,12,14,25,31 - Jan
05,06,09,12,14,26,29 - Jan
05,06,09,12,14,26,31 - Jan
05,06,09,12,14,27,29 - Jan
05,06,09,12,14,27,31 - Jan
05,06,09,12,14,28,29 - Jan
05,06,09,12,14,28,31 - Jan
05,06,09,12,14,29,30 - Jan
05,06,09,12,14,29,31 - Jan
05,06,09,12,14,30,31 - Jan
05,06,09,12,15,22,31 - Jan
05,06,09,12,15,26,29 - Jan
05,06,09,12,15,26,31 - Jan
05,06,09,12,15,28,29 - Jan
05,06,09,12,15,28,31 - Jan
05,06,09,12,15,29,30 - Jan
05,06,09,12,15,30,31 - Jan
05,06,09,12,16,21,31 - Jan
05,06,09,12,16,22,31 - Jan
05,06,09,12,16,25,29 - Jan
05,06,09,12,16,25,31 - Jan
05,06,09,12,16,26,29 - Jan
05,06,09,12,16,26,31 - Jan
05,06,09,12,16,27,29 - Jan
05,06,09,12,16,27,31 - Jan
05,06,09,12,16,28,29 - Jan
05,06,09,12,16,28,31 - Jan
05,06,09,12,16,29,30 - Jan
05,06,09,12,16,29,31 - Jan
05,06,09,12,16,30,31 - Jan
05,06,09,12,17,20,31 - Jan
05,06,09,12,17,21,30 - Jan
05,06,09,12,17,22,29 - Jan
05,06,09,12,17,22,30 - Jan
05,06,09,12,17,22,31 - Jan
05,06,09,12,17,25,26 - Jan
05,06,09,12,17,25,28 - Jan
05,06,09,12,17,25,30 - Jan
05,06,09,12,17,26,27 - Jan
05,06,09,12,17,26,28 - Jan
05,06,09,12,17,26,29 - Jan
05,06,09,12,17,26,30 - Jan
05,06,09,12,17,26,31 - Jan
05,06,09,12,17,27,28 - Jan
05,06,09,12,17,27,30 - Jan
05,06,09,12,17,28,29 - Jan
05,06,09,12,17,28,30 - Jan
05,06,09,12,17,28,31 - Jan
05,06,09,12,17,29,30 - Jan
05,06,09,12,17,30,31 - Jan
05,06,09,12,18,19,31 - Jan
05,06,09,12,18,20,31 - Jan
05,06,09,12,18,21,29 - Jan
05,06,09,12,18,21,31 - Jan
05,06,09,12,18,22,29 - Jan
05,06,09,12,18,22,31 - Jan
05,06,09,12,18,25,29 - Jan
05,06,09,12,18,25,31 - Jan
05,06,09,12,18,26,29 - Jan
05,06,09,12,18,26,31 - Jan
05,06,09,12,18,27,29 - Jan
05,06,09,12,18,27,31 - Jan
05,06,09,12,18,28,29 - Jan
05,06,09,12,18,28,31 - Jan
05,06,09,12,18,29,30 - Jan
05,06,09,12,18,29,31 - Jan
05,06,09,12,18,30,31 - Jan
05,06,09,12,19,20,29 - Jan
05,06,09,12,19,20,30 - Jan
05,06,09,12,19,20,31 - Jan
05,06,09,12,19,21,28 - Jan
05,06,09,12,19,21,30 - Jan
05,06,09,12,19,22,27 - Jan
05,06,09,12,19,22,28 - Jan
05,06,09,12,19,22,29 - Jan
05,06,09,12,19,22,30 - Jan
05,06,09,12,19,22,31 - Jan
05,06,09,12,19,25,26 - Jan
05,06,09,12,19,25,28 - Jan
05,06,09,12,19,25,30 - Jan
05,06,09,12,19,26,27 - Jan
05,06,09,12,19,26,28 - Jan
05,06,09,12,19,26,29 - Jan
05,06,09,12,19,26,30 - Jan
05,06,09,12,19,26,31 - Jan
05,06,09,12,19,27,28 - Jan
05,06,09,12,19,27,30 - Jan
05,06,09,12,19,28,29 - Jan
05,06,09,12,19,28,30 - Jan
05,06,09,12,19,28,31 - Jan
05,06,09,12,19,29,30 - Jan
05,06,09,12,19,30,31 - Jan
05,06,09,12,20,21,29 - Jan
05,06,09,12,20,21,31 - Jan
05,06,09,12,20,22,29 - Jan
05,06,09,12,20,22,31 - Jan
05,06,09,12,20,25,29 - Jan
05,06,09,12,20,25,31 - Jan
05,06,09,12,20,26,29 - Jan
05,06,09,12,20,26,31 - Jan
05,06,09,12,20,27,29 - Jan
05,06,09,12,20,27,31 - Jan
05,06,09,12,20,28,29 - Jan
05,06,09,12,20,28,31 - Jan
05,06,09,12,20,29,30 - Jan
05,06,09,12,20,29,31 - Jan
05,06,09,12,20,30,31 - Jan
05,06,09,12,21,22,29 - Jan
05,06,09,12,21,22,31 - Jan
05,06,09,12,21,26,29 - Jan
05,06,09,12,21,26,31 - Jan
05,06,09,12,21,28,29 - Jan
05,06,09,12,21,28,31 - Jan
05,06,09,12,21,29,30 - Jan
05,06,09,12,21,30,31 - Jan
05,06,09,12,22,25,29 - Jan
05,06,09,12,22,25,31 - Jan
05,06,09,12,22,26,29 - Jan
05,06,09,12,22,26,31 - Jan
05,06,09,12,22,27,29 - Jan
05,06,09,12,22,27,31 - Jan
05,06,09,12,22,28,29 - Jan
05,06,09,12,22,28,31 - Jan
05,06,09,12,22,29,30 - Jan
05,06,09,12,22,29,31 - Jan
05,06,09,12,22,30,31 - Jan
05,06,09,12,25,26,29 - Jan
05,06,09,12,25,26,31 - Jan
05,06,09,12,25,28,29 - Jan
05,06,09,12,25,28,31 - Jan
05,06,09,12,25,29,30 - Jan
05,06,09,12,25,30,31 - Jan
05,06,09,12,26,27,29 - Jan
05,06,09,12,26,27,31 - Jan
05,06,09,12,26,28,29 - Jan
05,06,09,12,26,28,31 - Jan
05,06,09,12,26,29,30 - Jan
05,06,09,12,26,29,31 - Jan
05,06,09,12,26,30,31 - Jan
05,06,09,12,27,28,31 - Jan
05,06,09,12,27,29,30 - Jan
05,06,09,12,27,30,31 - Jan
05,06,09,12,28,29,31 - Jan
05,06,09,12,28,30,31 - Jan
05,06,09,13,14,22,31 - Jan
05,06,09,13,14,25,28 - Jan
05,06,09,13,14,25,30 - Jan
05,06,09,13,14,26,27 - Jan
05,06,09,13,14,26,28 - Jan
05,06,09,13,14,26,29 - Jan
05,06,09,13,14,26,30 - Jan
05,06,09,13,14,26,31 - Jan
05,06,09,13,14,27,28 - Jan
05,06,09,13,14,27,30 - Jan
05,06,09,13,14,28,29 - Jan
05,06,09,13,14,28,30 - Jan
05,06,09,13,14,28,31 - Jan
05,06,09,13,14,29,30 - Jan
05,06,09,13,14,30,31 - Jan
05,06,09,13,15,22,30 - Jan
05,06,09,13,15,26,28 - Jan
05,06,09,13,15,26,30 - Jan
05,06,09,13,15,28,30 - Jan
05,06,09,13,16,20,31 - Jan
05,06,09,13,16,21,30 - Jan
05,06,09,13,16,22,29 - Jan
05,06,09,13,16,22,30 - Jan
05,06,09,13,16,22,31 - Jan
05,06,09,13,16,25,26 - Jan
05,06,09,13,16,25,28 - Jan
05,06,09,13,16,25,30 - Jan
05,06,09,13,16,26,27 - Jan
05,06,09,13,16,26,28 - Jan
05,06,09,13,16,26,29 - Jan
05,06,09,13,16,26,30 - Jan
05,06,09,13,16,26,31 - Jan
05,06,09,13,16,27,28 - Jan
05,06,09,13,16,27,30 - Jan
05,06,09,13,16,28,29 - Jan
05,06,09,13,16,28,30 - Jan
05,06,09,13,16,28,31 - Jan
05,06,09,13,16,29,30 - Jan
05,06,09,13,16,30,31 - Jan
05,06,09,13,17,20,30 - Jan
05,06,09,13,17,22,28 - Jan
05,06,09,13,17,22,30 - Jan
05,06,09,13,17,26,28 - Jan
05,06,09,13,17,26,30 - Jan
05,06,09,13,17,28,30 - Jan
05,06,09,13,18,19,30 - Jan
05,06,09,13,18,20,29 - Jan
05,06,09,13,18,20,30 - Jan
05,06,09,13,18,20,31 - Jan
05,06,09,13,18,21,28 - Jan
05,06,09,13,18,21,30 - Jan
05,06,09,13,18,22,27 - Jan
05,06,09,13,18,22,28 - Jan
05,06,09,13,18,22,29 - Jan
05,06,09,13,18,22,30 - Jan
05,06,09,13,18,22,31 - Jan
05,06,09,13,18,25,26 - Jan
05,06,09,13,18,25,28 - Jan
05,06,09,13,18,25,30 - Jan
05,06,09,13,18,26,27 - Jan
05,06,09,13,18,26,28 - Jan
05,06,09,13,18,26,29 - Jan
05,06,09,13,18,26,30 - Jan
05,06,09,13,18,26,31 - Jan
05,06,09,13,18,27,28 - Jan
05,06,09,13,18,27,30 - Jan
05,06,09,13,18,28,29 - Jan
05,06,09,13,18,28,30 - Jan
05,06,09,13,18,28,31 - Jan
05,06,09,13,18,29,30 - Jan
05,06,09,13,18,30,31 - Jan
05,06,09,13,19,20,28 - Jan
05,06,09,13,19,20,30 - Jan
05,06,09,13,19,22,26 - Jan
05,06,09,13,19,22,28 - Jan
05,06,09,13,19,22,30 - Jan
05,06,09,13,19,26,28 - Jan
05,06,09,13,19,26,30 - Jan
05,06,09,13,19,28,30 - Jan
05,06,09,13,20,21,26 - Jan
05,06,09,13,20,21,28 - Jan
05,06,09,13,20,21,30 - Jan
05,06,09,13,20,22,25 - Jan
05,06,09,13,20,22,26 - Jan
05,06,09,13,20,22,27 - Jan
05,06,09,13,20,22,28 - Jan
05,06,09,13,20,22,29 - Jan
05,06,09,13,20,22,30 - Jan
05,06,09,13,20,22,31 - Jan
05,06,09,13,20,25,26 - Jan
05,06,09,13,20,25,28 - Jan
05,06,09,13,20,25,30 - Jan
05,06,09,13,20,26,27 - Jan
05,06,09,13,20,26,28 - Jan
05,06,09,13,20,26,29 - Jan
05,06,09,13,20,26,30 - Jan
05,06,09,13,20,26,31 - Jan
05,06,09,13,20,27,28 - Jan
05,06,09,13,20,27,30 - Jan
05,06,09,13,20,28,29 - Jan
05,06,09,13,20,28,30 - Jan
05,06,09,13,20,28,31 - Jan
05,06,09,13,20,29,30 - Jan
05,06,09,13,20,30,31 - Jan
05,06,09,13,21,22,26 - Jan
05,06,09,13,21,22,28 - Jan
05,06,09,13,21,22,30 - Jan
05,06,09,13,21,26,28 - Jan
05,06,09,13,21,26,30 - Jan
05,06,09,13,21,28,30 - Jan
05,06,09,13,22,25,26 - Jan
05,06,09,13,22,25,28 - Jan
05,06,09,13,22,25,30 - Jan
05,06,09,13,22,26,27 - Jan
05,06,09,13,22,26,28 - Jan
05,06,09,13,22,26,29 - Jan
05,06,09,13,22,26,30 - Jan
05,06,09,13,22,26,31 - Jan
05,06,09,13,22,27,28 - Jan
05,06,09,13,22,27,30 - Jan
05,06,09,13,22,28,29 - Jan
05,06,09,13,22,28,30 - Jan
05,06,09,13,22,28,31 - Jan
05,06,09,13,22,29,30 - Jan
05,06,09,13,22,30,31 - Jan
05,06,09,13,25,26,28 - Jan
05,06,09,13,25,26,30 - Jan
05,06,09,13,25,28,30 - Jan
05,06,09,13,26,27,30 - Jan
05,06,09,13,26,28,29 - Jan
05,06,09,13,26,28,30 - Jan
05,06,09,13,26,28,31 - Jan
05,06,09,13,26,29,30 - Jan
05,06,09,13,26,30,31 - Jan
05,06,09,13,27,28,30 - Jan
05,06,09,13,28,30,31 - Jan
05,06,09,14,15,20,31 - Jan
05,06,09,14,15,22,29 - Jan
05,06,09,14,15,22,31 - Jan
05,06,09,14,15,26,29 - Jan
05,06,09,14,15,26,31 - Jan
05,06,09,14,15,28,29 - Jan
05,06,09,14,15,28,31 - Jan
05,06,09,14,15,29,30 - Jan
05,06,09,14,15,30,31 - Jan
05,06,09,14,16,19,31 - Jan
05,06,09,14,16,20,31 - Jan
05,06,09,14,16,21,29 - Jan
05,06,09,14,16,21,31 - Jan
05,06,09,14,16,22,29 - Jan
05,06,09,14,16,22,31 - Jan
05,06,09,14,16,25,29 - Jan
05,06,09,14,16,25,31 - Jan
05,06,09,14,16,26,29 - Jan
05,06,09,14,16,26,31 - Jan
05,06,09,14,16,27,29 - Jan
05,06,09,14,16,27,31 - Jan
05,06,09,14,16,28,29 - Jan
05,06,09,14,16,28,31 - Jan
05,06,09,14,16,29,30 - Jan
05,06,09,14,16,29,31 - Jan
05,06,09,14,16,30,31 - Jan
05,06,09,14,17,18,31 - Jan
05,06,09,14,17,19,30 - Jan
05,06,09,14,17,20,29 - Jan
05,06,09,14,17,20,30 - Jan
05,06,09,14,17,20,31 - Jan
05,06,09,14,17,21,28 - Jan
05,06,09,14,17,21,30 - Jan
05,06,09,14,17,22,27 - Jan
05,06,09,14,17,22,28 - Jan
05,06,09,14,17,22,29 - Jan
05,06,09,14,17,22,30 - Jan
05,06,09,14,17,22,31 - Jan
05,06,09,14,17,25,26 - Jan
05,06,09,14,17,25,28 - Jan
05,06,09,14,17,25,30 - Jan
05,06,09,14,17,26,27 - Jan
05,06,09,14,17,26,28 - Jan
05,06,09,14,17,26,29 - Jan
05,06,09,14,17,26,30 - Jan
05,06,09,14,17,26,31 - Jan
05,06,09,14,17,27,28 - Jan
05,06,09,14,17,27,30 - Jan
05,06,09,14,17,28,29 - Jan
05,06,09,14,17,28,30 - Jan
05,06,09,14,17,28,31 - Jan
05,06,09,14,17,29,30 - Jan
05,06,09,14,17,30,31 - Jan
05,06,09,14,18,19,29 - Jan
05,06,09,14,18,19,30 - Jan
05,06,09,14,18,19,31 - Jan
05,06,09,14,18,20,29 - Jan
05,06,09,14,18,20,31 - Jan
05,06,09,14,18,21,29 - Jan
05,06,09,14,18,21,31 - Jan
05,06,09,14,18,22,29 - Jan
05,06,09,14,18,22,31 - Jan
05,06,09,14,18,25,29 - Jan
05,06,09,14,18,25,31 - Jan
05,06,09,14,18,26,29 - Jan
05,06,09,14,18,26,31 - Jan
05,06,09,14,18,27,29 - Jan
05,06,09,14,18,27,31 - Jan
05,06,09,14,18,28,29 - Jan
05,06,09,14,18,28,31 - Jan
05,06,09,14,18,29,30 - Jan
05,06,09,14,18,29,31 - Jan
05,06,09,14,18,30,31 - Jan
05,06,09,14,19,20,27 - Jan
05,06,09,14,19,20,28 - Jan
05,06,09,14,19,20,29 - Jan
05,06,09,14,19,20,30 - Jan
05,06,09,14,19,20,31 - Jan
05,06,09,14,19,21,26 - Jan
05,06,09,14,19,21,28 - Jan
05,06,09,14,19,21,30 - Jan
05,06,09,14,19,22,25 - Jan
05,06,09,14,19,22,26 - Jan
05,06,09,14,19,22,27 - Jan
05,06,09,14,19,22,28 - Jan
05,06,09,14,19,22,29 - Jan
05,06,09,14,19,22,30 - Jan
05,06,09,14,19,22,31 - Jan
05,06,09,14,19,25,26 - Jan
05,06,09,14,19,25,28 - Jan
05,06,09,14,19,25,30 - Jan
05,06,09,14,19,26,27 - Jan
05,06,09,14,19,26,28 - Jan
05,06,09,14,19,26,29 - Jan
05,06,09,14,19,26,30 - Jan
05,06,09,14,19,26,31 - Jan
05,06,09,14,19,27,28 - Jan
05,06,09,14,19,27,30 - Jan
05,06,09,14,19,28,29 - Jan
05,06,09,14,19,28,30 - Jan
05,06,09,14,19,28,31 - Jan
05,06,09,14,19,29,30 - Jan
05,06,09,14,19,30,31 - Jan
05,06,09,14,20,21,29 - Jan
05,06,09,14,20,21,31 - Jan
05,06,09,14,20,22,29 - Jan
05,06,09,14,20,22,31 - Jan
05,06,09,14,20,25,29 - Jan
05,06,09,14,20,25,31 - Jan
05,06,09,14,20,26,29 - Jan
05,06,09,14,20,26,31 - Jan
05,06,09,14,20,27,29 - Jan
05,06,09,14,20,27,31 - Jan
05,06,09,14,20,28,29 - Jan
05,06,09,14,20,28,31 - Jan
05,06,09,14,20,29,30 - Jan
05,06,09,14,20,29,31 - Jan
05,06,09,14,20,30,31 - Jan
05,06,09,14,21,22,29 - Jan
05,06,09,14,21,22,31 - Jan
05,06,09,14,21,26,29 - Jan
05,06,09,14,21,26,31 - Jan
05,06,09,14,21,28,29 - Jan
05,06,09,14,21,28,31 - Jan
05,06,09,14,21,29,30 - Jan
05,06,09,14,21,30,31 - Jan
05,06,09,14,22,25,29 - Jan
05,06,09,14,22,25,31 - Jan
05,06,09,14,22,26,29 - Jan
05,06,09,14,22,26,31 - Jan
05,06,09,14,22,27,29 - Jan
05,06,09,14,22,27,31 - Jan
05,06,09,14,22,28,29 - Jan
05,06,09,14,22,28,31 - Jan
05,06,09,14,22,29,30 - Jan
05,06,09,14,22,29,31 - Jan
05,06,09,14,22,30,31 - Jan
05,06,09,14,25,26,29 - Jan
05,06,09,14,25,26,31 - Jan
05,06,09,14,25,28,29 - Jan
05,06,09,14,25,28,31 - Jan
05,06,09,14,25,29,30 - Jan
05,06,09,14,25,30,31 - Jan
05,06,09,14,26,27,29 - Jan
05,06,09,14,26,27,31 - Jan
05,06,09,14,26,28,29 - Jan
05,06,09,14,26,28,31 - Jan
05,06,09,14,26,29,30 - Jan
05,06,09,14,26,29,31 - Jan
05,06,09,14,26,30,31 - Jan
05,06,09,14,27,28,31 - Jan
05,06,09,14,27,29,30 - Jan
05,06,09,14,27,30,31 - Jan
05,06,09,14,28,29,31 - Jan
05,06,09,14,28,30,31 - Jan
05,06,09,15,16,18,31 - Jan
05,06,09,15,16,19,30 - Jan
05,06,09,15,16,20,29 - Jan
05,06,09,15,16,20,31 - Jan
05,06,09,15,16,22,29 - Jan
05,06,09,15,16,22,31 - Jan
05,06,09,15,16,26,29 - Jan
05,06,09,15,16,26,31 - Jan
05,06,09,15,16,28,29 - Jan
05,06,09,15,16,28,31 - Jan
05,06,09,15,16,29,30 - Jan
05,06,09,15,16,30,31 - Jan
05,06,09,15,17,18,30 - Jan
05,06,09,15,17,20,28 - Jan
05,06,09,15,17,20,30 - Jan
05,06,09,15,17,22,26 - Jan
05,06,09,15,17,22,28 - Jan
05,06,09,15,17,22,30 - Jan
05,06,09,15,17,26,28 - Jan
05,06,09,15,17,26,30 - Jan
05,06,09,15,17,28,30 - Jan
05,06,09,15,18,19,28 - Jan
05,06,09,15,18,19,30 - Jan
05,06,09,15,18,20,29 - Jan
05,06,09,15,18,20,31 - Jan
05,06,09,15,18,22,29 - Jan
05,06,09,15,18,22,31 - Jan
05,06,09,15,18,26,29 - Jan
05,06,09,15,18,26,31 - Jan
05,06,09,15,18,28,29 - Jan
05,06,09,15,18,28,31 - Jan
05,06,09,15,18,29,30 - Jan
05,06,09,15,18,30,31 - Jan
05,06,09,15,19,20,26 - Jan
05,06,09,15,19,20,28 - Jan
05,06,09,15,19,20,30 - Jan
05,06,09,15,19,22,26 - Jan
05,06,09,15,19,22,28 - Jan
05,06,09,15,19,22,30 - Jan
05,06,09,15,19,26,28 - Jan
05,06,09,15,19,26,30 - Jan
05,06,09,15,19,28,30 - Jan
05,06,09,15,20,22,29 - Jan
05,06,09,15,20,22,31 - Jan
05,06,09,15,20,26,29 - Jan
05,06,09,15,20,26,31 - Jan
05,06,09,15,20,28,29 - Jan
05,06,09,15,20,28,31 - Jan
05,06,09,15,20,29,30 - Jan
05,06,09,15,20,30,31 - Jan
05,06,09,15,22,26,29 - Jan
05,06,09,15,22,26,31 - Jan
05,06,09,15,22,28,29 - Jan
05,06,09,15,22,28,31 - Jan
05,06,09,15,22,29,30 - Jan
05,06,09,15,22,30,31 - Jan
05,06,09,15,26,28,29 - Jan
05,06,09,15,26,28,31 - Jan
05,06,09,15,26,29,30 - Jan
05,06,09,15,26,30,31 - Jan
05,06,09,15,28,30,31 - Jan
05,06,09,16,17,19,28 - Jan
05,06,09,16,17,19,30 - Jan
05,06,09,16,17,20,27 - Jan
05,06,09,16,17,20,28 - Jan
05,06,09,16,17,20,29 - Jan
05,06,09,16,17,20,30 - Jan
05,06,09,16,17,20,31 - Jan
05,06,09,16,17,21,26 - Jan
05,06,09,16,17,21,28 - Jan
05,06,09,16,17,21,30 - Jan
05,06,09,16,17,22,25 - Jan
05,06,09,16,17,22,26 - Jan
05,06,09,16,17,22,27 - Jan
05,06,09,16,17,22,28 - Jan
05,06,09,16,17,22,29 - Jan
05,06,09,16,17,22,30 - Jan
05,06,09,16,17,22,31 - Jan
05,06,09,16,17,25,26 - Jan
05,06,09,16,17,25,28 - Jan
05,06,09,16,17,25,30 - Jan
05,06,09,16,17,26,27 - Jan
05,06,09,16,17,26,28 - Jan
05,06,09,16,17,26,29 - Jan
05,06,09,16,17,26,30 - Jan
05,06,09,16,17,26,31 - Jan
05,06,09,16,17,27,28 - Jan
05,06,09,16,17,27,30 - Jan
05,06,09,16,17,28,29 - Jan
05,06,09,16,17,28,30 - Jan
05,06,09,16,17,28,31 - Jan
05,06,09,16,17,29,30 - Jan
05,06,09,16,17,30,31 - Jan
05,06,09,16,18,19,27 - Jan
05,06,09,16,18,19,28 - Jan
05,06,09,16,18,19,29 - Jan
05,06,09,16,18,19,30 - Jan
05,06,09,16,18,19,31 - Jan
05,06,09,16,18,20,29 - Jan
05,06,09,16,18,20,31 - Jan
05,06,09,16,18,21,29 - Jan
05,06,09,16,18,21,31 - Jan
05,06,09,16,18,22,29 - Jan
05,06,09,16,18,22,31 - Jan
05,06,09,16,18,25,29 - Jan
05,06,09,16,18,25,31 - Jan
05,06,09,16,18,26,29 - Jan
05,06,09,16,18,26,31 - Jan
05,06,09,16,18,27,29 - Jan
05,06,09,16,18,27,31 - Jan
05,06,09,16,18,28,29 - Jan
05,06,09,16,18,28,31 - Jan
05,06,09,16,18,29,30 - Jan
05,06,09,16,18,29,31 - Jan
05,06,09,16,18,30,31 - Jan
05,06,09,16,19,20,25 - Jan
05,06,09,16,19,20,26 - Jan
05,06,09,16,19,20,27 - Jan
05,06,09,16,19,20,28 - Jan
05,06,09,16,19,20,29 - Jan
05,06,09,16,19,20,30 - Jan
05,06,09,16,19,20,31 - Jan
05,06,09,16,19,21,26 - Jan
05,06,09,16,19,21,28 - Jan
05,06,09,16,19,21,30 - Jan
05,06,09,16,19,22,25 - Jan
05,06,09,16,19,22,26 - Jan
05,06,09,16,19,22,27 - Jan
05,06,09,16,19,22,28 - Jan
05,06,09,16,19,22,29 - Jan
05,06,09,16,19,22,30 - Jan
05,06,09,16,19,22,31 - Jan
05,06,09,16,19,25,26 - Jan
05,06,09,16,19,25,28 - Jan
05,06,09,16,19,25,30 - Jan
05,06,09,16,19,26,27 - Jan
05,06,09,16,19,26,28 - Jan
05,06,09,16,19,26,29 - Jan
05,06,09,16,19,26,30 - Jan
05,06,09,16,19,26,31 - Jan
05,06,09,16,19,27,28 - Jan
05,06,09,16,19,27,30 - Jan
05,06,09,16,19,28,29 - Jan
05,06,09,16,19,28,30 - Jan
05,06,09,16,19,28,31 - Jan
05,06,09,16,19,29,30 - Jan
05,06,09,16,19,30,31 - Jan
05,06,09,16,20,21,29 - Jan
05,06,09,16,20,21,31 - Jan
05,06,09,16,20,22,29 - Jan
05,06,09,16,20,22,31 - Jan
05,06,09,16,20,25,29 - Jan
05,06,09,16,20,25,31 - Jan
05,06,09,16,20,26,29 - Jan
05,06,09,16,20,26,31 - Jan
05,06,09,16,20,27,29 - Jan
05,06,09,16,20,27,31 - Jan
05,06,09,16,20,28,29 - Jan
05,06,09,16,20,28,31 - Jan
05,06,09,16,20,29,30 - Jan
05,06,09,16,20,29,31 - Jan
05,06,09,16,20,30,31 - Jan
05,06,09,16,21,22,29 - Jan
05,06,09,16,21,22,31 - Jan
05,06,09,16,21,26,29 - Jan
05,06,09,16,21,26,31 - Jan
05,06,09,16,21,28,29 - Jan
05,06,09,16,21,28,31 - Jan
05,06,09,16,21,29,30 - Jan
05,06,09,16,21,30,31 - Jan
05,06,09,16,22,25,29 - Jan
05,06,09,16,22,25,31 - Jan
05,06,09,16,22,26,29 - Jan
05,06,09,16,22,26,31 - Jan
05,06,09,16,22,27,29 - Jan
05,06,09,16,22,27,31 - Jan
05,06,09,16,22,28,29 - Jan
05,06,09,16,22,28,31 - Jan
05,06,09,16,22,29,30 - Jan
05,06,09,16,22,29,31 - Jan
05,06,09,16,22,30,31 - Jan
05,06,09,16,25,26,29 - Jan
05,06,09,16,25,26,31 - Jan
05,06,09,16,25,28,29 - Jan
05,06,09,16,25,28,31 - Jan
05,06,09,16,25,29,30 - Jan
05,06,09,16,25,30,31 - Jan
05,06,09,16,26,27,29 - Jan
05,06,09,16,26,27,31 - Jan
05,06,09,16,26,28,29 - Jan
05,06,09,16,26,28,31 - Jan
05,06,09,16,26,29,30 - Jan
05,06,09,16,26,29,31 - Jan
05,06,09,16,26,30,31 - Jan
05,06,09,16,27,28,31 - Jan
05,06,09,16,27,29,30 - Jan
05,06,09,16,27,30,31 - Jan
05,06,09,16,28,29,31 - Jan
05,06,09,16,28,30,31 - Jan
05,06,09,17,18,20,25 - Jan
05,06,09,17,18,20,26 - Jan
05,06,09,17,18,20,27 - Jan
05,06,09,17,18,20,28 - Jan
05,06,09,17,18,20,29 - Jan
05,06,09,17,18,20,30 - Jan
05,06,09,17,18,20,31 - Jan
05,06,09,17,18,21,26 - Jan
05,06,09,17,18,21,28 - Jan
05,06,09,17,18,21,30 - Jan
05,06,09,17,18,22,25 - Jan
05,06,09,17,18,22,26 - Jan
05,06,09,17,18,22,27 - Jan
05,06,09,17,18,22,28 - Jan
05,06,09,17,18,22,29 - Jan
05,06,09,17,18,22,30 - Jan
05,06,09,17,18,22,31 - Jan
05,06,09,17,18,25,26 - Jan
05,06,09,17,18,25,28 - Jan
05,06,09,17,18,25,30 - Jan
05,06,09,17,18,26,27 - Jan
05,06,09,17,18,26,28 - Jan
05,06,09,17,18,26,29 - Jan
05,06,09,17,18,26,30 - Jan
05,06,09,17,18,26,31 - Jan
05,06,09,17,18,27,28 - Jan
05,06,09,17,18,27,30 - Jan
05,06,09,17,18,28,29 - Jan
05,06,09,17,18,28,30 - Jan
05,06,09,17,18,28,31 - Jan
05,06,09,17,18,29,30 - Jan
05,06,09,17,18,30,31 - Jan
05,06,09,17,19,20,26 - Jan
05,06,09,17,19,20,28 - Jan
05,06,09,17,19,20,30 - Jan
05,06,09,17,19,22,26 - Jan
05,06,09,17,19,22,28 - Jan
05,06,09,17,19,22,30 - Jan
05,06,09,17,19,26,28 - Jan
05,06,09,17,19,26,30 - Jan
05,06,09,17,19,28,30 - Jan
05,06,09,17,20,21,26 - Jan
05,06,09,17,20,21,28 - Jan
05,06,09,17,20,21,30 - Jan
05,06,09,17,20,22,25 - Jan
05,06,09,17,20,22,26 - Jan
05,06,09,17,20,22,27 - Jan
05,06,09,17,20,22,28 - Jan
05,06,09,17,20,22,29 - Jan
05,06,09,17,20,22,30 - Jan
05,06,09,17,20,22,31 - Jan
05,06,09,17,20,25,26 - Jan
05,06,09,17,20,25,28 - Jan
05,06,09,17,20,25,30 - Jan
05,06,09,17,20,26,27 - Jan
05,06,09,17,20,26,28 - Jan
05,06,09,17,20,26,29 - Jan
05,06,09,17,20,26,30 - Jan
05,06,09,17,20,26,31 - Jan
05,06,09,17,20,27,28 - Jan
05,06,09,17,20,27,30 - Jan
05,06,09,17,20,28,29 - Jan
05,06,09,17,20,28,30 - Jan
05,06,09,17,20,28,31 - Jan
05,06,09,17,20,29,30 - Jan
05,06,09,17,20,30,31 - Jan
05,06,09,17,21,22,26 - Jan
05,06,09,17,21,22,28 - Jan
05,06,09,17,21,22,30 - Jan
05,06,09,17,21,26,28 - Jan
05,06,09,17,21,26,30 - Jan
05,06,09,17,21,28,30 - Jan
05,06,09,17,22,25,26 - Jan
05,06,09,17,22,25,28 - Jan
05,06,09,17,22,25,30 - Jan
05,06,09,17,22,26,27 - Jan
05,06,09,17,22,26,28 - Jan
05,06,09,17,22,26,29 - Jan
05,06,09,17,22,26,30 - Jan
05,06,09,17,22,26,31 - Jan
05,06,09,17,22,27,28 - Jan
05,06,09,17,22,27,30 - Jan
05,06,09,17,22,28,29 - Jan
05,06,09,17,22,28,30 - Jan
05,06,09,17,22,28,31 - Jan
05,06,09,17,22,29,30 - Jan
05,06,09,17,22,30,31 - Jan
05,06,09,17,25,26,28 - Jan
05,06,09,17,25,26,30 - Jan
05,06,09,17,25,28,30 - Jan
05,06,09,17,26,27,30 - Jan
05,06,09,17,26,28,29 - Jan
05,06,09,17,26,28,30 - Jan
05,06,09,17,26,28,31 - Jan
05,06,09,17,26,29,30 - Jan
05,06,09,17,26,30,31 - Jan
05,06,09,17,27,28,30 - Jan
05,06,09,17,28,30,31 - Jan
05,06,09,18,19,21,22 - Jan
05,06,09,18,19,21,26 - Jan
05,06,09,18,19,21,28 - Jan
05,06,09,18,19,21,30 - Jan
05,06,09,18,19,22,25 - Jan
05,06,09,18,19,22,26 - Jan
05,06,09,18,19,22,27 - Jan
05,06,09,18,19,22,28 - Jan
05,06,09,18,19,22,29 - Jan
05,06,09,18,19,22,30 - Jan
05,06,09,18,19,22,31 - Jan
05,06,09,18,19,25,26 - Jan
05,06,09,18,19,25,28 - Jan
05,06,09,18,19,25,30 - Jan
05,06,09,18,19,26,27 - Jan
05,06,09,18,19,26,28 - Jan
05,06,09,18,19,26,29 - Jan
05,06,09,18,19,26,30 - Jan
05,06,09,18,19,26,31 - Jan
05,06,09,18,19,27,28 - Jan
05,06,09,18,19,27,30 - Jan
05,06,09,18,19,28,29 - Jan
05,06,09,18,19,28,30 - Jan
05,06,09,18,19,28,31 - Jan
05,06,09,18,19,29,30 - Jan
05,06,09,18,19,30,31 - Jan
05,06,09,18,20,21,29 - Jan
05,06,09,18,20,21,31 - Jan
05,06,09,18,20,22,29 - Jan
05,06,09,18,20,22,31 - Jan
05,06,09,18,20,25,29 - Jan
05,06,09,18,20,25,31 - Jan
05,06,09,18,20,26,29 - Jan
05,06,09,18,20,26,31 - Jan
05,06,09,18,20,27,29 - Jan
05,06,09,18,20,27,31 - Jan
05,06,09,18,20,28,29 - Jan
05,06,09,18,20,28,31 - Jan
05,06,09,18,20,29,30 - Jan
05,06,09,18,20,29,31 - Jan
05,06,09,18,20,30,31 - Jan
05,06,09,18,21,22,29 - Jan
05,06,09,18,21,22,31 - Jan
05,06,09,18,21,26,29 - Jan
05,06,09,18,21,26,31 - Jan
05,06,09,18,21,28,29 - Jan
05,06,09,18,21,28,31 - Jan
05,06,09,18,21,29,30 - Jan
05,06,09,18,21,30,31 - Jan
05,06,09,18,22,25,29 - Jan
05,06,09,18,22,25,31 - Jan
05,06,09,18,22,26,29 - Jan
05,06,09,18,22,26,31 - Jan
05,06,09,18,22,27,29 - Jan
05,06,09,18,22,27,31 - Jan
05,06,09,18,22,28,29 - Jan
05,06,09,18,22,28,31 - Jan
05,06,09,18,22,29,30 - Jan
05,06,09,18,22,29,31 - Jan
05,06,09,18,22,30,31 - Jan
05,06,09,18,25,26,29 - Jan
05,06,09,18,25,26,31 - Jan
05,06,09,18,25,28,29 - Jan
05,06,09,18,25,28,31 - Jan
05,06,09,18,25,29,30 - Jan
05,06,09,18,25,30,31 - Jan
05,06,09,18,26,27,29 - Jan
05,06,09,18,26,27,31 - Jan
05,06,09,18,26,28,29 - Jan
05,06,09,18,26,28,31 - Jan
05,06,09,18,26,29,30 - Jan
05,06,09,18,26,29,31 - Jan
05,06,09,18,26,30,31 - Jan
05,06,09,18,27,28,31 - Jan
05,06,09,18,27,29,30 - Jan
05,06,09,18,27,30,31 - Jan
05,06,09,18,28,29,31 - Jan
05,06,09,18,28,30,31 - Jan
05,06,09,19,20,22,25 - Jan
05,06,09,19,20,22,26 - Jan
05,06,09,19,20,22,27 - Jan
05,06,09,19,20,22,28 - Jan
05,06,09,19,20,22,29 - Jan
05,06,09,19,20,22,30 - Jan
05,06,09,19,20,22,31 - Jan
05,06,09,19,20,25,26 - Jan
05,06,09,19,20,25,28 - Jan
05,06,09,19,20,25,30 - Jan
05,06,09,19,20,26,27 - Jan
05,06,09,19,20,26,28 - Jan
05,06,09,19,20,26,29 - Jan
05,06,09,19,20,26,30 - Jan
05,06,09,19,20,26,31 - Jan
05,06,09,19,20,27,28 - Jan
05,06,09,19,20,27,30 - Jan
05,06,09,19,20,28,29 - Jan
05,06,09,19,20,28,30 - Jan
05,06,09,19,20,28,31 - Jan
05,06,09,19,20,29,30 - Jan
05,06,09,19,20,30,31 - Jan
05,06,09,19,21,22,26 - Jan
05,06,09,19,21,22,28 - Jan
05,06,09,19,21,22,30 - Jan
05,06,09,19,21,26,28 - Jan
05,06,09,19,21,26,30 - Jan
05,06,09,19,21,28,30 - Jan
05,06,09,19,22,25,26 - Jan
05,06,09,19,22,25,28 - Jan
05,06,09,19,22,25,30 - Jan
05,06,09,19,22,26,27 - Jan
05,06,09,19,22,26,28 - Jan
05,06,09,19,22,26,29 - Jan
05,06,09,19,22,26,30 - Jan
05,06,09,19,22,26,31 - Jan
05,06,09,19,22,27,28 - Jan
05,06,09,19,22,27,30 - Jan
05,06,09,19,22,28,29 - Jan
05,06,09,19,22,28,30 - Jan
05,06,09,19,22,28,31 - Jan
05,06,09,19,22,29,30 - Jan
05,06,09,19,22,30,31 - Jan
05,06,09,19,25,26,28 - Jan
05,06,09,19,25,26,30 - Jan
05,06,09,19,25,28,30 - Jan
05,06,09,19,26,27,30 - Jan
05,06,09,19,26,28,29 - Jan
05,06,09,19,26,28,30 - Jan
05,06,09,19,26,28,31 - Jan
05,06,09,19,26,29,30 - Jan
05,06,09,19,26,30,31 - Jan
05,06,09,19,27,28,30 - Jan
05,06,09,19,28,30,31 - Jan
05,06,09,20,21,26,29 - Jan
05,06,09,20,21,26,31 - Jan
05,06,09,20,21,28,29 - Jan
05,06,09,20,21,28,31 - Jan
05,06,09,20,21,29,30 - Jan
05,06,09,20,21,30,31 - Jan
05,06,09,20,22,25,29 - Jan
05,06,09,20,22,25,31 - Jan
05,06,09,20,22,26,29 - Jan
05,06,09,20,22,26,31 - Jan
05,06,09,20,22,27,29 - Jan
05,06,09,20,22,27,31 - Jan
05,06,09,20,22,28,29 - Jan
05,06,09,20,22,28,31 - Jan
05,06,09,20,22,29,30 - Jan
05,06,09,20,22,29,31 - Jan
05,06,09,20,22,30,31 - Jan
05,06,09,20,25,26,29 - Jan
05,06,09,20,25,26,31 - Jan
05,06,09,20,25,28,29 - Jan
05,06,09,20,25,28,31 - Jan
05,06,09,20,25,29,30 - Jan
05,06,09,20,25,30,31 - Jan
05,06,09,20,26,27,29 - Jan
05,06,09,20,26,27,31 - Jan
05,06,09,20,26,28,29 - Jan
05,06,09,20,26,28,31 - Jan
05,06,09,20,26,29,30 - Jan
05,06,09,20,26,29,31 - Jan
05,06,09,20,26,30,31 - Jan
05,06,09,20,27,28,31 - Jan
05,06,09,20,27,29,30 - Jan
05,06,09,20,27,30,31 - Jan
05,06,09,20,28,29,31 - Jan
05,06,09,20,28,30,31 - Jan
05,06,09,21,22,26,29 - Jan
05,06,09,21,22,26,31 - Jan
05,06,09,21,22,28,29 - Jan
05,06,09,21,22,28,31 - Jan
05,06,09,21,22,29,30 - Jan
05,06,09,21,22,30,31 - Jan
05,06,09,21,26,28,29 - Jan
05,06,09,21,26,28,31 - Jan
05,06,09,21,26,29,30 - Jan
05,06,09,21,26,30,31 - Jan
05,06,09,21,28,30,31 - Jan
05,06,09,22,25,26,29 - Jan
05,06,09,22,25,26,31 - Jan
05,06,09,22,25,28,29 - Jan
05,06,09,22,25,28,31 - Jan
05,06,09,22,25,29,30 - Jan
05,06,09,22,25,30,31 - Jan
05,06,09,22,26,27,29 - Jan
05,06,09,22,26,27,31 - Jan
05,06,09,22,26,28,29 - Jan
05,06,09,22,26,28,31 - Jan
05,06,09,22,26,29,30 - Jan
05,06,09,22,26,29,31 - Jan
05,06,09,22,26,30,31 - Jan
05,06,09,22,27,28,31 - Jan
05,06,09,22,27,29,30 - Jan
05,06,09,22,27,30,31 - Jan
05,06,09,22,28,29,31 - Jan
05,06,09,25,26,28,29 - Jan
05,06,09,25,26,28,31 - Jan
05,06,09,25,26,29,30 - Jan
06,08,09,11,12,25,29 - Jan
06,08,09,11,12,25,31 - Jan
06,08,09,11,12,26,29 - Jan
06,08,09,11,12,26,31 - Jan
06,08,09,11,12,27,29 - Jan
06,08,09,11,12,27,31 - Jan
06,08,09,11,12,28,29 - Jan
06,08,09,11,12,28,31 - Jan
06,08,09,11,12,29,30 - Jan
06,08,09,11,12,29,31 - Jan
06,08,09,11,12,30,31 - Jan
06,08,09,11,13,22,31 - Jan
06,08,09,11,13,25,28 - Jan
06,08,09,11,13,25,30 - Jan
06,08,09,11,13,26,27 - Jan
06,08,09,11,13,26,28 - Jan
06,08,09,11,13,26,29 - Jan
06,08,09,11,13,26,30 - Jan
06,08,09,11,13,26,31 - Jan
06,08,09,11,13,27,28 - Jan
06,08,09,11,13,27,30 - Jan
06,08,09,11,13,28,29 - Jan
06,08,09,11,13,28,30 - Jan
06,08,09,11,13,28,31 - Jan
06,08,09,11,13,29,30 - Jan
06,08,09,11,13,30,31 - Jan
06,08,09,11,14,21,31 - Jan
06,08,09,11,14,22,31 - Jan
06,08,09,11,14,25,29 - Jan
06,08,09,11,14,25,31 - Jan
06,08,09,11,14,26,29 - Jan
06,08,09,11,14,26,31 - Jan
06,08,09,11,14,27,29 - Jan
06,08,09,11,14,27,31 - Jan
06,08,09,11,14,28,29 - Jan
06,08,09,11,14,28,31 - Jan
06,08,09,11,14,29,30 - Jan
06,08,09,11,14,29,31 - Jan
06,08,09,11,14,30,31 - Jan
06,08,09,11,15,20,31 - Jan
06,08,09,11,15,22,29 - Jan
06,08,09,11,15,22,31 - Jan
06,08,09,11,15,26,29 - Jan
06,08,09,11,15,26,31 - Jan
06,08,09,11,15,28,29 - Jan
06,08,09,11,15,28,31 - Jan
06,08,09,11,15,29,30 - Jan
06,08,09,11,15,30,31 - Jan
06,08,09,11,16,19,31 - Jan
06,08,09,11,16,20,31 - Jan
06,08,09,11,16,21,29 - Jan
06,08,09,11,16,21,31 - Jan
06,08,09,11,16,22,29 - Jan
06,08,09,11,16,22,31 - Jan
06,08,09,11,16,25,29 - Jan
06,08,09,11,16,25,31 - Jan
06,08,09,11,16,26,29 - Jan
06,08,09,11,16,26,31 - Jan
06,08,09,11,16,27,29 - Jan
06,08,09,11,16,27,31 - Jan
06,08,09,11,16,28,29 - Jan
06,08,09,11,16,28,31 - Jan
06,08,09,11,16,29,30 - Jan
06,08,09,11,16,29,31 - Jan
06,08,09,11,16,30,31 - Jan
06,08,09,11,17,18,31 - Jan
06,08,09,11,17,19,30 - Jan
06,08,09,11,17,20,29 - Jan
06,08,09,11,17,20,30 - Jan
06,08,09,11,17,20,31 - Jan
06,08,09,11,17,21,28 - Jan
06,08,09,11,17,21,30 - Jan
06,08,09,11,17,22,27 - Jan
06,08,09,11,17,22,28 - Jan
06,08,09,11,17,22,29 - Jan
06,08,09,11,17,22,30 - Jan
06,08,09,11,17,22,31 - Jan
06,08,09,11,17,25,26 - Jan
06,08,09,11,17,25,28 - Jan
06,08,09,11,17,25,30 - Jan
06,08,09,11,17,26,27 - Jan
06,08,09,11,17,26,28 - Jan
06,08,09,11,17,26,29 - Jan
06,08,09,11,17,26,30 - Jan
06,08,09,11,17,26,31 - Jan
06,08,09,11,17,27,28 - Jan
06,08,09,11,17,27,30 - Jan
06,08,09,11,17,28,29 - Jan
06,08,09,11,17,28,30 - Jan
06,08,09,11,17,28,31 - Jan
06,08,09,11,17,29,30 - Jan
06,08,09,11,17,30,31 - Jan
06,08,09,11,18,19,29 - Jan
06,08,09,11,18,19,30 - Jan
06,08,09,11,18,19,31 - Jan
06,08,09,11,18,20,29 - Jan
06,08,09,11,18,20,31 - Jan
06,08,09,11,18,21,29 - Jan
06,08,09,11,18,21,31 - Jan
06,08,09,11,18,22,29 - Jan
06,08,09,11,18,22,31 - Jan
06,08,09,11,18,25,29 - Jan
06,08,09,11,18,25,31 - Jan
06,08,09,11,18,26,29 - Jan
06,08,09,11,18,26,31 - Jan
06,08,09,11,18,27,29 - Jan
06,08,09,11,18,27,31 - Jan
06,08,09,11,18,28,29 - Jan
06,08,09,11,18,28,31 - Jan
06,08,09,11,18,29,30 - Jan
06,08,09,11,18,29,31 - Jan
06,08,09,11,18,30,31 - Jan
06,08,09,11,19,20,27 - Jan
06,08,09,11,19,20,28 - Jan
06,08,09,11,19,20,29 - Jan
06,08,09,11,19,20,30 - Jan
06,08,09,11,19,20,31 - Jan
06,08,09,11,19,21,26 - Jan
06,08,09,11,19,21,28 - Jan
06,08,09,11,19,21,30 - Jan
06,08,09,11,19,22,25 - Jan
06,08,09,11,19,22,26 - Jan
06,08,09,11,19,22,27 - Jan
06,08,09,11,19,22,28 - Jan
06,08,09,11,19,22,29 - Jan
06,08,09,11,19,22,30 - Jan
06,08,09,11,19,22,31 - Jan
06,08,09,11,19,25,26 - Jan
06,08,09,11,19,25,28 - Jan
06,08,09,11,19,25,30 - Jan
06,08,09,11,19,26,27 - Jan
06,08,09,11,19,26,28 - Jan
06,08,09,11,19,26,29 - Jan
06,08,09,11,19,26,30 - Jan
06,08,09,11,19,26,31 - Jan
06,08,09,11,19,27,28 - Jan
06,08,09,11,19,27,30 - Jan
06,08,09,11,19,28,29 - Jan
06,08,09,11,19,28,30 - Jan
06,08,09,11,19,28,31 - Jan
06,08,09,11,19,29,30 - Jan
06,08,09,11,19,30,31 - Jan
06,08,09,11,20,21,29 - Jan
06,08,09,11,20,21,31 - Jan
06,08,09,11,20,22,29 - Jan
06,08,09,11,20,22,31 - Jan
06,08,09,11,20,25,29 - Jan
06,08,09,11,20,25,31 - Jan
06,08,09,11,20,26,29 - Jan
06,08,09,11,20,26,31 - Jan
06,08,09,11,20,27,29 - Jan
06,08,09,11,20,27,31 - Jan
06,08,09,11,20,28,29 - Jan
06,08,09,11,20,28,31 - Jan
06,08,09,11,20,29,30 - Jan
06,08,09,11,20,29,31 - Jan
06,08,09,11,20,30,31 - Jan
06,08,09,11,21,22,29 - Jan
06,08,09,11,21,22,31 - Jan
06,08,09,11,21,26,29 - Jan
06,08,09,11,21,26,31 - Jan
06,08,09,11,21,28,29 - Jan
06,08,09,11,21,28,31 - Jan
06,08,09,11,21,29,30 - Jan
06,08,09,11,21,30,31 - Jan
06,08,09,11,22,25,29 - Jan
06,08,09,11,22,25,31 - Jan
06,08,09,11,22,26,29 - Jan
06,08,09,11,22,26,31 - Jan
06,08,09,11,22,27,29 - Jan
06,08,09,11,22,27,31 - Jan
06,08,09,11,22,28,29 - Jan
06,08,09,11,22,28,31 - Jan
06,08,09,11,22,29,30 - Jan
06,08,09,11,22,29,31 - Jan
06,08,09,11,22,30,31 - Jan
06,08,09,11,25,26,29 - Jan
06,08,09,11,25,26,31 - Jan
06,08,09,11,25,28,29 - Jan
06,08,09,11,25,28,31 - Jan
06,08,09,11,25,29,30 - Jan
06,08,09,11,25,30,31 - Jan
06,08,09,11,26,27,29 - Jan
06,08,09,11,26,27,31 - Jan
06,08,09,11,26,28,29 - Jan
06,08,09,11,26,28,31 - Jan
06,08,09,11,26,29,30 - Jan
06,08,09,11,26,29,31 - Jan
06,08,09,11,26,30,31 - Jan
06,08,09,11,27,28,31 - Jan
06,08,09,11,27,29,30 - Jan
06,08,09,11,27,30,31 - Jan
06,08,09,11,28,29,31 - Jan
06,08,09,11,28,30,31 - Jan
06,08,09,12,13,21,31 - Jan
06,08,09,12,13,22,31 - Jan
06,08,09,12,13,25,29 - Jan
06,08,09,12,13,25,31 - Jan
06,08,09,12,13,26,29 - Jan
06,08,09,12,13,26,31 - Jan
06,08,09,12,13,27,29 - Jan
06,08,09,12,13,27,31 - Jan
06,08,09,12,13,28,29 - Jan
06,08,09,12,13,28,31 - Jan
06,08,09,12,13,29,30 - Jan
06,08,09,12,13,29,31 - Jan
06,08,09,12,13,30,31 - Jan
06,08,09,12,14,29,31 - Jan
06,08,09,12,15,19,31 - Jan
06,08,09,12,15,29,31 - Jan
06,08,09,12,16,19,31 - Jan
06,08,09,12,16,29,31 - Jan
06,08,09,12,17,18,31 - Jan
06,08,09,12,17,19,29 - Jan
06,08,09,12,17,19,30 - Jan
06,08,09,12,17,19,31 - Jan
06,08,09,12,17,20,29 - Jan
06,08,09,12,17,20,31 - Jan
06,08,09,12,17,21,29 - Jan
06,08,09,12,17,21,31 - Jan
06,08,09,12,17,22,29 - Jan
06,08,09,12,17,22,31 - Jan
06,08,09,12,17,25,29 - Jan
06,08,09,12,17,25,31 - Jan
06,08,09,12,17,26,29 - Jan
06,08,09,12,17,26,31 - Jan
06,08,09,12,17,27,29 - Jan
06,08,09,12,17,27,31 - Jan
06,08,09,12,17,28,29 - Jan
06,08,09,12,17,28,31 - Jan
06,08,09,12,17,29,30 - Jan
06,08,09,12,17,29,31 - Jan
06,08,09,12,17,30,31 - Jan
06,08,09,12,18,19,29 - Jan
06,08,09,12,18,19,31 - Jan
06,08,09,12,18,29,31 - Jan
06,08,09,12,19,20,29 - Jan
06,08,09,12,19,20,31 - Jan
06,08,09,12,19,21,29 - Jan
06,08,09,12,19,21,31 - Jan
06,08,09,12,19,22,29 - Jan
06,08,09,12,19,22,31 - Jan
06,08,09,12,19,25,29 - Jan
06,08,09,12,19,25,31 - Jan
06,08,09,12,19,26,29 - Jan
06,08,09,12,19,26,31 - Jan
06,08,09,12,19,27,29 - Jan
06,08,09,12,19,27,31 - Jan
06,08,09,12,19,28,29 - Jan
06,08,09,12,19,28,31 - Jan
06,08,09,12,19,29,30 - Jan
06,08,09,12,19,29,31 - Jan
06,08,09,12,19,30,31 - Jan
06,08,09,12,20,29,31 - Jan
06,08,09,12,21,29,31 - Jan
06,08,09,12,22,29,31 - Jan
06,08,09,12,25,29,31 - Jan
06,08,09,12,26,29,31 - Jan
06,08,09,12,27,29,31 - Jan
06,08,09,12,28,29,31 - Jan
06,08,09,13,14,19,31 - Jan
06,08,09,13,14,20,31 - Jan
06,08,09,13,14,21,29 - Jan
06,08,09,13,14,21,31 - Jan
06,08,09,13,14,22,29 - Jan
06,08,09,13,14,22,31 - Jan
06,08,09,13,14,25,29 - Jan
06,08,09,13,14,25,31 - Jan
06,08,09,13,14,26,29 - Jan
06,08,09,13,14,26,31 - Jan
06,08,09,13,14,27,29 - Jan
06,08,09,13,14,27,31 - Jan
06,08,09,13,14,28,29 - Jan
06,08,09,13,14,28,31 - Jan
06,08,09,13,14,29,30 - Jan
06,08,09,13,14,29,31 - Jan
06,08,09,13,14,30,31 - Jan
06,08,09,13,15,18,31 - Jan
06,08,09,13,15,19,30 - Jan
06,08,09,13,15,20,29 - Jan
06,08,09,13,15,20,31 - Jan
06,08,09,13,15,22,29 - Jan
06,08,09,13,15,22,31 - Jan
06,08,09,13,15,26,29 - Jan
06,08,09,13,15,26,31 - Jan
06,08,09,13,15,28,29 - Jan
06,08,09,13,15,28,31 - Jan
06,08,09,13,15,29,30 - Jan
06,08,09,13,15,30,31 - Jan
06,08,09,13,16,17,31 - Jan
06,08,09,13,16,18,31 - Jan
06,08,09,13,16,19,29 - Jan
06,08,09,13,16,19,30 - Jan
06,08,09,13,16,19,31 - Jan
06,08,09,13,16,20,29 - Jan
06,08,09,13,16,20,31 - Jan
06,08,09,13,16,21,29 - Jan
06,08,09,13,16,21,31 - Jan
06,08,09,13,16,22,29 - Jan
06,08,09,13,16,22,31 - Jan
06,08,09,13,16,25,29 - Jan
06,08,09,13,16,25,31 - Jan
06,08,09,13,16,26,29 - Jan
06,08,09,13,16,26,31 - Jan
06,08,09,13,16,27,29 - Jan
06,08,09,13,16,27,31 - Jan
06,08,09,13,16,28,29 - Jan
06,08,09,13,16,28,31 - Jan
06,08,09,13,16,29,30 - Jan
06,08,09,13,16,29,31 - Jan
06,08,09,13,16,30,31 - Jan
06,08,09,13,17,18,29 - Jan
06,08,09,13,17,18,30 - Jan
06,08,09,13,17,18,31 - Jan
06,08,09,13,17,19,28 - Jan
06,08,09,13,17,19,30 - Jan
06,08,09,13,17,20,27 - Jan
06,08,09,13,17,20,28 - Jan
06,08,09,13,17,20,29 - Jan
06,08,09,13,17,20,30 - Jan
06,08,09,13,17,20,31 - Jan
06,08,09,13,17,21,26 - Jan
06,08,09,13,17,21,28 - Jan
06,08,09,13,17,21,30 - Jan
06,08,09,13,17,22,25 - Jan
06,08,09,13,17,22,26 - Jan
06,08,09,13,17,22,27 - Jan
06,08,09,13,17,22,28 - Jan
06,08,09,13,17,22,29 - Jan
06,08,09,13,17,22,30 - Jan
06,08,09,13,17,22,31 - Jan
06,08,09,13,17,25,26 - Jan
06,08,09,13,17,25,28 - Jan
06,08,09,13,17,25,30 - Jan
06,08,09,13,17,26,27 - Jan
06,08,09,13,17,26,28 - Jan
06,08,09,13,17,26,29 - Jan
06,08,09,13,17,26,30 - Jan
06,08,09,13,17,26,31 - Jan
06,08,09,13,17,27,28 - Jan
06,08,09,13,17,27,30 - Jan
06,08,09,13,17,28,29 - Jan
06,08,09,13,17,28,30 - Jan
06,08,09,13,17,28,31 - Jan
06,08,09,13,17,29,30 - Jan
06,08,09,13,17,30,31 - Jan
06,08,09,13,18,19,27 - Jan
06,08,09,13,18,19,28 - Jan
06,08,09,13,18,19,29 - Jan
06,08,09,13,18,19,30 - Jan
06,08,09,13,18,19,31 - Jan
06,08,09,13,18,20,29 - Jan
06,08,09,13,18,20,31 - Jan
06,08,09,13,18,21,29 - Jan
06,08,09,13,18,21,31 - Jan
06,08,09,13,18,22,29 - Jan
06,08,09,13,18,22,31 - Jan
06,08,09,13,18,25,29 - Jan
06,08,09,13,18,25,31 - Jan
06,08,09,13,18,26,29 - Jan
06,08,09,13,18,26,31 - Jan
06,08,09,13,18,27,29 - Jan
06,08,09,13,18,27,31 - Jan
06,08,09,13,18,28,29 - Jan
06,08,09,13,18,28,31 - Jan
06,08,09,13,18,29,30 - Jan
06,08,09,13,18,29,31 - Jan
06,08,09,13,18,30,31 - Jan
06,08,09,13,19,20,25 - Jan
06,08,09,13,19,20,26 - Jan
06,08,09,13,19,20,27 - Jan
06,08,09,13,19,20,28 - Jan
06,08,09,13,19,20,29 - Jan
06,08,09,13,19,20,30 - Jan
06,08,09,13,19,20,31 - Jan
06,08,09,13,19,21,26 - Jan
06,08,09,13,19,21,28 - Jan
06,08,09,13,19,21,30 - Jan
06,08,09,13,19,22,25 - Jan
06,08,09,13,19,22,26 - Jan
06,08,09,13,19,22,27 - Jan
06,08,09,13,19,22,28 - Jan
06,08,09,13,19,22,29 - Jan
06,08,09,13,19,22,30 - Jan
06,08,09,13,19,22,31 - Jan
06,08,09,13,19,25,26 - Jan
06,08,09,13,19,25,28 - Jan
06,08,09,13,19,25,30 - Jan
06,08,09,13,19,26,27 - Jan
06,08,09,13,19,26,28 - Jan
06,08,09,13,19,26,29 - Jan
06,08,09,13,19,26,30 - Jan
06,08,09,13,19,26,31 - Jan
06,08,09,13,19,27,28 - Jan
06,08,09,13,19,27,30 - Jan
06,08,09,13,19,28,29 - Jan
06,08,09,13,19,28,30 - Jan
06,08,09,13,19,28,31 - Jan
06,08,09,13,19,29,30 - Jan
06,08,09,13,19,30,31 - Jan
06,08,09,13,20,21,29 - Jan
06,08,09,13,20,21,31 - Jan
06,08,09,13,20,22,29 - Jan
06,08,09,13,20,22,31 - Jan
06,08,09,13,20,25,29 - Jan
06,08,09,13,20,25,31 - Jan
06,08,09,13,20,26,29 - Jan
06,08,09,13,20,26,31 - Jan
06,08,09,13,20,27,29 - Jan
06,08,09,13,20,27,31 - Jan
06,08,09,13,20,28,29 - Jan
06,08,09,13,20,28,31 - Jan
06,08,09,13,20,29,30 - Jan
06,08,09,13,20,29,31 - Jan
06,08,09,13,20,30,31 - Jan
06,08,09,13,21,22,29 - Jan
06,08,09,13,21,22,31 - Jan
06,08,09,13,21,26,29 - Jan
06,08,09,13,21,26,31 - Jan
06,08,09,13,21,28,29 - Jan
06,08,09,13,21,28,31 - Jan
06,08,09,13,21,29,30 - Jan
06,08,09,13,21,30,31 - Jan
06,08,09,13,22,25,29 - Jan
06,08,09,13,22,25,31 - Jan
06,08,09,13,22,26,29 - Jan
06,08,09,13,22,26,31 - Jan
06,08,09,13,22,27,29 - Jan
06,08,09,13,22,27,31 - Jan
06,08,09,13,22,28,29 - Jan
06,08,09,13,22,28,31 - Jan
06,08,09,13,22,29,30 - Jan
06,08,09,13,22,29,31 - Jan
06,08,09,13,22,30,31 - Jan
06,08,09,13,25,26,29 - Jan
06,08,09,13,25,26,31 - Jan
06,08,09,13,25,28,29 - Jan
06,08,09,13,25,28,31 - Jan
06,08,09,13,25,29,30 - Jan
06,08,09,13,25,30,31 - Jan
06,08,09,13,26,27,29 - Jan
06,08,09,13,26,27,31 - Jan
06,08,09,13,26,28,29 - Jan
06,08,09,13,26,28,31 - Jan
06,08,09,13,26,29,30 - Jan
06,08,09,13,26,29,31 - Jan
06,08,09,13,26,30,31 - Jan
06,08,09,13,27,28,31 - Jan
06,08,09,13,27,29,30 - Jan
06,08,09,13,27,30,31 - Jan
06,08,09,13,28,29,31 - Jan
06,08,09,13,28,30,31 - Jan
06,08,09,14,15,17,31 - Jan
06,08,09,14,15,19,29 - Jan
06,08,09,14,15,19,31 - Jan
06,08,09,14,15,29,31 - Jan
06,08,09,14,16,17,31 - Jan
06,08,09,14,16,19,29 - Jan
06,08,09,14,16,19,31 - Jan
06,08,09,14,16,29,31 - Jan
06,08,09,14,17,18,29 - Jan
06,08,09,14,17,18,31 - Jan
06,08,09,14,17,19,27 - Jan
06,08,09,14,17,19,28 - Jan
06,08,09,14,17,19,29 - Jan
06,08,09,14,17,19,30 - Jan
06,08,09,14,17,19,31 - Jan
06,08,09,14,17,20,29 - Jan
06,08,09,14,17,20,31 - Jan
06,08,09,14,17,21,29 - Jan
06,08,09,14,17,21,31 - Jan
06,08,09,14,17,22,29 - Jan
06,08,09,14,17,22,31 - Jan
06,08,09,14,17,25,29 - Jan
06,08,09,14,17,25,31 - Jan
06,08,09,14,17,26,29 - Jan
06,08,09,14,17,26,31 - Jan
06,08,09,14,17,27,29 - Jan
06,08,09,14,17,27,31 - Jan
06,08,09,14,17,28,29 - Jan
06,08,09,14,17,28,31 - Jan
06,08,09,14,17,29,30 - Jan
06,08,09,14,17,29,31 - Jan
06,08,09,14,17,30,31 - Jan
06,08,09,14,18,19,29 - Jan
06,08,09,14,18,19,31 - Jan
06,08,09,14,18,29,31 - Jan
06,08,09,14,19,20,29 - Jan
06,08,09,14,19,20,31 - Jan
06,08,09,14,19,21,29 - Jan
06,08,09,14,19,21,31 - Jan
06,08,09,14,19,22,29 - Jan
06,08,09,14,19,22,31 - Jan
06,08,09,14,19,25,29 - Jan
06,08,09,14,19,25,31 - Jan
06,08,09,14,19,26,29 - Jan
06,08,09,14,19,26,31 - Jan
06,08,09,14,19,27,29 - Jan
06,08,09,14,19,27,31 - Jan
06,08,09,14,19,28,29 - Jan
06,08,09,14,19,28,31 - Jan
06,08,09,14,19,29,30 - Jan
06,08,09,14,19,29,31 - Jan
06,08,09,14,19,30,31 - Jan
06,08,09,14,20,29,31 - Jan
06,08,09,14,21,29,31 - Jan
06,08,09,14,22,29,31 - Jan
06,08,09,14,25,29,31 - Jan
06,08,09,14,26,29,31 - Jan
06,08,09,14,27,29,31 - Jan
06,08,09,14,28,29,31 - Jan
06,08,09,15,16,19,29 - Jan
06,08,09,15,16,19,31 - Jan
06,08,09,15,16,29,31 - Jan
06,08,09,15,17,18,29 - Jan
06,08,09,15,17,18,31 - Jan
06,08,09,15,17,19,26 - Jan
06,08,09,15,17,19,28 - Jan
06,08,09,15,17,19,30 - Jan
06,08,09,15,17,20,29 - Jan
06,08,09,15,17,20,31 - Jan
06,08,09,15,17,22,29 - Jan
06,08,09,15,17,22,31 - Jan
06,08,09,15,17,26,29 - Jan
06,08,09,15,17,26,31 - Jan
06,08,09,15,17,28,29 - Jan
06,08,09,15,17,28,31 - Jan
06,08,09,15,17,29,30 - Jan
06,08,09,15,17,30,31 - Jan
06,08,09,15,18,19,29 - Jan
06,08,09,15,18,19,31 - Jan
06,08,09,15,18,29,31 - Jan
06,08,09,15,19,20,29 - Jan
06,08,09,15,19,20,31 - Jan
06,08,09,15,19,22,29 - Jan
06,08,09,15,19,22,31 - Jan
06,08,09,15,19,26,29 - Jan
06,08,09,15,19,26,31 - Jan
06,08,09,15,19,28,29 - Jan
06,08,09,15,19,28,31 - Jan
06,08,09,15,19,29,30 - Jan
06,08,09,15,19,30,31 - Jan
06,08,09,15,20,29,31 - Jan
06,08,09,15,22,29,31 - Jan
06,08,09,15,26,29,31 - Jan
06,08,09,15,28,29,31 - Jan
06,08,09,16,17,19,25 - Jan
06,08,09,16,17,19,26 - Jan
06,08,09,16,17,19,27 - Jan
06,08,09,16,17,19,28 - Jan
06,08,09,16,17,19,29 - Jan
06,08,09,16,17,19,30 - Jan
06,08,09,16,17,19,31 - Jan
06,08,09,16,17,20,29 - Jan
06,08,09,16,17,20,31 - Jan
06,08,09,16,17,21,29 - Jan
06,08,09,16,17,21,31 - Jan
06,08,09,16,17,22,29 - Jan
06,08,09,16,17,22,31 - Jan
06,08,09,16,17,25,29 - Jan
06,08,09,16,17,25,31 - Jan
06,08,09,16,17,26,29 - Jan
06,08,09,16,17,26,31 - Jan
06,08,09,16,17,27,29 - Jan
06,08,09,16,17,27,31 - Jan
06,08,09,16,17,28,29 - Jan
06,08,09,16,17,28,31 - Jan
06,08,09,16,17,29,30 - Jan
06,08,09,16,17,29,31 - Jan
06,08,09,16,17,30,31 - Jan
06,08,09,16,18,19,29 - Jan
06,08,09,16,18,19,31 - Jan
06,08,09,16,18,29,31 - Jan
06,08,09,16,19,20,29 - Jan
06,08,09,16,19,20,31 - Jan
06,08,09,16,19,21,29 - Jan
06,08,09,16,19,21,31 - Jan
06,08,09,16,19,22,29 - Jan
06,08,09,16,19,22,31 - Jan
06,08,09,16,19,25,29 - Jan
06,08,09,16,19,25,31 - Jan
06,08,09,16,19,26,29 - Jan
06,08,09,16,19,26,31 - Jan
06,08,09,16,19,27,29 - Jan
06,08,09,16,19,27,31 - Jan
06,08,09,16,19,28,29 - Jan
06,08,09,16,19,28,31 - Jan
06,08,09,16,19,29,30 - Jan
06,08,09,16,19,29,31 - Jan
06,08,09,16,19,30,31 - Jan
06,08,09,16,20,29,31 - Jan
06,08,09,16,21,29,31 - Jan
06,08,09,16,22,29,31 - Jan
06,08,09,16,25,29,31 - Jan
06,08,09,16,26,29,31 - Jan
06,08,09,16,27,29,31 - Jan
06,08,09,16,28,29,31 - Jan
06,08,09,17,18,20,29 - Jan
06,08,09,17,18,20,31 - Jan
06,08,09,17,18,21,29 - Jan
06,08,09,17,18,21,31 - Jan
06,08,09,17,18,22,29 - Jan
06,08,09,17,18,22,31 - Jan
06,08,09,17,18,25,29 - Jan
06,08,09,17,18,25,31 - Jan
06,08,09,17,18,26,29 - Jan
06,08,09,17,18,26,31 - Jan
06,08,09,17,18,27,29 - Jan
06,08,09,17,18,27,31 - Jan
06,08,09,17,18,28,29 - Jan
06,08,09,17,18,28,31 - Jan
06,08,09,17,18,29,30 - Jan
06,08,09,17,18,29,31 - Jan
06,08,09,17,18,30,31 - Jan
06,08,09,17,19,20,22 - Jan
06,08,09,17,19,20,25 - Jan
06,08,09,17,19,20,26 - Jan
06,08,09,17,19,20,27 - Jan
06,08,09,17,19,20,28 - Jan
06,08,09,17,19,20,29 - Jan
06,08,09,17,19,20,30 - Jan
06,08,09,17,19,20,31 - Jan
06,08,09,17,19,21,22 - Jan
06,08,09,17,19,21,26 - Jan
06,08,09,17,19,21,28 - Jan
06,08,09,17,19,21,30 - Jan
06,08,09,17,19,22,25 - Jan
06,08,09,17,19,22,26 - Jan
06,08,09,17,19,22,27 - Jan
06,08,09,17,19,22,28 - Jan
06,08,09,17,19,22,29 - Jan
06,08,09,17,19,22,30 - Jan
06,08,09,17,19,22,31 - Jan
06,08,09,17,19,25,26 - Jan
06,08,09,17,19,25,28 - Jan
06,08,09,17,19,25,30 - Jan
06,08,09,17,19,26,27 - Jan
06,08,09,17,19,26,28 - Jan
06,08,09,17,19,26,29 - Jan
06,08,09,17,19,26,30 - Jan
06,08,09,17,19,26,31 - Jan
06,08,09,17,19,27,28 - Jan
06,08,09,17,19,27,30 - Jan
06,08,09,17,19,28,29 - Jan
06,08,09,17,19,28,30 - Jan
06,08,09,17,19,28,31 - Jan
06,08,09,17,19,29,30 - Jan
06,08,09,17,19,30,31 - Jan
06,08,09,17,20,21,29 - Jan
06,08,09,17,20,21,31 - Jan
06,08,09,17,20,22,29 - Jan
06,08,09,17,20,22,31 - Jan
06,08,09,17,20,25,29 - Jan
06,08,09,17,20,25,31 - Jan
06,08,09,17,20,26,29 - Jan
06,08,09,17,20,26,31 - Jan
06,08,09,17,20,27,29 - Jan
06,08,09,17,20,27,31 - Jan
06,08,09,17,20,28,29 - Jan
06,08,09,17,20,28,31 - Jan
06,08,09,17,20,29,30 - Jan
06,08,09,17,20,29,31 - Jan
06,08,09,17,20,30,31 - Jan
06,08,09,17,21,22,29 - Jan
06,08,09,17,21,22,31 - Jan
06,08,09,17,21,26,29 - Jan
06,08,09,17,21,26,31 - Jan
06,08,09,17,21,28,29 - Jan
06,08,09,17,21,28,31 - Jan
06,08,09,17,21,29,30 - Jan
06,08,09,17,21,30,31 - Jan
06,08,09,17,22,25,29 - Jan
06,08,09,17,22,25,31 - Jan
06,08,09,17,22,26,29 - Jan
06,08,09,17,22,26,31 - Jan
06,08,09,17,22,27,29 - Jan
06,08,09,17,22,27,31 - Jan
06,08,09,17,22,28,29 - Jan
06,08,09,17,22,28,31 - Jan
06,08,09,17,22,29,30 - Jan
06,08,09,17,22,29,31 - Jan
06,08,09,17,22,30,31 - Jan
06,08,09,17,25,26,29 - Jan
06,08,09,17,25,26,31 - Jan
06,08,09,17,25,28,29 - Jan
06,08,09,17,25,28,31 - Jan
06,08,09,17,25,29,30 - Jan
06,08,09,17,25,30,31 - Jan
06,08,09,17,26,27,29 - Jan
06,08,09,17,26,27,31 - Jan
06,08,09,17,26,28,29 - Jan
06,08,09,17,26,28,31 - Jan
06,08,09,17,26,29,30 - Jan
06,08,09,17,26,29,31 - Jan
06,08,09,17,26,30,31 - Jan
06,08,09,17,27,28,31 - Jan
06,08,09,17,27,29,30 - Jan
06,08,09,17,27,30,31 - Jan
06,08,09,17,28,29,31 - Jan
06,08,09,17,28,30,31 - Jan
06,08,09,18,19,21,29 - Jan
06,08,09,18,19,21,31 - Jan
06,08,09,18,19,22,29 - Jan
06,08,09,18,19,22,31 - Jan
06,08,09,18,19,25,29 - Jan
06,08,09,18,19,25,31 - Jan
06,08,09,18,19,26,29 - Jan
06,08,09,18,19,26,31 - Jan
06,08,09,18,19,27,29 - Jan
06,08,09,18,19,27,31 - Jan
06,08,09,18,19,28,29 - Jan
06,08,09,18,19,28,31 - Jan
06,08,09,18,19,29,30 - Jan
06,08,09,18,19,29,31 - Jan
06,08,09,18,19,30,31 - Jan
06,08,09,18,20,29,31 - Jan
06,08,09,18,21,29,31 - Jan
06,08,09,18,22,29,31 - Jan
06,08,09,18,25,29,31 - Jan
06,08,09,18,26,29,31 - Jan
06,08,09,18,27,29,31 - Jan
06,08,09,18,28,29,31 - Jan
06,08,09,19,20,22,29 - Jan
06,08,09,19,20,22,31 - Jan
06,08,09,19,20,25,29 - Jan
06,08,09,19,20,25,31 - Jan
06,08,09,19,20,26,29 - Jan
06,08,09,19,20,26,31 - Jan
06,08,09,19,20,27,29 - Jan
06,08,09,19,20,27,31 - Jan
06,08,09,19,20,28,29 - Jan
06,08,09,19,20,28,31 - Jan
06,08,09,19,20,29,30 - Jan
06,08,09,19,20,29,31 - Jan
06,08,09,19,20,30,31 - Jan
06,08,09,19,21,22,29 - Jan
06,08,09,19,21,22,31 - Jan
06,08,09,19,21,26,29 - Jan
06,08,09,19,21,26,31 - Jan
06,08,09,19,21,28,29 - Jan
06,08,09,19,21,28,31 - Jan
06,08,09,19,21,29,30 - Jan
06,08,09,19,21,30,31 - Jan
06,08,09,19,22,25,29 - Jan
06,08,09,19,22,25,31 - Jan
06,08,09,19,22,26,29 - Jan
06,08,09,19,22,26,31 - Jan
06,08,09,19,22,27,29 - Jan
06,08,09,19,22,27,31 - Jan
06,08,09,19,22,28,29 - Jan
06,08,09,19,22,28,31 - Jan
06,08,09,19,22,29,30 - Jan
06,08,09,19,22,29,31 - Jan
06,08,09,19,22,30,31 - Jan
06,08,09,19,25,26,29 - Jan
06,08,09,19,25,26,31 - Jan
06,08,09,19,25,28,29 - Jan
06,08,09,19,25,28,31 - Jan
06,08,09,19,25,29,30 - Jan
06,08,09,19,25,30,31 - Jan
06,08,09,19,26,27,29 - Jan
06,08,09,19,26,27,31 - Jan
06,08,09,19,26,28,29 - Jan
06,08,09,19,26,28,31 - Jan
06,08,09,19,26,29,30 - Jan
06,08,09,19,26,29,31 - Jan
06,08,09,19,26,30,31 - Jan
06,08,09,19,27,28,31 - Jan
06,08,09,19,27,29,30 - Jan
06,08,09,19,27,30,31 - Jan
06,08,09,19,28,29,31 - Jan
06,08,09,20,21,29,31 - Jan
06,08,09,20,22,29,31 - Jan
06,08,09,20,25,29,31 - Jan
06,08,09,20,26,29,31 - Jan
06,08,09,20,27,29,31 - Jan
06,08,09,21,22,29,31 - Jan
06,08,09,21,26,29,31 - Jan
06,08,09,22,25,29,31 - Jan
06,09,10,12,13,19,31 - Jan
06,09,10,12,13,20,31 - Jan
06,09,10,12,13,21,29 - Jan
06,09,10,12,13,21,31 - Jan
06,09,10,12,13,22,29 - Jan
06,09,10,12,13,22,31 - Jan
06,09,10,12,13,25,29 - Jan
06,09,10,12,13,25,31 - Jan
06,09,10,12,13,26,29 - Jan
06,09,10,12,13,26,31 - Jan
06,09,10,12,13,27,29 - Jan
06,09,10,12,13,27,31 - Jan
06,09,10,12,13,28,29 - Jan
06,09,10,12,13,28,31 - Jan
06,09,10,12,13,29,30 - Jan
06,09,10,12,13,29,31 - Jan
06,09,10,12,13,30,31 - Jan
06,09,10,12,14,19,31 - Jan
06,09,10,12,14,29,31 - Jan
06,09,10,12,15,17,31 - Jan
06,09,10,12,15,19,29 - Jan
06,09,10,12,15,19,31 - Jan
06,09,10,12,15,29,31 - Jan
06,09,10,12,16,17,31 - Jan
06,09,10,12,16,19,29 - Jan
06,09,10,12,16,19,31 - Jan
06,09,10,12,16,29,31 - Jan
06,09,10,12,17,18,29 - Jan
06,09,10,12,17,18,31 - Jan
06,09,10,12,17,19,27 - Jan
06,09,10,12,17,19,28 - Jan
06,09,10,12,17,19,29 - Jan
06,09,10,12,17,19,30 - Jan
06,09,10,12,17,19,31 - Jan
06,09,10,12,17,20,29 - Jan
06,09,10,12,17,20,31 - Jan
06,09,10,12,17,21,29 - Jan
06,09,10,12,17,21,31 - Jan
06,09,10,12,17,22,29 - Jan
06,09,10,12,17,22,31 - Jan
06,09,10,12,17,25,29 - Jan
06,09,10,12,17,25,31 - Jan
06,09,10,12,17,26,29 - Jan
06,09,10,12,17,26,31 - Jan
06,09,10,12,17,27,29 - Jan
06,09,10,12,17,27,31 - Jan
06,09,10,12,17,28,29 - Jan
06,09,10,12,17,28,31 - Jan
06,09,10,12,17,29,30 - Jan
06,09,10,12,17,29,31 - Jan
06,09,10,12,17,30,31 - Jan
06,09,10,12,18,19,29 - Jan
06,09,10,12,18,19,31 - Jan
06,09,10,12,18,29,31 - Jan
06,09,10,12,19,20,29 - Jan
06,09,10,12,19,20,31 - Jan
06,09,10,12,19,21,29 - Jan
06,09,10,12,19,21,31 - Jan
06,09,10,12,19,22,29 - Jan
06,09,10,12,19,22,31 - Jan
06,09,10,12,19,25,29 - Jan
06,09,10,12,19,25,31 - Jan
06,09,10,12,19,26,29 - Jan
06,09,10,12,19,26,31 - Jan
06,09,10,12,19,27,29 - Jan
06,09,10,12,19,27,31 - Jan
06,09,10,12,19,28,29 - Jan
06,09,10,12,19,28,31 - Jan
06,09,10,12,19,29,30 - Jan
06,09,10,12,19,29,31 - Jan
06,09,10,12,19,30,31 - Jan
06,09,10,12,20,29,31 - Jan
06,09,10,12,21,29,31 - Jan
06,09,10,12,22,29,31 - Jan
06,09,10,12,25,29,31 - Jan
06,09,10,12,26,29,31 - Jan
06,09,10,12,27,29,31 - Jan
06,09,10,12,28,29,31 - Jan
06,09,10,13,14,17,31 - Jan
06,09,10,13,14,18,31 - Jan
06,09,10,13,14,19,29 - Jan
06,09,10,13,14,19,30 - Jan
06,09,10,13,14,19,31 - Jan
06,09,10,13,14,20,29 - Jan
06,09,10,13,14,20,31 - Jan
06,09,10,13,14,21,29 - Jan
06,09,10,13,14,21,31 - Jan
06,09,10,13,14,22,29 - Jan
06,09,10,13,14,22,31 - Jan
06,09,10,13,14,25,29 - Jan
06,09,10,13,14,25,31 - Jan
06,09,10,13,14,26,29 - Jan
06,09,10,13,14,26,31 - Jan
06,09,10,13,14,27,29 - Jan
06,09,10,13,14,27,31 - Jan
06,09,10,13,14,28,29 - Jan
06,09,10,13,14,28,31 - Jan
06,09,10,13,14,29,30 - Jan
06,09,10,13,14,29,31 - Jan
06,09,10,13,14,30,31 - Jan
06,09,10,13,15,16,31 - Jan
06,09,10,13,15,17,30 - Jan
06,09,10,13,15,18,29 - Jan
06,09,10,13,15,18,31 - Jan
06,09,10,13,15,19,28 - Jan
06,09,10,13,15,19,30 - Jan
06,09,10,13,15,20,29 - Jan
06,09,10,13,15,20,31 - Jan
06,09,10,13,15,22,29 - Jan
06,09,10,13,15,22,31 - Jan
06,09,10,13,15,26,29 - Jan
06,09,10,13,15,26,31 - Jan
06,09,10,13,15,28,29 - Jan
06,09,10,13,15,28,31 - Jan
06,09,10,13,15,29,30 - Jan
06,09,10,13,15,30,31 - Jan
06,09,10,13,16,17,29 - Jan
06,09,10,13,16,17,30 - Jan
06,09,10,13,16,17,31 - Jan
06,09,10,13,16,18,29 - Jan
06,09,10,13,16,18,31 - Jan
06,09,10,13,16,19,27 - Jan
06,09,10,13,16,19,28 - Jan
06,09,10,13,16,19,29 - Jan
06,09,10,13,16,19,30 - Jan
06,09,10,13,16,19,31 - Jan
06,09,10,13,16,20,29 - Jan
06,09,10,13,16,20,31 - Jan
06,09,10,13,16,21,29 - Jan
06,09,10,13,16,21,31 - Jan
06,09,10,13,16,22,29 - Jan
06,09,10,13,16,22,31 - Jan
06,09,10,13,16,25,29 - Jan
06,09,10,13,16,25,31 - Jan
06,09,10,13,16,26,29 - Jan
06,09,10,13,16,26,31 - Jan
06,09,10,13,16,27,29 - Jan
06,09,10,13,16,27,31 - Jan
06,09,10,13,16,28,29 - Jan
06,09,10,13,16,28,31 - Jan
06,09,10,13,16,29,30 - Jan
06,09,10,13,16,29,31 - Jan
06,09,10,13,16,30,31 - Jan
06,09,10,13,17,18,27 - Jan
06,09,10,13,17,18,28 - Jan
06,09,10,13,17,18,29 - Jan
06,09,10,13,17,18,30 - Jan
06,09,10,13,17,18,31 - Jan
06,09,10,13,17,19,26 - Jan
06,09,10,13,17,19,28 - Jan
06,09,10,13,17,19,30 - Jan
06,09,10,13,17,20,25 - Jan
06,09,10,13,17,20,26 - Jan
06,09,10,13,17,20,27 - Jan
06,09,10,13,17,20,28 - Jan
06,09,10,13,17,20,29 - Jan
06,09,10,13,17,20,30 - Jan
06,09,10,13,17,20,31 - Jan
06,09,10,13,17,21,26 - Jan
06,09,10,13,17,21,28 - Jan
06,09,10,13,17,21,30 - Jan
06,09,10,13,17,22,25 - Jan
06,09,10,13,17,22,26 - Jan
06,09,10,13,17,22,27 - Jan
06,09,10,13,17,22,28 - Jan
06,09,10,13,17,22,29 - Jan
06,09,10,13,17,22,30 - Jan
06,09,10,13,17,22,31 - Jan
06,09,10,13,17,25,26 - Jan
06,09,10,13,17,25,28 - Jan
06,09,10,13,17,25,30 - Jan
06,09,10,13,17,26,27 - Jan
06,09,10,13,17,26,28 - Jan
06,09,10,13,17,26,29 - Jan
06,09,10,13,17,26,30 - Jan
06,09,10,13,17,26,31 - Jan
06,09,10,13,17,27,28 - Jan
06,09,10,13,17,27,30 - Jan
06,09,10,13,17,28,29 - Jan
06,09,10,13,17,28,30 - Jan
06,09,10,13,17,28,31 - Jan
06,09,10,13,17,29,30 - Jan
06,09,10,13,17,30,31 - Jan
06,09,10,13,18,19,25 - Jan
06,09,10,13,18,19,26 - Jan
06,09,10,13,18,19,27 - Jan
06,09,10,13,18,19,28 - Jan
06,09,10,13,18,19,29 - Jan
06,09,10,13,18,19,30 - Jan
06,09,10,13,18,19,31 - Jan
06,09,10,13,18,20,29 - Jan
06,09,10,13,18,20,31 - Jan
06,09,10,13,18,21,29 - Jan
06,09,10,13,18,21,31 - Jan
06,09,10,13,18,22,29 - Jan
06,09,10,13,18,22,31 - Jan
06,09,10,13,18,25,29 - Jan
06,09,10,13,18,25,31 - Jan
06,09,10,13,18,26,29 - Jan
06,09,10,13,18,26,31 - Jan
06,09,10,13,18,27,29 - Jan
06,09,10,13,18,27,31 - Jan
06,09,10,13,18,28,29 - Jan
06,09,10,13,18,28,31 - Jan
06,09,10,13,18,29,30 - Jan
06,09,10,13,18,29,31 - Jan
06,09,10,13,18,30,31 - Jan
06,09,10,13,19,20,25 - Jan
06,09,10,13,19,20,26 - Jan
06,09,10,13,19,20,27 - Jan
06,09,10,13,19,20,28 - Jan
06,09,10,13,19,20,29 - Jan
06,09,10,13,19,20,30 - Jan
06,09,10,13,19,20,31 - Jan
06,09,10,13,19,21,22 - Jan
06,09,10,13,19,21,26 - Jan
06,09,10,13,19,21,28 - Jan
06,09,10,13,19,21,30 - Jan
06,09,10,13,19,22,25 - Jan
06,09,10,13,19,22,26 - Jan
06,09,10,13,19,22,27 - Jan
06,09,10,13,19,22,28 - Jan
06,09,10,13,19,22,29 - Jan
06,09,10,13,19,22,30 - Jan
06,09,10,13,19,22,31 - Jan
06,09,10,13,19,25,26 - Jan
06,09,10,13,19,25,28 - Jan
06,09,10,13,19,25,30 - Jan
06,09,10,13,19,26,27 - Jan
06,09,10,13,19,26,28 - Jan
06,09,10,13,19,26,29 - Jan
06,09,10,13,19,26,30 - Jan
06,09,10,13,19,26,31 - Jan
06,09,10,13,19,27,28 - Jan
06,09,10,13,19,27,30 - Jan
06,09,10,13,19,28,29 - Jan
06,09,10,13,19,28,30 - Jan
06,09,10,13,19,28,31 - Jan
06,09,10,13,19,29,30 - Jan
06,09,10,13,19,30,31 - Jan
06,09,10,13,20,21,29 - Jan
06,09,10,13,20,21,31 - Jan
06,09,10,13,20,22,29 - Jan
06,09,10,13,20,22,31 - Jan
06,09,10,13,20,25,29 - Jan
06,09,10,13,20,25,31 - Jan
06,09,10,13,20,26,29 - Jan
06,09,10,13,20,26,31 - Jan
06,09,10,13,20,27,29 - Jan
06,09,10,13,20,27,31 - Jan
06,09,10,13,20,28,29 - Jan
06,09,10,13,20,28,31 - Jan
06,09,10,13,20,29,30 - Jan
06,09,10,13,20,29,31 - Jan
06,09,10,13,20,30,31 - Jan
06,09,10,13,21,22,29 - Jan
06,09,10,13,21,22,31 - Jan
06,09,10,13,21,26,29 - Jan
06,09,10,13,21,26,31 - Jan
06,09,10,13,21,28,29 - Jan
06,09,10,13,21,28,31 - Jan
06,09,10,13,21,29,30 - Jan
06,09,10,13,21,30,31 - Jan
06,09,10,13,22,25,29 - Jan
06,09,10,13,22,25,31 - Jan
06,09,10,13,22,26,29 - Jan
06,09,10,13,22,26,31 - Jan
06,09,10,13,22,27,29 - Jan
06,09,10,13,22,27,31 - Jan
06,09,10,13,22,28,29 - Jan
06,09,10,13,22,28,31 - Jan
06,09,10,13,22,29,30 - Jan
06,09,10,13,22,29,31 - Jan
06,09,10,13,22,30,31 - Jan
06,09,10,13,25,26,29 - Jan
06,09,10,13,25,26,31 - Jan
06,09,10,13,25,28,29 - Jan
06,09,10,13,25,28,31 - Jan
06,09,10,13,25,29,30 - Jan
06,09,10,13,25,30,31 - Jan
06,09,10,13,26,27,29 - Jan
06,09,10,13,26,27,31 - Jan
06,09,10,13,26,28,29 - Jan
06,09,10,13,26,28,31 - Jan
06,09,10,13,26,29,30 - Jan
06,09,10,13,26,29,31 - Jan
06,09,10,13,26,30,31 - Jan
06,09,10,13,27,28,31 - Jan
06,09,10,13,27,29,30 - Jan
06,09,10,13,27,30,31 - Jan
06,09,10,13,28,29,31 - Jan
06,09,10,13,28,30,31 - Jan
06,09,10,14,15,17,29 - Jan
06,09,10,14,15,17,31 - Jan
06,09,10,14,15,19,29 - Jan
06,09,10,14,15,19,31 - Jan
06,09,10,14,15,29,31 - Jan
06,09,10,14,16,17,29 - Jan
06,09,10,14,16,17,31 - Jan
06,09,10,14,16,19,29 - Jan
06,09,10,14,16,19,31 - Jan
06,09,10,14,16,29,31 - Jan
06,09,10,14,17,18,29 - Jan
06,09,10,14,17,18,31 - Jan
06,09,10,14,17,19,25 - Jan
06,09,10,14,17,19,26 - Jan
06,09,10,14,17,19,27 - Jan
06,09,10,14,17,19,28 - Jan
06,09,10,14,17,19,29 - Jan
06,09,10,14,17,19,30 - Jan
06,09,10,14,17,19,31 - Jan
06,09,10,14,17,20,29 - Jan
06,09,10,14,17,20,31 - Jan
06,09,10,14,17,21,29 - Jan
06,09,10,14,17,21,31 - Jan
06,09,10,14,17,22,29 - Jan
06,09,10,14,17,22,31 - Jan
06,09,10,14,17,25,29 - Jan
06,09,10,14,17,25,31 - Jan
06,09,10,14,17,26,29 - Jan
06,09,10,14,17,26,31 - Jan
06,09,10,14,17,27,29 - Jan
06,09,10,14,17,27,31 - Jan
06,09,10,14,17,28,29 - Jan
06,09,10,14,17,28,31 - Jan
06,09,10,14,17,29,30 - Jan
06,09,10,14,17,29,31 - Jan
06,09,10,14,17,30,31 - Jan
06,09,10,14,18,19,29 - Jan
06,09,10,14,18,19,31 - Jan
06,09,10,14,18,29,31 - Jan
06,09,10,14,19,20,29 - Jan
06,09,10,14,19,20,31 - Jan
06,09,10,14,19,21,29 - Jan
06,09,10,14,19,21,31 - Jan
06,09,10,14,19,22,29 - Jan
06,09,10,14,19,22,31 - Jan
06,09,10,14,19,25,29 - Jan
06,09,10,14,19,25,31 - Jan
06,09,10,14,19,26,29 - Jan
06,09,10,14,19,26,31 - Jan
06,09,10,14,19,27,29 - Jan
06,09,10,14,19,27,31 - Jan
06,09,10,14,19,28,29 - Jan
06,09,10,14,19,28,31 - Jan
06,09,10,14,19,29,30 - Jan
06,09,10,14,19,29,31 - Jan
06,09,10,14,19,30,31 - Jan
06,09,10,14,20,29,31 - Jan
06,09,10,14,21,29,31 - Jan
06,09,10,14,22,29,31 - Jan
06,09,10,14,25,29,31 - Jan
06,09,10,14,26,29,31 - Jan
06,09,10,14,27,29,31 - Jan
06,09,10,14,28,29,31 - Jan
06,09,10,15,16,19,29 - Jan
06,09,10,15,16,19,31 - Jan
06,09,10,15,16,29,31 - Jan
06,09,10,15,17,18,29 - Jan
06,09,10,15,17,18,31 - Jan
06,09,10,15,17,19,26 - Jan
06,09,10,15,17,19,28 - Jan
06,09,10,15,17,19,30 - Jan
06,09,10,15,17,20,29 - Jan
06,09,10,15,17,20,31 - Jan
06,09,10,15,17,22,29 - Jan
06,09,10,15,17,22,31 - Jan
06,09,10,15,17,26,29 - Jan
06,09,10,15,17,26,31 - Jan
06,09,10,15,17,28,29 - Jan
06,09,10,15,17,28,31 - Jan
06,09,10,15,17,29,30 - Jan
06,09,10,15,17,30,31 - Jan
06,09,10,15,18,19,29 - Jan
06,09,10,15,18,19,31 - Jan
06,09,10,15,18,29,31 - Jan
06,09,10,15,19,20,29 - Jan
06,09,10,15,19,20,31 - Jan
06,09,10,15,19,22,29 - Jan
06,09,10,15,19,22,31 - Jan
06,09,10,15,19,26,29 - Jan
06,09,10,15,19,26,31 - Jan
06,09,10,15,19,28,29 - Jan
06,09,10,15,19,28,31 - Jan
06,09,10,15,19,29,30 - Jan
06,09,10,15,19,30,31 - Jan
06,09,10,15,20,29,31 - Jan
06,09,10,15,22,29,31 - Jan
06,09,10,15,26,29,31 - Jan
06,09,10,15,28,29,31 - Jan
06,09,10,16,17,19,25 - Jan
06,09,10,16,17,19,26 - Jan
06,09,10,16,17,19,27 - Jan
06,09,10,16,17,19,28 - Jan
06,09,10,16,17,19,29 - Jan
06,09,10,16,17,19,30 - Jan
06,09,10,16,17,19,31 - Jan
06,09,10,16,17,20,29 - Jan
06,09,10,16,17,20,31 - Jan
06,09,10,16,17,21,29 - Jan
06,09,10,16,17,21,31 - Jan
06,09,10,16,17,22,29 - Jan
06,09,10,16,17,22,31 - Jan
06,09,10,16,17,25,29 - Jan
06,09,10,16,17,25,31 - Jan
06,09,10,16,17,26,29 - Jan
06,09,10,16,17,26,31 - Jan
06,09,10,16,17,27,29 - Jan
06,09,10,16,17,27,31 - Jan
06,09,10,16,17,28,29 - Jan
06,09,10,16,17,28,31 - Jan
06,09,10,16,17,29,30 - Jan
06,09,10,16,17,29,31 - Jan
06,09,10,16,17,30,31 - Jan
06,09,10,16,18,19,29 - Jan
06,09,10,16,18,19,31 - Jan
06,09,10,16,18,29,31 - Jan
06,09,10,16,19,20,29 - Jan
06,09,10,16,19,20,31 - Jan
06,09,10,16,19,21,29 - Jan
06,09,10,16,19,21,31 - Jan
06,09,10,16,19,22,29 - Jan
06,09,10,16,19,22,31 - Jan
06,09,10,16,19,25,29 - Jan
06,09,10,16,19,25,31 - Jan
06,09,10,16,19,26,29 - Jan
06,09,10,16,19,26,31 - Jan
06,09,10,16,19,27,29 - Jan
06,09,10,16,19,27,31 - Jan
06,09,10,16,19,28,29 - Jan
06,09,10,16,19,28,31 - Jan
06,09,10,16,19,29,30 - Jan
06,09,10,16,19,29,31 - Jan
06,09,10,16,19,30,31 - Jan
06,09,10,16,20,29,31 - Jan
06,09,10,16,21,29,31 - Jan
06,09,10,16,22,29,31 - Jan
06,09,10,16,25,29,31 - Jan
06,09,10,16,26,29,31 - Jan
06,09,10,16,27,29,31 - Jan
06,09,10,16,28,29,31 - Jan
06,09,10,17,18,20,29 - Jan
06,09,10,17,18,20,31 - Jan
06,09,10,17,18,21,29 - Jan
06,09,10,17,18,21,31 - Jan
06,09,10,17,18,22,29 - Jan
06,09,10,17,18,22,31 - Jan
06,09,10,17,18,25,29 - Jan
06,09,10,17,18,25,31 - Jan
06,09,10,17,18,26,29 - Jan
06,09,10,17,18,26,31 - Jan
06,09,10,17,18,27,29 - Jan
06,09,10,17,18,27,31 - Jan
06,09,10,17,18,28,29 - Jan
06,09,10,17,18,28,31 - Jan
06,09,10,17,18,29,30 - Jan
06,09,10,17,18,29,31 - Jan
06,09,10,17,18,30,31 - Jan
06,09,10,17,19,20,22 - Jan
06,09,10,17,19,20,25 - Jan
06,09,10,17,19,20,26 - Jan
06,09,10,17,19,20,27 - Jan
06,09,10,17,19,20,28 - Jan
06,09,10,17,19,20,29 - Jan
06,09,10,17,19,20,30 - Jan
06,09,10,17,19,20,31 - Jan
06,09,10,17,19,21,22 - Jan
06,09,10,17,19,21,26 - Jan
06,09,10,17,19,21,28 - Jan
06,09,10,17,19,21,30 - Jan
06,09,10,17,19,22,25 - Jan
06,09,10,17,19,22,26 - Jan
06,09,10,17,19,22,27 - Jan
06,09,10,17,19,22,28 - Jan
06,09,10,17,19,22,29 - Jan
06,09,10,17,19,22,30 - Jan
06,09,10,17,19,22,31 - Jan
06,09,10,17,19,25,26 - Jan
06,09,10,17,19,25,28 - Jan
06,09,10,17,19,25,30 - Jan
06,09,10,17,19,26,27 - Jan
06,09,10,17,19,26,28 - Jan
06,09,10,17,19,26,29 - Jan
06,09,10,17,19,26,30 - Jan
06,09,10,17,19,26,31 - Jan
06,09,10,17,19,27,28 - Jan
06,09,10,17,19,27,30 - Jan
06,09,10,17,19,28,29 - Jan
06,09,10,17,19,28,30 - Jan
06,09,10,17,19,28,31 - Jan
06,09,10,17,19,29,30 - Jan
06,09,10,17,19,30,31 - Jan
06,09,10,17,20,21,29 - Jan
06,09,10,17,20,21,31 - Jan
06,09,10,17,20,22,29 - Jan
06,09,10,17,20,22,31 - Jan
06,09,10,17,20,25,29 - Jan
06,09,10,17,20,25,31 - Jan
06,09,10,17,20,26,29 - Jan
06,09,10,17,20,26,31 - Jan
06,09,10,17,20,27,29 - Jan
06,09,10,17,20,27,31 - Jan
06,09,10,17,20,28,29 - Jan
06,09,10,17,20,28,31 - Jan
06,09,10,17,20,29,30 - Jan
06,09,10,17,20,29,31 - Jan
06,09,10,17,20,30,31 - Jan
06,09,10,17,21,22,29 - Jan
06,09,10,17,21,22,31 - Jan
06,09,10,17,21,26,29 - Jan
06,09,10,17,21,26,31 - Jan
06,09,10,17,21,28,29 - Jan
06,09,10,17,21,28,31 - Jan
06,09,10,17,21,29,30 - Jan
06,09,10,17,21,30,31 - Jan
06,09,10,17,22,25,29 - Jan
06,09,10,17,22,25,31 - Jan
06,09,10,17,22,26,29 - Jan
06,09,10,17,22,26,31 - Jan
06,09,10,17,22,27,29 - Jan
06,09,10,17,22,27,31 - Jan
06,09,10,17,22,28,29 - Jan
06,09,10,17,22,28,31 - Jan
06,09,10,17,22,29,30 - Jan
06,09,10,17,22,29,31 - Jan
06,09,10,17,22,30,31 - Jan
06,09,10,17,25,26,29 - Jan
06,09,10,17,25,26,31 - Jan
06,09,10,17,25,28,29 - Jan
06,09,10,17,25,28,31 - Jan
06,09,10,17,25,29,30 - Jan
06,09,10,17,25,30,31 - Jan
06,09,10,17,26,27,29 - Jan
06,09,10,17,26,27,31 - Jan
06,09,10,17,26,28,29 - Jan
06,09,10,17,26,28,31 - Jan
06,09,10,17,26,29,30 - Jan
06,09,10,17,26,29,31 - Jan
06,09,10,17,26,30,31 - Jan
06,09,10,17,27,28,31 - Jan
06,09,10,17,27,29,30 - Jan
06,09,10,17,27,30,31 - Jan
06,09,10,17,28,29,31 - Jan
06,09,10,18,19,21,29 - Jan
06,09,10,18,19,21,31 - Jan
06,09,10,18,19,22,29 - Jan
06,09,10,18,19,22,31 - Jan
06,09,10,18,19,25,29 - Jan
06,09,10,18,19,25,31 - Jan
06,09,10,18,19,26,29 - Jan
06,09,10,18,19,26,31 - Jan
06,09,10,18,19,27,29 - Jan
06,09,10,18,19,27,31 - Jan
06,09,10,18,19,28,29 - Jan
06,09,10,18,19,28,31 - Jan
06,09,10,18,19,29,30 - Jan
06,09,10,18,19,29,31 - Jan
06,09,10,18,19,30,31 - Jan
06,09,10,18,20,29,31 - Jan
06,09,10,18,21,29,31 - Jan
06,09,10,18,22,29,31 - Jan
06,09,10,18,25,29,31 - Jan
06,09,10,18,26,29,31 - Jan
06,09,10,18,27,29,31 - Jan
06,09,10,19,20,22,29 - Jan
06,09,10,19,20,22,31 - Jan
06,09,10,19,20,25,29 - Jan
06,09,10,19,20,25,31 - Jan
06,09,10,19,20,26,29 - Jan
06,09,10,19,20,26,31 - Jan
06,09,10,19,20,27,29 - Jan
06,09,10,19,20,27,31 - Jan
06,09,10,19,20,28,29 - Jan
06,09,10,19,20,28,31 - Jan
06,09,10,19,20,29,30 - Jan
06,09,10,19,20,29,31 - Jan
06,09,10,19,20,30,31 - Jan
06,09,10,19,21,22,29 - Jan
06,09,10,19,21,22,31 - Jan
06,09,10,19,21,26,29 - Jan
06,09,10,19,21,26,31 - Jan
06,09,10,19,21,28,29 - Jan
06,09,10,19,21,28,31 - Jan
06,09,10,19,21,29,30 - Jan
06,09,10,19,21,30,31 - Jan
06,09,10,19,22,25,29 - Jan
06,09,10,19,22,25,31 - Jan
06,09,10,19,22,26,29 - Jan
06,09,10,19,22,26,31 - Jan
06,09,10,19,22,27,29 - Jan
06,09,10,19,22,27,31 - Jan
06,09,10,19,22,28,29 - Jan
06,09,10,19,22,28,31 - Jan
06,09,10,19,22,29,30 - Jan
06,09,10,19,22,29,31 - Jan
06,09,10,19,22,30,31 - Jan
06,09,10,19,25,26,29 - Jan
06,09,10,19,25,26,31 - Jan
06,09,10,19,25,28,29 - Jan
06,09,10,19,25,28,31 - Jan
06,09,10,19,25,29,30 - Jan
06,09,10,19,25,30,31 - Jan
06,09,10,19,26,27,29 - Jan
06,09,10,19,26,27,31 - Jan
06,09,10,19,26,28,29 - Jan
06,09,10,19,26,28,31 - Jan
06,09,10,19,26,29,30 - Jan
06,09,10,19,26,29,31 - Jan
06,09,10,19,27,28,31 - Jan
06,09,10,19,27,29,30 - Jan
06,09,10,20,21,29,31 - Jan
06,09,10,20,22,29,31 - Jan
06,09,10,20,25,29,31 - Jan
06,09,10,21,22,29,31 - Jan
06,09,11,12,14,17,31 - Jan
06,09,11,12,14,18,31 - Jan
06,09,11,12,14,19,29 - Jan
06,09,11,12,14,19,30 - Jan
06,09,11,12,14,19,31 - Jan
06,09,11,12,14,20,29 - Jan
06,09,11,12,14,20,31 - Jan
06,09,11,12,14,21,29 - Jan
06,09,11,12,14,21,31 - Jan
06,09,11,12,14,22,29 - Jan
06,09,11,12,14,22,31 - Jan
06,09,11,12,14,25,29 - Jan
06,09,11,12,14,25,31 - Jan
06,09,11,12,14,26,29 - Jan
06,09,11,12,14,26,31 - Jan
06,09,11,12,14,27,29 - Jan
06,09,11,12,14,27,31 - Jan
06,09,11,12,14,28,29 - Jan
06,09,11,12,14,28,31 - Jan
06,09,11,12,14,29,30 - Jan
06,09,11,12,14,29,31 - Jan
06,09,11,12,14,30,31 - Jan
06,09,11,12,15,16,31 - Jan
06,09,11,12,15,17,30 - Jan
06,09,11,12,15,18,29 - Jan
06,09,11,12,15,18,31 - Jan
06,09,11,12,15,19,28 - Jan
06,09,11,12,15,19,30 - Jan
06,09,11,12,15,20,29 - Jan
06,09,11,12,15,20,31 - Jan
06,09,11,12,15,22,29 - Jan
06,09,11,12,15,22,31 - Jan
06,09,11,12,15,26,29 - Jan
06,09,11,12,15,26,31 - Jan
06,09,11,12,15,28,29 - Jan
06,09,11,12,15,28,31 - Jan
06,09,11,12,15,29,30 - Jan
06,09,11,12,15,30,31 - Jan
06,09,11,12,16,17,29 - Jan
06,09,11,12,16,17,30 - Jan
06,09,11,12,16,17,31 - Jan
06,09,11,12,16,18,29 - Jan
06,09,11,12,16,18,31 - Jan
06,09,11,12,16,19,27 - Jan
06,09,11,12,16,19,28 - Jan
06,09,11,12,16,19,29 - Jan
06,09,11,12,16,19,30 - Jan
06,09,11,12,16,19,31 - Jan
06,09,11,12,16,20,29 - Jan
06,09,11,12,16,20,31 - Jan
06,09,11,12,16,21,29 - Jan
06,09,11,12,16,21,31 - Jan
06,09,11,12,16,22,29 - Jan
06,09,11,12,16,22,31 - Jan
06,09,11,12,16,25,29 - Jan
06,09,11,12,16,25,31 - Jan
06,09,11,12,16,26,29 - Jan
06,09,11,12,16,26,31 - Jan
06,09,11,12,16,27,29 - Jan
06,09,11,12,16,27,31 - Jan
06,09,11,12,16,28,29 - Jan
06,09,11,12,16,28,31 - Jan
06,09,11,12,16,29,30 - Jan
06,09,11,12,16,29,31 - Jan
06,09,11,12,16,30,31 - Jan
06,09,11,12,17,18,27 - Jan
06,09,11,12,17,18,28 - Jan
06,09,11,12,17,18,29 - Jan
06,09,11,12,17,18,30 - Jan
06,09,11,12,17,18,31 - Jan
06,09,11,12,17,19,26 - Jan
06,09,11,12,17,19,28 - Jan
06,09,11,12,17,19,30 - Jan
06,09,11,12,17,20,25 - Jan
06,09,11,12,17,20,26 - Jan
06,09,11,12,17,20,27 - Jan
06,09,11,12,17,20,28 - Jan
06,09,11,12,17,20,29 - Jan
06,09,11,12,17,20,30 - Jan
06,09,11,12,17,20,31 - Jan
06,09,11,12,17,21,26 - Jan
06,09,11,12,17,21,28 - Jan
06,09,11,12,17,21,30 - Jan
06,09,11,12,17,22,25 - Jan
06,09,11,12,17,22,26 - Jan
06,09,11,12,17,22,27 - Jan
06,09,11,12,17,22,28 - Jan
06,09,11,12,17,22,29 - Jan
06,09,11,12,17,22,30 - Jan
06,09,11,12,17,22,31 - Jan
06,09,11,12,17,25,26 - Jan
06,09,11,12,17,25,28 - Jan
06,09,11,12,17,25,30 - Jan
06,09,11,12,17,26,27 - Jan
06,09,11,12,17,26,28 - Jan
06,09,11,12,17,26,29 - Jan
06,09,11,12,17,26,30 - Jan
06,09,11,12,17,26,31 - Jan
06,09,11,12,17,27,28 - Jan
06,09,11,12,17,27,30 - Jan
06,09,11,12,17,28,29 - Jan
06,09,11,12,17,28,30 - Jan
06,09,11,12,17,28,31 - Jan
06,09,11,12,17,29,30 - Jan
06,09,11,12,17,30,31 - Jan
06,09,11,12,18,19,25 - Jan
06,09,11,12,18,19,26 - Jan
06,09,11,12,18,19,27 - Jan
06,09,11,12,18,19,28 - Jan
06,09,11,12,18,19,29 - Jan
06,09,11,12,18,19,30 - Jan
06,09,11,12,18,19,31 - Jan
06,09,11,12,18,20,29 - Jan
06,09,11,12,18,20,31 - Jan
06,09,11,12,18,21,29 - Jan
06,09,11,12,18,21,31 - Jan
06,09,11,12,18,22,29 - Jan
06,09,11,12,18,22,31 - Jan
06,09,11,12,18,25,29 - Jan
06,09,11,12,18,25,31 - Jan
06,09,11,12,18,26,29 - Jan
06,09,11,12,18,26,31 - Jan
06,09,11,12,18,27,29 - Jan
06,09,11,12,18,27,31 - Jan
06,09,11,12,18,28,29 - Jan
06,09,11,12,18,28,31 - Jan
06,09,11,12,18,29,30 - Jan
06,09,11,12,18,29,31 - Jan
06,09,11,12,18,30,31 - Jan
06,09,11,12,19,20,25 - Jan
06,09,11,12,19,20,26 - Jan
06,09,11,12,19,20,27 - Jan
06,09,11,12,19,20,28 - Jan
06,09,11,12,19,20,29 - Jan
06,09,11,12,19,20,30 - Jan
06,09,11,12,19,20,31 - Jan
06,09,11,12,19,21,22 - Jan
06,09,11,12,19,21,26 - Jan
06,09,11,12,19,21,28 - Jan
06,09,11,12,19,21,30 - Jan
06,09,11,12,19,22,25 - Jan
06,09,11,12,19,22,26 - Jan
06,09,11,12,19,22,27 - Jan
06,09,11,12,19,22,28 - Jan
06,09,11,12,19,22,29 - Jan
06,09,11,12,19,22,30 - Jan
06,09,11,12,19,22,31 - Jan
06,09,11,12,19,25,26 - Jan
06,09,11,12,19,25,28 - Jan
06,09,11,12,19,25,30 - Jan
06,09,11,12,19,26,27 - Jan
06,09,11,12,19,26,28 - Jan
06,09,11,12,19,26,29 - Jan
06,09,11,12,19,26,30 - Jan
06,09,11,12,19,26,31 - Jan
06,09,11,12,19,27,28 - Jan
06,09,11,12,19,27,30 - Jan
06,09,11,12,19,28,29 - Jan
06,09,11,12,19,28,30 - Jan
06,09,11,12,19,28,31 - Jan
06,09,11,12,19,29,30 - Jan
06,09,11,12,19,30,31 - Jan
06,09,11,12,20,21,29 - Jan
06,09,11,12,20,21,31 - Jan
06,09,11,12,20,22,29 - Jan
06,09,11,12,20,22,31 - Jan
06,09,11,12,20,25,29 - Jan
06,09,11,12,20,25,31 - Jan
06,09,11,12,20,26,29 - Jan
06,09,11,12,20,26,31 - Jan
06,09,11,12,20,27,29 - Jan
06,09,11,12,20,27,31 - Jan
06,09,11,12,20,28,29 - Jan
06,09,11,12,20,28,31 - Jan
06,09,11,12,20,29,30 - Jan
06,09,11,12,20,29,31 - Jan
06,09,11,12,20,30,31 - Jan
06,09,11,12,21,22,29 - Jan
06,09,11,12,21,22,31 - Jan
06,09,11,12,21,26,29 - Jan
06,09,11,12,21,26,31 - Jan
06,09,11,12,21,28,29 - Jan
06,09,11,12,21,28,31 - Jan
06,09,11,12,21,29,30 - Jan
06,09,11,12,21,30,31 - Jan
06,09,11,12,22,25,29 - Jan
06,09,11,12,22,25,31 - Jan
06,09,11,12,22,26,29 - Jan
06,09,11,12,22,26,31 - Jan
06,09,11,12,22,27,29 - Jan
06,09,11,12,22,27,31 - Jan
06,09,11,12,22,28,29 - Jan
06,09,11,12,22,28,31 - Jan
06,09,11,12,22,29,30 - Jan
06,09,11,12,22,29,31 - Jan
06,09,11,12,22,30,31 - Jan
06,09,11,12,25,26,29 - Jan
06,09,11,12,25,26,31 - Jan
06,09,11,12,25,28,29 - Jan
06,09,11,12,25,28,31 - Jan
06,09,11,12,25,29,30 - Jan
06,09,11,12,25,30,31 - Jan
06,09,11,12,26,27,29 - Jan
06,09,11,12,26,27,31 - Jan
06,09,11,12,26,28,29 - Jan
06,09,11,12,26,28,31 - Jan
06,09,11,12,26,29,30 - Jan
06,09,11,12,26,29,31 - Jan
06,09,11,12,26,30,31 - Jan
06,09,11,12,27,28,31 - Jan
06,09,11,12,27,29,30 - Jan
06,09,11,12,27,30,31 - Jan
06,09,11,12,28,29,31 - Jan
06,09,11,12,28,30,31 - Jan
06,09,11,13,14,16,31 - Jan
06,09,11,13,14,17,30 - Jan
06,09,11,13,14,18,29 - Jan
06,09,11,13,14,18,30 - Jan
06,09,11,13,14,18,31 - Jan
06,09,11,13,14,19,28 - Jan
06,09,11,13,14,19,30 - Jan
06,09,11,13,14,20,27 - Jan
06,09,11,13,14,20,28 - Jan
06,09,11,13,14,20,29 - Jan
06,09,11,13,14,20,30 - Jan
06,09,11,13,14,20,31 - Jan
06,09,11,13,14,21,26 - Jan
06,09,11,13,14,21,28 - Jan
06,09,11,13,14,21,30 - Jan
06,09,11,13,14,22,25 - Jan
06,09,11,13,14,22,26 - Jan
06,09,11,13,14,22,27 - Jan
06,09,11,13,14,22,28 - Jan
06,09,11,13,14,22,29 - Jan
06,09,11,13,14,22,30 - Jan
06,09,11,13,14,22,31 - Jan
06,09,11,13,14,25,26 - Jan
06,09,11,13,14,25,28 - Jan
06,09,11,13,14,25,30 - Jan
06,09,11,13,14,26,27 - Jan
06,09,11,13,14,26,28 - Jan
06,09,11,13,14,26,29 - Jan
06,09,11,13,14,26,30 - Jan
06,09,11,13,14,26,31 - Jan
06,09,11,13,14,27,28 - Jan
06,09,11,13,14,27,30 - Jan
06,09,11,13,14,28,29 - Jan
06,09,11,13,14,28,30 - Jan
06,09,11,13,14,28,31 - Jan
06,09,11,13,14,29,30 - Jan
06,09,11,13,14,30,31 - Jan
06,09,11,13,15,16,30 - Jan
06,09,11,13,15,18,28 - Jan
06,09,11,13,15,18,30 - Jan
06,09,11,13,15,20,26 - Jan
06,09,11,13,15,20,28 - Jan
06,09,11,13,15,20,30 - Jan
06,09,11,13,15,22,26 - Jan
06,09,11,13,15,22,28 - Jan
06,09,11,13,15,22,30 - Jan
06,09,11,13,15,26,28 - Jan
06,09,11,13,15,26,30 - Jan
06,09,11,13,15,28,30 - Jan
06,09,11,13,16,17,28 - Jan
06,09,11,13,16,17,30 - Jan
06,09,11,13,16,18,27 - Jan
06,09,11,13,16,18,28 - Jan
06,09,11,13,16,18,29 - Jan
06,09,11,13,16,18,30 - Jan
06,09,11,13,16,18,31 - Jan
06,09,11,13,16,19,26 - Jan
06,09,11,13,16,19,28 - Jan
06,09,11,13,16,19,30 - Jan
06,09,11,13,16,20,25 - Jan
06,09,11,13,16,20,26 - Jan
06,09,11,13,16,20,27 - Jan
06,09,11,13,16,20,28 - Jan
06,09,11,13,16,20,29 - Jan
06,09,11,13,16,20,30 - Jan
06,09,11,13,16,20,31 - Jan
06,09,11,13,16,21,26 - Jan
06,09,11,13,16,21,28 - Jan
06,09,11,13,16,21,30 - Jan
06,09,11,13,16,22,25 - Jan
06,09,11,13,16,22,26 - Jan
06,09,11,13,16,22,27 - Jan
06,09,11,13,16,22,28 - Jan
06,09,11,13,16,22,29 - Jan
06,09,11,13,16,22,30 - Jan
06,09,11,13,16,22,31 - Jan
06,09,11,13,16,25,26 - Jan
06,09,11,13,16,25,28 - Jan
06,09,11,13,16,25,30 - Jan
06,09,11,13,16,26,27 - Jan
06,09,11,13,16,26,28 - Jan
06,09,11,13,16,26,29 - Jan
06,09,11,13,16,26,30 - Jan
06,09,11,13,16,26,31 - Jan
06,09,11,13,16,27,28 - Jan
06,09,11,13,16,27,30 - Jan
06,09,11,13,16,28,29 - Jan
06,09,11,13,16,28,30 - Jan
06,09,11,13,16,28,31 - Jan
06,09,11,13,16,29,30 - Jan
06,09,11,13,16,30,31 - Jan
06,09,11,13,17,18,26 - Jan
06,09,11,13,17,18,28 - Jan
06,09,11,13,17,18,30 - Jan
06,09,11,13,17,20,26 - Jan
06,09,11,13,17,20,28 - Jan
06,09,11,13,17,20,30 - Jan
06,09,11,13,17,22,26 - Jan
06,09,11,13,17,22,28 - Jan
06,09,11,13,17,22,30 - Jan
06,09,11,13,17,26,28 - Jan
06,09,11,13,17,26,30 - Jan
06,09,11,13,17,28,30 - Jan
06,09,11,13,18,19,26 - Jan
06,09,11,13,18,19,28 - Jan
06,09,11,13,18,19,30 - Jan
06,09,11,13,18,20,25 - Jan
06,09,11,13,18,20,26 - Jan
06,09,11,13,18,20,27 - Jan
06,09,11,13,18,20,28 - Jan
06,09,11,13,18,20,29 - Jan
06,09,11,13,18,20,30 - Jan
06,09,11,13,18,20,31 - Jan
06,09,11,13,18,21,22 - Jan
06,09,11,13,18,21,26 - Jan
06,09,11,13,18,21,28 - Jan
06,09,11,13,18,21,30 - Jan
06,09,11,13,18,22,25 - Jan
06,09,11,13,18,22,26 - Jan
06,09,11,13,18,22,27 - Jan
06,09,11,13,18,22,28 - Jan
06,09,11,13,18,22,29 - Jan
06,09,11,13,18,22,30 - Jan
06,09,11,13,18,22,31 - Jan
06,09,11,13,18,25,26 - Jan
06,09,11,13,18,25,28 - Jan
06,09,11,13,18,25,30 - Jan
06,09,11,13,18,26,27 - Jan
06,09,11,13,18,26,28 - Jan
06,09,11,13,18,26,29 - Jan
06,09,11,13,18,26,30 - Jan
06,09,11,13,18,26,31 - Jan
06,09,11,13,18,27,28 - Jan
06,09,11,13,18,27,30 - Jan
06,09,11,13,18,28,29 - Jan
06,09,11,13,18,28,30 - Jan
06,09,11,13,18,28,31 - Jan
06,09,11,13,18,29,30 - Jan
06,09,11,13,18,30,31 - Jan
06,09,11,13,19,20,22 - Jan
06,09,11,13,19,20,26 - Jan
06,09,11,13,19,20,28 - Jan
06,09,11,13,19,20,30 - Jan
06,09,11,13,19,22,26 - Jan
06,09,11,13,19,22,28 - Jan
06,09,11,13,19,22,30 - Jan
06,09,11,13,19,26,28 - Jan
06,09,11,13,19,26,30 - Jan
06,09,11,13,19,28,30 - Jan
06,09,11,13,20,21,26 - Jan
06,09,11,13,20,21,28 - Jan
06,09,11,13,20,21,30 - Jan
06,09,11,13,20,22,25 - Jan
06,09,11,13,20,22,26 - Jan
06,09,11,13,20,22,27 - Jan
06,09,11,13,20,22,28 - Jan
06,09,11,13,20,22,29 - Jan
06,09,11,13,20,22,30 - Jan
06,09,11,13,20,22,31 - Jan
06,09,11,13,20,25,26 - Jan
06,09,11,13,20,25,28 - Jan
06,09,11,13,20,25,30 - Jan
06,09,11,13,20,26,27 - Jan
06,09,11,13,20,26,28 - Jan
06,09,11,13,20,26,29 - Jan
06,09,11,13,20,26,30 - Jan
06,09,11,13,20,26,31 - Jan
06,09,11,13,20,27,28 - Jan
06,09,11,13,20,27,30 - Jan
06,09,11,13,20,28,29 - Jan
06,09,11,13,20,28,30 - Jan
06,09,11,13,20,28,31 - Jan
06,09,11,13,20,29,30 - Jan
06,09,11,13,20,30,31 - Jan
06,09,11,13,21,22,26 - Jan
06,09,11,13,21,22,28 - Jan
06,09,11,13,21,22,30 - Jan
06,09,11,13,21,26,28 - Jan
06,09,11,13,21,26,30 - Jan
06,09,11,13,21,28,30 - Jan
06,09,11,13,22,25,26 - Jan
06,09,11,13,22,25,28 - Jan
06,09,11,13,22,25,30 - Jan
06,09,11,13,22,26,27 - Jan
06,09,11,13,22,26,28 - Jan
06,09,11,13,22,26,29 - Jan
06,09,11,13,22,26,30 - Jan
06,09,11,13,22,26,31 - Jan
06,09,11,13,22,27,28 - Jan
06,09,11,13,22,27,30 - Jan
06,09,11,13,22,28,29 - Jan
06,09,11,13,22,28,30 - Jan
06,09,11,13,22,28,31 - Jan
06,09,11,13,22,29,30 - Jan
06,09,11,13,22,30,31 - Jan
06,09,11,13,25,26,28 - Jan
06,09,11,13,25,26,30 - Jan
06,09,11,13,25,28,30 - Jan
06,09,11,13,26,27,30 - Jan
06,09,11,13,26,28,29 - Jan
06,09,11,13,26,28,30 - Jan
06,09,11,13,26,28,31 - Jan
06,09,11,13,26,29,30 - Jan
06,09,11,13,26,30,31 - Jan
06,09,11,13,27,28,30 - Jan
06,09,11,13,28,30,31 - Jan
06,09,11,14,15,17,28 - Jan
06,09,11,14,15,17,30 - Jan
06,09,11,14,15,18,29 - Jan
06,09,11,14,15,18,31 - Jan
06,09,11,14,15,19,26 - Jan
06,09,11,14,15,19,28 - Jan
06,09,11,14,15,19,30 - Jan
06,09,11,14,15,20,29 - Jan
06,09,11,14,15,20,31 - Jan
06,09,11,14,15,22,29 - Jan
06,09,11,14,15,22,31 - Jan
06,09,11,14,15,26,29 - Jan
06,09,11,14,15,26,31 - Jan
06,09,11,14,15,28,29 - Jan
06,09,11,14,15,28,31 - Jan
06,09,11,14,15,29,30 - Jan
06,09,11,14,15,30,31 - Jan
06,09,11,14,16,17,27 - Jan
06,09,11,14,16,17,28 - Jan
06,09,11,14,16,17,29 - Jan
06,09,11,14,16,17,30 - Jan
06,09,11,14,16,17,31 - Jan
06,09,11,14,16,18,29 - Jan
06,09,11,14,16,18,31 - Jan
06,09,11,14,16,19,25 - Jan
06,09,11,14,16,19,26 - Jan
06,09,11,14,16,19,27 - Jan
06,09,11,14,16,19,28 - Jan
06,09,11,14,16,19,29 - Jan
06,09,11,14,16,19,30 - Jan
06,09,11,14,16,19,31 - Jan
06,09,11,14,16,20,29 - Jan
06,09,11,14,16,20,31 - Jan
06,09,11,14,16,21,29 - Jan
06,09,11,14,16,21,31 - Jan
06,09,11,14,16,22,29 - Jan
06,09,11,14,16,22,31 - Jan
06,09,11,14,16,25,29 - Jan
06,09,11,14,16,25,31 - Jan
06,09,11,14,16,26,29 - Jan
06,09,11,14,16,26,31 - Jan
06,09,11,14,16,27,29 - Jan
06,09,11,14,16,27,31 - Jan
06,09,11,14,16,28,29 - Jan
06,09,11,14,16,28,31 - Jan
06,09,11,14,16,29,30 - Jan
06,09,11,14,16,29,31 - Jan
06,09,11,14,16,30,31 - Jan
06,09,11,14,17,18,25 - Jan
06,09,11,14,17,18,26 - Jan
06,09,11,14,17,18,27 - Jan
06,09,11,14,17,18,28 - Jan
06,09,11,14,17,18,29 - Jan
06,09,11,14,17,18,30 - Jan
06,09,11,14,17,18,31 - Jan
06,09,11,14,17,19,26 - Jan
06,09,11,14,17,19,28 - Jan
06,09,11,14,17,19,30 - Jan
06,09,11,14,17,20,25 - Jan
06,09,11,14,17,20,26 - Jan
06,09,11,14,17,20,27 - Jan
06,09,11,14,17,20,28 - Jan
06,09,11,14,17,20,29 - Jan
06,09,11,14,17,20,30 - Jan
06,09,11,14,17,20,31 - Jan
06,09,11,14,17,21,22 - Jan
06,09,11,14,17,21,26 - Jan
06,09,11,14,17,21,28 - Jan
06,09,11,14,17,21,30 - Jan
06,09,11,14,17,22,25 - Jan
06,09,11,14,17,22,26 - Jan
06,09,11,14,17,22,27 - Jan
06,09,11,14,17,22,28 - Jan
06,09,11,14,17,22,29 - Jan
06,09,11,14,17,22,30 - Jan
06,09,11,14,17,22,31 - Jan
06,09,11,14,17,25,26 - Jan
06,09,11,14,17,25,28 - Jan
06,09,11,14,17,25,30 - Jan
06,09,11,14,17,26,27 - Jan
06,09,11,14,17,26,28 - Jan
06,09,11,14,17,26,29 - Jan
06,09,11,14,17,26,30 - Jan
06,09,11,14,17,26,31 - Jan
06,09,11,14,17,27,28 - Jan
06,09,11,14,17,27,30 - Jan
06,09,11,14,17,28,29 - Jan
06,09,11,14,17,28,30 - Jan
06,09,11,14,17,28,31 - Jan
06,09,11,14,17,29,30 - Jan
06,09,11,14,17,30,31 - Jan
06,09,11,14,18,19,25 - Jan
06,09,11,14,18,19,26 - Jan
06,09,11,14,18,19,27 - Jan
06,09,11,14,18,19,28 - Jan
06,09,11,14,18,19,29 - Jan
06,09,11,14,18,19,30 - Jan
06,09,11,14,18,19,31 - Jan
06,09,11,14,18,20,29 - Jan
06,09,11,14,18,20,31 - Jan
06,09,11,14,18,21,29 - Jan
06,09,11,14,18,21,31 - Jan
06,09,11,14,18,22,29 - Jan
06,09,11,14,18,22,31 - Jan
06,09,11,14,18,25,29 - Jan
06,09,11,14,18,25,31 - Jan
06,09,11,14,18,26,29 - Jan
06,09,11,14,18,26,31 - Jan
06,09,11,14,18,27,29 - Jan
06,09,11,14,18,27,31 - Jan
06,09,11,14,18,28,29 - Jan
06,09,11,14,18,28,31 - Jan
06,09,11,14,18,29,30 - Jan
06,09,11,14,18,29,31 - Jan
06,09,11,14,18,30,31 - Jan
06,09,11,14,19,20,22 - Jan
06,09,11,14,19,20,25 - Jan
06,09,11,14,19,20,26 - Jan
06,09,11,14,19,20,27 - Jan
06,09,11,14,19,20,28 - Jan
06,09,11,14,19,20,29 - Jan
06,09,11,14,19,20,30 - Jan
06,09,11,14,19,20,31 - Jan
06,09,11,14,19,21,22 - Jan
06,09,11,14,19,21,26 - Jan
06,09,11,14,19,21,28 - Jan
06,09,11,14,19,21,30 - Jan
06,09,11,14,19,22,25 - Jan
06,09,11,14,19,22,26 - Jan
06,09,11,14,19,22,27 - Jan
06,09,11,14,19,22,28 - Jan
06,09,11,14,19,22,29 - Jan
06,09,11,14,19,22,30 - Jan
06,09,11,14,19,22,31 - Jan
06,09,11,14,19,25,26 - Jan
06,09,11,14,19,25,28 - Jan
06,09,11,14,19,25,30 - Jan
06,09,11,14,19,26,27 - Jan
06,09,11,14,19,26,28 - Jan
06,09,11,14,19,26,29 - Jan
06,09,11,14,19,26,30 - Jan
06,09,11,14,19,26,31 - Jan
06,09,11,14,19,27,28 - Jan
06,09,11,14,19,27,30 - Jan
06,09,11,14,19,28,29 - Jan
06,09,11,14,19,28,30 - Jan
06,09,11,14,19,28,31 - Jan
06,09,11,14,19,29,30 - Jan
06,09,11,14,19,30,31 - Jan
06,09,11,14,20,21,29 - Jan
06,09,11,14,20,21,31 - Jan
06,09,11,14,20,22,29 - Jan
06,09,11,14,20,22,31 - Jan
06,09,11,14,20,25,29 - Jan
06,09,11,14,20,25,31 - Jan
06,09,11,14,20,26,29 - Jan
06,09,11,14,20,26,31 - Jan
06,09,11,14,20,27,29 - Jan
06,09,11,14,20,27,31 - Jan
06,09,11,14,20,28,29 - Jan
06,09,11,14,20,28,31 - Jan
06,09,11,14,20,29,30 - Jan
06,09,11,14,20,29,31 - Jan
06,09,11,14,20,30,31 - Jan
06,09,11,14,21,22,29 - Jan
06,09,11,14,21,22,31 - Jan
06,09,11,14,21,26,29 - Jan
06,09,11,14,21,26,31 - Jan
06,09,11,14,21,28,29 - Jan
06,09,11,14,21,28,31 - Jan
06,09,11,14,21,29,30 - Jan
06,09,11,14,21,30,31 - Jan
06,09,11,14,22,25,29 - Jan
06,09,11,14,22,25,31 - Jan
06,09,11,14,22,26,29 - Jan
06,09,11,14,22,26,31 - Jan
06,09,11,14,22,27,29 - Jan
06,09,11,14,22,27,31 - Jan
06,09,11,14,22,28,29 - Jan
06,09,11,14,22,28,31 - Jan
06,09,11,14,22,29,30 - Jan
06,09,11,14,22,29,31 - Jan
06,09,11,14,22,30,31 - Jan
06,09,11,14,25,26,29 - Jan
06,09,11,14,25,26,31 - Jan
06,09,11,14,25,28,29 - Jan
06,09,11,14,25,28,31 - Jan
06,09,11,14,25,29,30 - Jan
06,09,11,14,25,30,31 - Jan
06,09,11,14,26,27,29 - Jan
06,09,11,14,26,27,31 - Jan
06,09,11,14,26,28,29 - Jan
06,09,11,14,26,28,31 - Jan
06,09,11,14,26,29,30 - Jan
06,09,11,14,26,29,31 - Jan
06,09,11,14,26,30,31 - Jan
06,09,11,14,27,28,31 - Jan
06,09,11,14,27,29,30 - Jan
06,09,11,14,27,30,31 - Jan
06,09,11,14,28,29,31 - Jan
06,09,11,14,28,30,31 - Jan
06,09,11,15,16,18,29 - Jan
06,09,11,15,16,18,31 - Jan
06,09,11,15,16,19,26 - Jan
06,09,11,15,16,19,28 - Jan
06,09,11,15,16,19,30 - Jan
06,09,11,15,16,20,29 - Jan
06,09,11,15,16,20,31 - Jan
06,09,11,15,16,22,29 - Jan
06,09,11,15,16,22,31 - Jan
06,09,11,15,16,26,29 - Jan
06,09,11,15,16,26,31 - Jan
06,09,11,15,16,28,29 - Jan
06,09,11,15,16,28,31 - Jan
06,09,11,15,16,29,30 - Jan
06,09,11,15,16,30,31 - Jan
06,09,11,15,17,18,26 - Jan
06,09,11,15,17,18,28 - Jan
06,09,11,15,17,18,30 - Jan
06,09,11,15,17,20,22 - Jan
06,09,11,15,17,20,26 - Jan
06,09,11,15,17,20,28 - Jan
06,09,11,15,17,20,30 - Jan
06,09,11,15,17,22,26 - Jan
06,09,11,15,17,22,28 - Jan
06,09,11,15,17,22,30 - Jan
06,09,11,15,17,26,28 - Jan
06,09,11,15,17,26,30 - Jan
06,09,11,15,17,28,30 - Jan
06,09,11,15,18,19,22 - Jan
06,09,11,15,18,19,26 - Jan
06,09,11,15,18,19,28 - Jan
06,09,11,15,18,19,30 - Jan
06,09,11,15,18,20,29 - Jan
06,09,11,15,18,20,31 - Jan
06,09,11,15,18,22,29 - Jan
06,09,11,15,18,22,31 - Jan
06,09,11,15,18,26,29 - Jan
06,09,11,15,18,26,31 - Jan
06,09,11,15,18,28,29 - Jan
06,09,11,15,18,28,31 - Jan
06,09,11,15,18,29,30 - Jan
06,09,11,15,18,30,31 - Jan
06,09,11,15,19,20,22 - Jan
06,09,11,15,19,20,26 - Jan
06,09,11,15,19,20,28 - Jan
06,09,11,15,19,20,30 - Jan
06,09,11,15,19,22,26 - Jan
06,09,11,15,19,22,28 - Jan
06,09,11,15,19,22,30 - Jan
06,09,11,15,19,26,28 - Jan
06,09,11,15,19,26,30 - Jan
06,09,11,15,19,28,30 - Jan
06,09,11,15,20,22,29 - Jan
06,09,11,15,20,22,31 - Jan
06,09,11,15,20,26,29 - Jan
06,09,11,15,20,26,31 - Jan
06,09,11,15,20,28,29 - Jan
06,09,11,15,20,28,31 - Jan
06,09,11,15,20,29,30 - Jan
06,09,11,15,20,30,31 - Jan
06,09,11,15,22,26,29 - Jan
06,09,11,15,22,26,31 - Jan
06,09,11,15,22,28,29 - Jan
06,09,11,15,22,28,31 - Jan
06,09,11,15,22,29,30 - Jan
06,09,11,15,22,30,31 - Jan
06,09,11,15,26,28,29 - Jan
06,09,11,15,26,28,31 - Jan
06,09,11,15,26,29,30 - Jan
06,09,11,15,26,30,31 - Jan
06,09,11,15,28,30,31 - Jan
06,09,11,16,17,19,22 - Jan
06,09,11,16,17,19,26 - Jan
06,09,11,16,17,19,28 - Jan
06,09,11,16,17,19,30 - Jan
06,09,11,16,17,20,21 - Jan
06,09,11,16,17,20,22 - Jan
06,09,11,16,17,20,25 - Jan
06,09,11,16,17,20,26 - Jan
06,09,11,16,17,20,27 - Jan
06,09,11,16,17,20,28 - Jan
06,09,11,16,17,20,29 - Jan
06,09,11,16,17,20,30 - Jan
06,09,11,16,17,20,31 - Jan
06,09,11,16,17,21,22 - Jan
06,09,11,16,17,21,26 - Jan
06,09,11,16,17,21,28 - Jan
06,09,11,16,17,21,30 - Jan
06,09,11,16,17,22,25 - Jan
06,09,11,16,17,22,26 - Jan
06,09,11,16,17,22,27 - Jan
06,09,11,16,17,22,28 - Jan
06,09,11,16,17,22,29 - Jan
06,09,11,16,17,22,30 - Jan
06,09,11,16,17,22,31 - Jan
06,09,11,16,17,25,26 - Jan
06,09,11,16,17,25,28 - Jan
06,09,11,16,17,25,30 - Jan
06,09,11,16,17,26,27 - Jan
06,09,11,16,17,26,28 - Jan
06,09,11,16,17,26,29 - Jan
06,09,11,16,17,26,30 - Jan
06,09,11,16,17,26,31 - Jan
06,09,11,16,17,27,28 - Jan
06,09,11,16,17,27,30 - Jan
06,09,11,16,17,28,29 - Jan
06,09,11,16,17,28,30 - Jan
06,09,11,16,17,28,31 - Jan
06,09,11,16,17,29,30 - Jan
06,09,11,16,17,30,31 - Jan
06,09,11,16,18,19,21 - Jan
06,09,11,16,18,19,22 - Jan
06,09,11,16,18,19,25 - Jan
06,09,11,16,18,19,26 - Jan
06,09,11,16,18,19,27 - Jan
06,09,11,16,18,19,28 - Jan
06,09,11,16,18,19,29 - Jan
06,09,11,16,18,19,30 - Jan
06,09,11,16,18,19,31 - Jan
06,09,11,16,18,20,29 - Jan
06,09,11,16,18,20,31 - Jan
06,09,11,16,18,21,29 - Jan
06,09,11,16,18,21,31 - Jan
06,09,11,16,18,22,29 - Jan
06,09,11,16,18,22,31 - Jan
06,09,11,16,18,25,29 - Jan
06,09,11,16,18,25,31 - Jan
06,09,11,16,18,26,29 - Jan
06,09,11,16,18,26,31 - Jan
06,09,11,16,18,27,29 - Jan
06,09,11,16,18,27,31 - Jan
06,09,11,16,18,28,29 - Jan
06,09,11,16,18,28,31 - Jan
06,09,11,16,18,29,30 - Jan
06,09,11,16,18,29,31 - Jan
06,09,11,16,18,30,31 - Jan
06,09,11,16,19,20,22 - Jan
06,09,11,16,19,20,25 - Jan
06,09,11,16,19,20,26 - Jan
06,09,11,16,19,20,27 - Jan
06,09,11,16,19,20,28 - Jan
06,09,11,16,19,20,29 - Jan
06,09,11,16,19,20,30 - Jan
06,09,11,16,19,20,31 - Jan
06,09,11,16,19,21,22 - Jan
06,09,11,16,19,21,26 - Jan
06,09,11,16,19,21,28 - Jan
06,09,11,16,19,21,30 - Jan
06,09,11,16,19,22,25 - Jan
06,09,11,16,19,22,26 - Jan
06,09,11,16,19,22,27 - Jan
06,09,11,16,19,22,28 - Jan
06,09,11,16,19,22,29 - Jan
06,09,11,16,19,22,30 - Jan
06,09,11,16,19,22,31 - Jan
06,09,11,16,19,25,26 - Jan
06,09,11,16,19,25,28 - Jan
06,09,11,16,19,25,30 - Jan
06,09,11,16,19,26,27 - Jan
06,09,11,16,19,26,28 - Jan
06,09,11,16,19,26,29 - Jan
06,09,11,16,19,26,30 - Jan
06,09,11,16,19,26,31 - Jan
06,09,11,16,19,27,28 - Jan
06,09,11,16,19,27,30 - Jan
06,09,11,16,19,28,29 - Jan
06,09,11,16,19,28,30 - Jan
06,09,11,16,19,28,31 - Jan
06,09,11,16,19,29,30 - Jan
06,09,11,16,19,30,31 - Jan
06,09,11,16,20,21,29 - Jan
06,09,11,16,20,21,31 - Jan
06,09,11,16,20,22,29 - Jan
06,09,11,16,20,22,31 - Jan
06,09,11,16,20,25,29 - Jan
06,09,11,16,20,25,31 - Jan
06,09,11,16,20,26,29 - Jan
06,09,11,16,20,26,31 - Jan
06,09,11,16,20,27,29 - Jan
06,09,11,16,20,27,31 - Jan
06,09,11,16,20,28,29 - Jan
06,09,11,16,20,28,31 - Jan
06,09,11,16,20,29,30 - Jan
06,09,11,16,20,29,31 - Jan
06,09,11,16,20,30,31 - Jan
06,09,11,16,21,22,29 - Jan
06,09,11,16,21,22,31 - Jan
06,09,11,16,21,26,29 - Jan
06,09,11,16,21,26,31 - Jan
06,09,11,16,21,28,29 - Jan
06,09,11,16,21,28,31 - Jan
06,09,11,16,21,29,30 - Jan
06,09,11,16,21,30,31 - Jan
06,09,11,16,22,25,29 - Jan
06,09,11,16,22,25,31 - Jan
06,09,11,16,22,26,29 - Jan
06,09,11,16,22,26,31 - Jan
06,09,11,16,22,27,29 - Jan
06,09,11,16,22,27,31 - Jan
06,09,11,16,22,28,29 - Jan
06,09,11,16,22,28,31 - Jan
06,09,11,16,22,29,30 - Jan
06,09,11,16,22,29,31 - Jan
06,09,11,16,22,30,31 - Jan
06,09,11,16,25,26,29 - Jan
06,09,11,16,25,26,31 - Jan
06,09,11,16,25,28,29 - Jan
06,09,11,16,25,28,31 - Jan
06,09,11,16,25,29,30 - Jan
06,09,11,16,25,30,31 - Jan
06,09,11,16,26,27,29 - Jan
06,09,11,16,26,27,31 - Jan
06,09,11,16,26,28,29 - Jan
06,09,11,16,26,28,31 - Jan
06,09,11,16,26,29,30 - Jan
06,09,11,16,26,29,31 - Jan
06,09,11,16,26,30,31 - Jan
06,09,11,16,27,28,31 - Jan
06,09,11,16,27,29,30 - Jan
06,09,11,16,27,30,31 - Jan
06,09,11,16,28,29,31 - Jan
06,09,11,17,18,20,21 - Jan
06,09,11,17,18,20,22 - Jan
06,09,11,17,18,20,25 - Jan
06,09,11,17,18,20,26 - Jan
06,09,11,17,18,20,27 - Jan
06,09,11,17,18,20,28 - Jan
06,09,11,17,18,20,29 - Jan
06,09,11,17,18,20,30 - Jan
06,09,11,17,18,20,31 - Jan
06,09,11,17,18,21,22 - Jan
06,09,11,17,18,21,26 - Jan
06,09,11,17,18,21,28 - Jan
06,09,11,17,18,21,30 - Jan
06,09,11,17,18,22,25 - Jan
06,09,11,17,18,22,26 - Jan
06,09,11,17,18,22,27 - Jan
06,09,11,17,18,22,28 - Jan
06,09,11,17,18,22,29 - Jan
06,09,11,17,18,22,30 - Jan
06,09,11,17,18,22,31 - Jan
06,09,11,17,18,25,26 - Jan
06,09,11,17,18,25,28 - Jan
06,09,11,17,18,25,30 - Jan
06,09,11,17,18,26,27 - Jan
06,09,11,17,18,26,28 - Jan
06,09,11,17,18,26,29 - Jan
06,09,11,17,18,26,30 - Jan
06,09,11,17,18,26,31 - Jan
06,09,11,17,18,27,28 - Jan
06,09,11,17,18,27,30 - Jan
06,09,11,17,18,28,29 - Jan
06,09,11,17,18,28,30 - Jan
06,09,11,17,18,28,31 - Jan
06,09,11,17,18,29,30 - Jan
06,09,11,17,18,30,31 - Jan
06,09,11,17,19,20,22 - Jan
06,09,11,17,19,20,26 - Jan
06,09,11,17,19,20,28 - Jan
06,09,11,17,19,20,30 - Jan
06,09,11,17,19,22,26 - Jan
06,09,11,17,19,22,28 - Jan
06,09,11,17,19,22,30 - Jan
06,09,11,17,19,26,28 - Jan
06,09,11,17,19,26,30 - Jan
06,09,11,17,19,28,30 - Jan
06,09,11,17,20,21,26 - Jan
06,09,11,17,20,21,28 - Jan
06,09,11,17,20,21,30 - Jan
06,09,11,17,20,22,25 - Jan
06,09,11,17,20,22,26 - Jan
06,09,11,17,20,22,27 - Jan
06,09,11,17,20,22,28 - Jan
06,09,11,17,20,22,29 - Jan
06,09,11,17,20,22,30 - Jan
06,09,11,17,20,22,31 - Jan
06,09,11,17,20,25,26 - Jan
06,09,11,17,20,25,28 - Jan
06,09,11,17,20,25,30 - Jan
06,09,11,17,20,26,27 - Jan
06,09,11,17,20,26,28 - Jan
06,09,11,17,20,26,29 - Jan
06,09,11,17,20,26,30 - Jan
06,09,11,17,20,26,31 - Jan
06,09,11,17,20,27,28 - Jan
06,09,11,17,20,27,30 - Jan
06,09,11,17,20,28,29 - Jan
06,09,11,17,20,28,30 - Jan
06,09,11,17,20,28,31 - Jan
06,09,11,17,20,29,30 - Jan
06,09,11,17,20,30,31 - Jan
06,09,11,17,21,22,26 - Jan
06,09,11,17,21,22,28 - Jan
06,09,11,17,21,22,30 - Jan
06,09,11,17,21,26,28 - Jan
06,09,11,17,21,26,30 - Jan
06,09,11,17,21,28,30 - Jan
06,09,11,17,22,25,26 - Jan
06,09,11,17,22,25,28 - Jan
06,09,11,17,22,25,30 - Jan
06,09,11,17,22,26,27 - Jan
06,09,11,17,22,26,28 - Jan
06,09,11,17,22,26,29 - Jan
06,09,11,17,22,26,30 - Jan
06,09,11,17,22,26,31 - Jan
06,09,11,17,22,27,28 - Jan
06,09,11,17,22,27,30 - Jan
06,09,11,17,22,28,29 - Jan
06,09,11,17,22,28,30 - Jan
06,09,11,17,22,28,31 - Jan
06,09,11,17,22,29,30 - Jan
06,09,11,17,22,30,31 - Jan
06,09,11,17,25,26,28 - Jan
06,09,11,17,25,26,30 - Jan
06,09,11,17,25,28,30 - Jan
06,09,11,17,26,27,30 - Jan
06,09,11,17,26,28,29 - Jan
06,09,11,17,26,28,30 - Jan
06,09,11,17,26,28,31 - Jan
06,09,11,17,26,29,30 - Jan
06,09,11,17,26,30,31 - Jan
06,09,11,17,27,28,30 - Jan
06,09,11,18,19,21,22 - Jan
06,09,11,18,19,21,26 - Jan
06,09,11,18,19,21,28 - Jan
06,09,11,18,19,21,30 - Jan
06,09,11,18,19,22,25 - Jan
06,09,11,18,19,22,26 - Jan
06,09,11,18,19,22,27 - Jan
06,09,11,18,19,22,28 - Jan
06,09,11,18,19,22,29 - Jan
06,09,11,18,19,22,30 - Jan
06,09,11,18,19,22,31 - Jan
06,09,11,18,19,25,26 - Jan
06,09,11,18,19,25,28 - Jan
06,09,11,18,19,25,30 - Jan
06,09,11,18,19,26,27 - Jan
06,09,11,18,19,26,28 - Jan
06,09,11,18,19,26,29 - Jan
06,09,11,18,19,26,30 - Jan
06,09,11,18,19,26,31 - Jan
06,09,11,18,19,27,28 - Jan
06,09,11,18,19,27,30 - Jan
06,09,11,18,19,28,29 - Jan
06,09,11,18,19,28,30 - Jan
06,09,11,18,19,28,31 - Jan
06,09,11,18,19,29,30 - Jan
06,09,11,18,19,30,31 - Jan
06,09,11,18,20,21,29 - Jan
06,09,11,18,20,21,31 - Jan
06,09,11,18,20,22,29 - Jan
06,09,11,18,20,22,31 - Jan
06,09,11,18,20,25,29 - Jan
06,09,11,18,20,25,31 - Jan
06,09,11,18,20,26,29 - Jan
06,09,11,18,20,26,31 - Jan
06,09,11,18,20,27,29 - Jan
06,09,11,18,20,27,31 - Jan
06,09,11,18,20,28,29 - Jan
06,09,11,18,20,28,31 - Jan
06,09,11,18,20,29,30 - Jan
06,09,11,18,20,29,31 - Jan
06,09,11,18,20,30,31 - Jan
06,09,11,18,21,22,29 - Jan
06,09,11,18,21,22,31 - Jan
06,09,11,18,21,26,29 - Jan
06,09,11,18,21,26,31 - Jan
06,09,11,18,21,28,29 - Jan
06,09,11,18,21,28,31 - Jan
06,09,11,18,21,29,30 - Jan
06,09,11,18,21,30,31 - Jan
06,09,11,18,22,25,29 - Jan
06,09,11,18,22,25,31 - Jan
06,09,11,18,22,26,29 - Jan
06,09,11,18,22,26,31 - Jan
06,09,11,18,22,27,29 - Jan
06,09,11,18,22,27,31 - Jan
06,09,11,18,22,28,29 - Jan
06,09,11,18,22,28,31 - Jan
06,09,11,18,22,29,30 - Jan
06,09,11,18,22,29,31 - Jan
06,09,11,18,22,30,31 - Jan
06,09,11,18,25,26,29 - Jan
06,09,11,18,25,26,31 - Jan
06,09,11,18,25,28,29 - Jan
06,09,11,18,25,28,31 - Jan
06,09,11,18,25,29,30 - Jan
06,09,11,18,25,30,31 - Jan
06,09,11,18,26,27,29 - Jan
06,09,11,18,26,27,31 - Jan
06,09,11,18,26,28,29 - Jan
06,09,11,18,26,28,31 - Jan
06,09,11,18,26,29,30 - Jan
06,09,11,18,26,29,31 - Jan
06,09,11,18,27,28,31 - Jan
06,09,11,18,27,29,30 - Jan
06,09,11,19,20,22,25 - Jan
06,09,11,19,20,22,26 - Jan
06,09,11,19,20,22,27 - Jan
06,09,11,19,20,22,28 - Jan
06,09,11,19,20,22,29 - Jan
06,09,11,19,20,22,30 - Jan
06,09,11,19,20,22,31 - Jan
06,09,11,19,20,25,26 - Jan
06,09,11,19,20,25,28 - Jan
06,09,11,19,20,25,30 - Jan
06,09,11,19,20,26,27 - Jan
06,09,11,19,20,26,28 - Jan
06,09,11,19,20,26,29 - Jan
06,09,11,19,20,26,30 - Jan
06,09,11,19,20,26,31 - Jan
06,09,11,19,20,27,28 - Jan
06,09,11,19,20,27,30 - Jan
06,09,11,19,20,28,29 - Jan
06,09,11,19,20,28,30 - Jan
06,09,11,19,20,28,31 - Jan
06,09,11,19,20,29,30 - Jan
06,09,11,19,20,30,31 - Jan
06,09,11,19,21,22,26 - Jan
06,09,11,19,21,22,28 - Jan
06,09,11,19,21,22,30 - Jan
06,09,11,19,21,26,28 - Jan
06,09,11,19,21,26,30 - Jan
06,09,11,19,21,28,30 - Jan
06,09,11,19,22,25,26 - Jan
06,09,11,19,22,25,28 - Jan
06,09,11,19,22,25,30 - Jan
06,09,11,19,22,26,27 - Jan
06,09,11,19,22,26,28 - Jan
06,09,11,19,22,26,29 - Jan
06,09,11,19,22,26,30 - Jan
06,09,11,19,22,26,31 - Jan
06,09,11,19,22,27,28 - Jan
06,09,11,19,22,27,30 - Jan
06,09,11,19,22,28,29 - Jan
06,09,11,19,22,28,30 - Jan
06,09,11,19,22,28,31 - Jan
06,09,11,19,22,29,30 - Jan
06,09,11,19,22,30,31 - Jan
06,09,11,19,25,26,28 - Jan
06,09,11,19,25,26,30 - Jan
06,09,11,19,25,28,30 - Jan
06,09,11,19,26,27,30 - Jan
06,09,11,19,26,28,29 - Jan
06,09,11,19,26,28,30 - Jan
06,09,11,19,26,28,31 - Jan
06,09,11,19,26,29,30 - Jan
06,09,11,19,27,28,30 - Jan
06,09,11,20,21,26,29 - Jan
06,09,11,20,21,26,31 - Jan
06,09,11,20,21,28,29 - Jan
06,09,11,20,21,28,31 - Jan
06,09,11,20,21,29,30 - Jan
06,09,11,20,21,30,31 - Jan
06,09,11,20,22,25,29 - Jan
06,09,11,20,22,25,31 - Jan
06,09,11,20,22,26,29 - Jan
06,09,11,20,22,26,31 - Jan
06,09,11,20,22,27,29 - Jan
06,09,11,20,22,27,31 - Jan
06,09,11,20,22,28,29 - Jan
06,09,11,20,22,28,31 - Jan
06,09,11,20,22,29,30 - Jan
06,09,11,20,22,29,31 - Jan
06,09,11,20,22,30,31 - Jan
06,09,11,20,25,26,29 - Jan
06,09,11,20,25,26,31 - Jan
06,09,11,20,25,28,29 - Jan
06,09,11,20,25,28,31 - Jan
06,09,11,20,25,29,30 - Jan
06,09,11,20,26,27,29 - Jan
06,09,11,20,26,27,31 - Jan
06,09,11,20,26,28,29 - Jan
06,09,11,21,22,26,29 - Jan
06,09,11,21,22,26,31 - Jan
06,09,11,21,22,28,29 - Jan
06,09,11,21,22,28,31 - Jan
06,09,11,21,22,29,30 - Jan
06,09,11,21,22,30,31 - Jan
06,09,11,21,26,28,29 - Jan
06,09,11,22,25,26,29 - Jan
06,09,11,22,25,26,31 - Jan
06,09,11,22,25,28,29 - Jan
06,09,11,22,26,27,29 - Jan
06,09,12,13,15,16,29 - Jan
06,09,12,13,15,16,31 - Jan
06,09,12,13,15,17,28 - Jan
06,09,12,13,15,17,30 - Jan
06,09,12,13,15,18,29 - Jan
06,09,12,13,15,18,31 - Jan
06,09,12,13,15,19,26 - Jan
06,09,12,13,15,19,28 - Jan
06,09,12,13,15,19,30 - Jan
06,09,12,13,15,20,29 - Jan
06,09,12,13,15,20,31 - Jan
06,09,12,13,15,22,29 - Jan
06,09,12,13,15,22,31 - Jan
06,09,12,13,15,26,29 - Jan
06,09,12,13,15,26,31 - Jan
06,09,12,13,15,28,29 - Jan
06,09,12,13,15,28,31 - Jan
06,09,12,13,15,29,30 - Jan
06,09,12,13,15,30,31 - Jan
06,09,12,13,16,17,27 - Jan
06,09,12,13,16,17,28 - Jan
06,09,12,13,16,17,29 - Jan
06,09,12,13,16,17,30 - Jan
06,09,12,13,16,17,31 - Jan
06,09,12,13,16,18,29 - Jan
06,09,12,13,16,18,31 - Jan
06,09,12,13,16,19,25 - Jan
06,09,12,13,16,19,26 - Jan
06,09,12,13,16,19,27 - Jan
06,09,12,13,16,19,28 - Jan
06,09,12,13,16,19,29 - Jan
06,09,12,13,16,19,30 - Jan
06,09,12,13,16,19,31 - Jan
06,09,12,13,16,20,29 - Jan
06,09,12,13,16,20,31 - Jan
06,09,12,13,16,21,29 - Jan
06,09,12,13,16,21,31 - Jan
06,09,12,13,16,22,29 - Jan
06,09,12,13,16,22,31 - Jan
06,09,12,13,16,25,29 - Jan
06,09,12,13,16,25,31 - Jan
06,09,12,13,16,26,29 - Jan
06,09,12,13,16,26,31 - Jan
06,09,12,13,16,27,29 - Jan
06,09,12,13,16,27,31 - Jan
06,09,12,13,16,28,29 - Jan
06,09,12,13,16,28,31 - Jan
06,09,12,13,16,29,30 - Jan
06,09,12,13,16,29,31 - Jan
06,09,12,13,16,30,31 - Jan
06,09,12,13,17,18,25 - Jan
06,09,12,13,17,18,26 - Jan
06,09,12,13,17,18,27 - Jan
06,09,12,13,17,18,28 - Jan
06,09,12,13,17,18,29 - Jan
06,09,12,13,17,18,30 - Jan
06,09,12,13,17,18,31 - Jan
06,09,12,13,17,19,26 - Jan
06,09,12,13,17,19,28 - Jan
06,09,12,13,17,19,30 - Jan
06,09,12,13,17,20,25 - Jan
06,09,12,13,17,20,26 - Jan
06,09,12,13,17,20,27 - Jan
06,09,12,13,17,20,28 - Jan
06,09,12,13,17,20,29 - Jan
06,09,12,13,17,20,30 - Jan
06,09,12,13,17,20,31 - Jan
06,09,12,13,17,21,22 - Jan
06,09,12,13,17,21,26 - Jan
06,09,12,13,17,21,28 - Jan
06,09,12,13,17,21,30 - Jan
06,09,12,13,17,22,25 - Jan
06,09,12,13,17,22,26 - Jan
06,09,12,13,17,22,27 - Jan
06,09,12,13,17,22,28 - Jan
06,09,12,13,17,22,29 - Jan
06,09,12,13,17,22,30 - Jan
06,09,12,13,17,22,31 - Jan
06,09,12,13,17,25,26 - Jan
06,09,12,13,17,25,28 - Jan
06,09,12,13,17,25,30 - Jan
06,09,12,13,17,26,27 - Jan
06,09,12,13,17,26,28 - Jan
06,09,12,13,17,26,29 - Jan
06,09,12,13,17,26,30 - Jan
06,09,12,13,17,26,31 - Jan
06,09,12,13,17,27,28 - Jan
06,09,12,13,17,27,30 - Jan
06,09,12,13,17,28,29 - Jan
06,09,12,13,17,28,30 - Jan
06,09,12,13,17,28,31 - Jan
06,09,12,13,17,29,30 - Jan
06,09,12,13,17,30,31 - Jan
06,09,12,13,18,19,25 - Jan
06,09,12,13,18,19,26 - Jan
06,09,12,13,18,19,27 - Jan
06,09,12,13,18,19,28 - Jan
06,09,12,13,18,19,29 - Jan
06,09,12,13,18,19,30 - Jan
06,09,12,13,18,19,31 - Jan
06,09,12,13,18,20,29 - Jan
06,09,12,13,18,20,31 - Jan
06,09,12,13,18,21,29 - Jan
06,09,12,13,18,21,31 - Jan
06,09,12,13,18,22,29 - Jan
06,09,12,13,18,22,31 - Jan
06,09,12,13,18,25,29 - Jan
06,09,12,13,18,25,31 - Jan
06,09,12,13,18,26,29 - Jan
06,09,12,13,18,26,31 - Jan
06,09,12,13,18,27,29 - Jan
06,09,12,13,18,27,31 - Jan
06,09,12,13,18,28,29 - Jan
06,09,12,13,18,28,31 - Jan
06,09,12,13,18,29,30 - Jan
06,09,12,13,18,29,31 - Jan
06,09,12,13,18,30,31 - Jan
06,09,12,13,19,20,22 - Jan
06,09,12,13,19,20,25 - Jan
06,09,12,13,19,20,26 - Jan
06,09,12,13,19,20,27 - Jan
06,09,12,13,19,20,28 - Jan
06,09,12,13,19,20,29 - Jan
06,09,12,13,19,20,30 - Jan
06,09,12,13,19,20,31 - Jan
06,09,12,13,19,21,22 - Jan
06,09,12,13,19,21,26 - Jan
06,09,12,13,19,21,28 - Jan
06,09,12,13,19,21,30 - Jan
06,09,12,13,19,22,25 - Jan
06,09,12,13,19,22,26 - Jan
06,09,12,13,19,22,27 - Jan
06,09,12,13,19,22,28 - Jan
06,09,12,13,19,22,29 - Jan
06,09,12,13,19,22,30 - Jan
06,09,12,13,19,22,31 - Jan
06,09,12,13,19,25,26 - Jan
06,09,12,13,19,25,28 - Jan
06,09,12,13,19,25,30 - Jan
06,09,12,13,19,26,27 - Jan
06,09,12,13,19,26,28 - Jan
06,09,12,13,19,26,29 - Jan
06,09,12,13,19,26,30 - Jan
06,09,12,13,19,26,31 - Jan
06,09,12,13,19,27,28 - Jan
06,09,12,13,19,27,30 - Jan
06,09,12,13,19,28,29 - Jan
06,09,12,13,19,28,30 - Jan
06,09,12,13,19,28,31 - Jan
06,09,12,13,19,29,30 - Jan
06,09,12,13,19,30,31 - Jan
06,09,12,13,20,21,29 - Jan
06,09,12,13,20,21,31 - Jan
06,09,12,13,20,22,29 - Jan
06,09,12,13,20,22,31 - Jan
06,09,12,13,20,25,29 - Jan
06,09,12,13,20,25,31 - Jan
06,09,12,13,20,26,29 - Jan
06,09,12,13,20,26,31 - Jan
06,09,12,13,20,27,29 - Jan
06,09,12,13,20,27,31 - Jan
06,09,12,13,20,28,29 - Jan
06,09,12,13,20,28,31 - Jan
06,09,12,13,20,29,30 - Jan
06,09,12,13,20,29,31 - Jan
06,09,12,13,20,30,31 - Jan
06,09,12,13,21,22,29 - Jan
06,09,12,13,21,22,31 - Jan
06,09,12,13,21,26,29 - Jan
06,09,12,13,21,26,31 - Jan
06,09,12,13,21,28,29 - Jan
06,09,12,13,21,28,31 - Jan
06,09,12,13,21,29,30 - Jan
06,09,12,13,21,30,31 - Jan
06,09,12,13,22,25,29 - Jan
06,09,12,13,22,25,31 - Jan
06,09,12,13,22,26,29 - Jan
06,09,12,13,22,26,31 - Jan
06,09,12,13,22,27,29 - Jan
06,09,12,13,22,27,31 - Jan
06,09,12,13,22,28,29 - Jan
06,09,12,13,22,28,31 - Jan
06,09,12,13,22,29,30 - Jan
06,09,12,13,22,29,31 - Jan
06,09,12,13,22,30,31 - Jan
06,09,12,13,25,26,29 - Jan
06,09,12,13,25,26,31 - Jan
06,09,12,13,25,28,29 - Jan
06,09,12,13,25,28,31 - Jan
06,09,12,13,25,29,30 - Jan
06,09,12,13,25,30,31 - Jan
06,09,12,13,26,27,29 - Jan
06,09,12,13,26,27,31 - Jan
06,09,12,13,26,28,29 - Jan
06,09,12,13,26,28,31 - Jan
06,09,12,13,26,29,30 - Jan
06,09,12,13,26,29,31 - Jan
06,09,12,13,26,30,31 - Jan
06,09,12,13,27,28,31 - Jan
06,09,12,13,27,29,30 - Jan
06,09,12,13,27,30,31 - Jan
06,09,12,13,28,29,31 - Jan
06,09,12,13,28,30,31 - Jan
06,09,12,14,15,17,29 - Jan
06,09,12,14,15,17,31 - Jan
06,09,12,14,15,19,29 - Jan
06,09,12,14,15,19,31 - Jan
06,09,12,14,15,29,31 - Jan
06,09,12,14,16,17,29 - Jan
06,09,12,14,16,17,31 - Jan
06,09,12,14,16,19,29 - Jan
06,09,12,14,16,19,31 - Jan
06,09,12,14,16,29,31 - Jan
06,09,12,14,17,18,29 - Jan
06,09,12,14,17,18,31 - Jan
06,09,12,14,17,19,25 - Jan
06,09,12,14,17,19,26 - Jan
06,09,12,14,17,19,27 - Jan
06,09,12,14,17,19,28 - Jan
06,09,12,14,17,19,29 - Jan
06,09,12,14,17,19,30 - Jan
06,09,12,14,17,19,31 - Jan
06,09,12,14,17,20,29 - Jan
06,09,12,14,17,20,31 - Jan
06,09,12,14,17,21,29 - Jan
06,09,12,14,17,21,31 - Jan
06,09,12,14,17,22,29 - Jan
06,09,12,14,17,22,31 - Jan
06,09,12,14,17,25,29 - Jan
06,09,12,14,17,25,31 - Jan
06,09,12,14,17,26,29 - Jan
06,09,12,14,17,26,31 - Jan
06,09,12,14,17,27,29 - Jan
06,09,12,14,17,27,31 - Jan
06,09,12,14,17,28,29 - Jan
06,09,12,14,17,28,31 - Jan
06,09,12,14,17,29,30 - Jan
06,09,12,14,17,29,31 - Jan
06,09,12,14,17,30,31 - Jan
06,09,12,14,18,19,29 - Jan
06,09,12,14,18,19,31 - Jan
06,09,12,14,18,29,31 - Jan
06,09,12,14,19,20,29 - Jan
06,09,12,14,19,20,31 - Jan
06,09,12,14,19,21,29 - Jan
06,09,12,14,19,21,31 - Jan
06,09,12,14,19,22,29 - Jan
06,09,12,14,19,22,31 - Jan
06,09,12,14,19,25,29 - Jan
06,09,12,14,19,25,31 - Jan
06,09,12,14,19,26,29 - Jan
06,09,12,14,19,26,31 - Jan
06,09,12,14,19,27,29 - Jan
06,09,12,14,19,27,31 - Jan
06,09,12,14,19,28,29 - Jan
06,09,12,14,19,28,31 - Jan
06,09,12,14,19,29,30 - Jan
06,09,12,14,19,29,31 - Jan
06,09,12,14,19,30,31 - Jan
06,09,12,14,20,29,31 - Jan
06,09,12,14,21,29,31 - Jan
06,09,12,14,22,29,31 - Jan
06,09,12,14,25,29,31 - Jan
06,09,12,14,26,29,31 - Jan
06,09,12,14,27,29,31 - Jan
06,09,12,14,28,29,31 - Jan
06,09,12,15,16,19,29 - Jan
06,09,12,15,16,19,31 - Jan
06,09,12,15,16,29,31 - Jan
06,09,12,15,17,18,29 - Jan
06,09,12,15,17,18,31 - Jan
06,09,12,15,17,19,22 - Jan
06,09,12,15,17,19,26 - Jan
06,09,12,15,17,19,28 - Jan
06,09,12,15,17,19,30 - Jan
06,09,12,15,17,20,29 - Jan
06,09,12,15,17,20,31 - Jan
06,09,12,15,17,22,29 - Jan
06,09,12,15,17,22,31 - Jan
06,09,12,15,17,26,29 - Jan
06,09,12,15,17,26,31 - Jan
06,09,12,15,17,28,29 - Jan
06,09,12,15,17,28,31 - Jan
06,09,12,15,17,29,30 - Jan
06,09,12,15,17,30,31 - Jan
06,09,12,15,18,19,29 - Jan
06,09,12,15,18,19,31 - Jan
06,09,12,15,18,29,31 - Jan
06,09,12,15,19,20,29 - Jan
06,09,12,15,19,20,31 - Jan
06,09,12,15,19,22,29 - Jan
06,09,12,15,19,22,31 - Jan
06,09,12,15,19,26,29 - Jan
06,09,12,15,19,26,31 - Jan
06,09,12,15,19,28,29 - Jan
06,09,12,15,19,28,31 - Jan
06,09,12,15,19,29,30 - Jan
06,09,12,15,19,30,31 - Jan
06,09,12,15,20,29,31 - Jan
06,09,12,15,22,29,31 - Jan
06,09,12,15,26,29,31 - Jan
06,09,12,15,28,29,31 - Jan
06,09,12,16,17,19,21 - Jan
06,09,12,16,17,19,22 - Jan
06,09,12,16,17,19,25 - Jan
06,09,12,16,17,19,26 - Jan
06,09,12,16,17,19,27 - Jan
06,09,12,16,17,19,28 - Jan
06,09,12,16,17,19,29 - Jan
06,09,12,16,17,19,30 - Jan
06,09,12,16,17,19,31 - Jan
06,09,12,16,17,20,29 - Jan
06,09,12,16,17,20,31 - Jan
06,09,12,16,17,21,29 - Jan
06,09,12,16,17,21,31 - Jan
06,09,12,16,17,22,29 - Jan
06,09,12,16,17,22,31 - Jan
06,09,12,16,17,25,29 - Jan
06,09,12,16,17,25,31 - Jan
06,09,12,16,17,26,29 - Jan
06,09,12,16,17,26,31 - Jan
06,09,12,16,17,27,29 - Jan
06,09,12,16,17,27,31 - Jan
06,09,12,16,17,28,29 - Jan
06,09,12,16,17,28,31 - Jan
06,09,12,16,17,29,30 - Jan
06,09,12,16,17,29,31 - Jan
06,09,12,16,17,30,31 - Jan
06,09,12,16,18,19,29 - Jan
06,09,12,16,18,19,31 - Jan
06,09,12,16,18,29,31 - Jan
06,09,12,16,19,20,29 - Jan
06,09,12,16,19,20,31 - Jan
06,09,12,16,19,21,29 - Jan
06,09,12,16,19,21,31 - Jan
06,09,12,16,19,22,29 - Jan
06,09,12,16,19,22,31 - Jan
06,09,12,16,19,25,29 - Jan
06,09,12,16,19,25,31 - Jan
06,09,12,16,19,26,29 - Jan
06,09,12,16,19,26,31 - Jan
06,09,12,16,19,27,29 - Jan
06,09,12,16,19,27,31 - Jan
06,09,12,16,19,28,29 - Jan
06,09,12,16,19,28,31 - Jan
06,09,12,16,19,29,30 - Jan
06,09,12,16,19,29,31 - Jan
06,09,12,16,19,30,31 - Jan
06,09,12,16,20,29,31 - Jan
06,09,12,16,21,29,31 - Jan
06,09,12,16,22,29,31 - Jan
06,09,12,16,25,29,31 - Jan
06,09,12,16,26,29,31 - Jan
06,09,12,16,27,29,31 - Jan
06,09,12,17,18,20,29 - Jan
06,09,12,17,18,20,31 - Jan
06,09,12,17,18,21,29 - Jan
06,09,12,17,18,21,31 - Jan
06,09,12,17,18,22,29 - Jan
06,09,12,17,18,22,31 - Jan
06,09,12,17,18,25,29 - Jan
06,09,12,17,18,25,31 - Jan
06,09,12,17,18,26,29 - Jan
06,09,12,17,18,26,31 - Jan
06,09,12,17,18,27,29 - Jan
06,09,12,17,18,27,31 - Jan
06,09,12,17,18,28,29 - Jan
06,09,12,17,18,28,31 - Jan
06,09,12,17,18,29,30 - Jan
06,09,12,17,18,29,31 - Jan
06,09,12,17,18,30,31 - Jan
06,09,12,17,19,20,22 - Jan
06,09,12,17,19,20,25 - Jan
06,09,12,17,19,20,26 - Jan
06,09,12,17,19,20,27 - Jan
06,09,12,17,19,20,28 - Jan
06,09,12,17,19,20,29 - Jan
06,09,12,17,19,20,30 - Jan
06,09,12,17,19,20,31 - Jan
06,09,12,17,19,21,22 - Jan
06,09,12,17,19,21,26 - Jan
06,09,12,17,19,21,28 - Jan
06,09,12,17,19,21,30 - Jan
06,09,12,17,19,22,25 - Jan
06,09,12,17,19,22,26 - Jan
06,09,12,17,19,22,27 - Jan
06,09,12,17,19,22,28 - Jan
06,09,12,17,19,22,29 - Jan
06,09,12,17,19,22,30 - Jan
06,09,12,17,19,22,31 - Jan
06,09,12,17,19,25,26 - Jan
06,09,12,17,19,25,28 - Jan
06,09,12,17,19,25,30 - Jan
06,09,12,17,19,26,27 - Jan
06,09,12,17,19,26,28 - Jan
06,09,12,17,19,26,29 - Jan
06,09,12,17,19,26,30 - Jan
06,09,12,17,19,26,31 - Jan
06,09,12,17,19,27,28 - Jan
06,09,12,17,19,27,30 - Jan
06,09,12,17,19,28,29 - Jan
06,09,12,17,19,28,30 - Jan
06,09,12,17,19,28,31 - Jan
06,09,12,17,19,29,30 - Jan
06,09,12,17,19,30,31 - Jan
06,09,12,17,20,21,29 - Jan
06,09,12,17,20,21,31 - Jan
06,09,12,17,20,22,29 - Jan
06,09,12,17,20,22,31 - Jan
06,09,12,17,20,25,29 - Jan
06,09,12,17,20,25,31 - Jan
06,09,12,17,20,26,29 - Jan
06,09,12,17,20,26,31 - Jan
06,09,12,17,20,27,29 - Jan
06,09,12,17,20,27,31 - Jan
06,09,12,17,20,28,29 - Jan
06,09,12,17,20,28,31 - Jan
06,09,12,17,20,29,30 - Jan
06,09,12,17,20,29,31 - Jan
06,09,12,17,20,30,31 - Jan
06,09,12,17,21,22,29 - Jan
06,09,12,17,21,22,31 - Jan
06,09,12,17,21,26,29 - Jan
06,09,12,17,21,26,31 - Jan
06,09,12,17,21,28,29 - Jan
06,09,12,17,21,28,31 - Jan
06,09,12,17,21,29,30 - Jan
06,09,12,17,21,30,31 - Jan
06,09,12,17,22,25,29 - Jan
06,09,12,17,22,25,31 - Jan
06,09,12,17,22,26,29 - Jan
06,09,12,17,22,26,31 - Jan
06,09,12,17,22,27,29 - Jan
06,09,12,17,22,27,31 - Jan
06,09,12,17,22,28,29 - Jan
06,09,12,17,22,28,31 - Jan
06,09,12,17,22,29,30 - Jan
06,09,12,17,22,29,31 - Jan
06,09,12,17,22,30,31 - Jan
06,09,12,17,25,26,29 - Jan
06,09,12,17,25,26,31 - Jan
06,09,12,17,25,28,29 - Jan
06,09,12,17,25,28,31 - Jan
06,09,12,17,25,29,30 - Jan
06,09,12,17,25,30,31 - Jan
06,09,12,17,26,27,29 - Jan
06,09,12,17,26,27,31 - Jan
06,09,12,17,26,28,29 - Jan
06,09,12,17,26,28,31 - Jan
06,09,12,17,26,29,30 - Jan
06,09,12,17,26,29,31 - Jan
06,09,12,17,27,28,31 - Jan
06,09,12,17,27,29,30 - Jan
06,09,12,18,19,21,29 - Jan
06,09,12,18,19,21,31 - Jan
06,09,12,18,19,22,29 - Jan
06,09,12,18,19,22,31 - Jan
06,09,12,18,19,25,29 - Jan
06,09,12,18,19,25,31 - Jan
06,09,12,18,19,26,29 - Jan
06,09,12,18,19,26,31 - Jan
06,09,12,18,19,27,29 - Jan
06,09,12,18,19,27,31 - Jan
06,09,12,18,19,28,29 - Jan
06,09,12,18,19,28,31 - Jan
06,09,12,18,19,29,30 - Jan
06,09,12,18,19,29,31 - Jan
06,09,12,18,19,30,31 - Jan
06,09,12,18,20,29,31 - Jan
06,09,12,18,21,29,31 - Jan
06,09,12,18,22,29,31 - Jan
06,09,12,18,25,29,31 - Jan
06,09,12,19,20,22,29 - Jan
06,09,12,19,20,22,31 - Jan
06,09,12,19,20,25,29 - Jan
06,09,12,19,20,25,31 - Jan
06,09,12,19,20,26,29 - Jan
06,09,12,19,20,26,31 - Jan
06,09,12,19,20,27,29 - Jan
06,09,12,19,20,27,31 - Jan
06,09,12,19,20,28,29 - Jan
06,09,12,19,20,28,31 - Jan
06,09,12,19,20,29,30 - Jan
06,09,12,19,20,29,31 - Jan
06,09,12,19,20,30,31 - Jan
06,09,12,19,21,22,29 - Jan
06,09,12,19,21,22,31 - Jan
06,09,12,19,21,26,29 - Jan
06,09,12,19,21,26,31 - Jan
06,09,12,19,21,28,29 - Jan
06,09,12,19,21,28,31 - Jan
06,09,12,19,21,29,30 - Jan
06,09,12,19,21,30,31 - Jan
06,09,12,19,22,25,29 - Jan
06,09,12,19,22,25,31 - Jan
06,09,12,19,22,26,29 - Jan
06,09,12,19,22,26,31 - Jan
06,09,12,19,22,27,29 - Jan
06,09,12,19,22,27,31 - Jan
06,09,12,19,22,28,29 - Jan
06,09,12,19,22,28,31 - Jan
06,09,12,19,22,29,30 - Jan
06,09,12,19,22,29,31 - Jan
06,09,12,19,22,30,31 - Jan
06,09,12,19,25,26,29 - Jan
06,09,12,19,25,26,31 - Jan
06,09,12,19,25,28,29 - Jan
06,09,12,19,25,28,31 - Jan
06,09,12,19,25,29,30 - Jan
06,09,12,19,26,27,29 - Jan
06,09,12,19,26,27,31 - Jan
06,09,12,19,26,28,29 - Jan
06,09,12,20,21,29,31 - Jan
06,09,12,20,22,29,31 - Jan
06,09,12,21,22,29,31 - Jan
06,09,13,14,16,17,25 - Jan
06,09,13,14,16,17,26 - Jan
06,09,13,14,16,17,27 - Jan
06,09,13,14,16,17,28 - Jan
06,09,13,14,16,17,29 - Jan
06,09,13,14,16,17,30 - Jan
06,09,13,14,16,17,31 - Jan
06,09,13,14,16,18,29 - Jan
06,09,13,14,16,18,31 - Jan
06,09,13,14,16,19,25 - Jan
06,09,13,14,16,19,26 - Jan
06,09,13,14,16,19,27 - Jan
06,09,13,14,16,19,28 - Jan
06,09,13,14,16,19,29 - Jan
06,09,13,14,16,19,30 - Jan
06,09,13,14,16,19,31 - Jan
06,09,13,14,16,20,29 - Jan
06,09,13,14,16,20,31 - Jan
06,09,13,14,16,21,29 - Jan
06,09,13,14,16,21,31 - Jan
06,09,13,14,16,22,29 - Jan
06,09,13,14,16,22,31 - Jan
06,09,13,14,16,25,29 - Jan
06,09,13,14,16,25,31 - Jan
06,09,13,14,16,26,29 - Jan
06,09,13,14,16,26,31 - Jan
06,09,13,14,16,27,29 - Jan
06,09,13,14,16,27,31 - Jan
06,09,13,14,16,28,29 - Jan
06,09,13,14,16,28,31 - Jan
06,09,13,14,16,29,30 - Jan
06,09,13,14,16,29,31 - Jan
06,09,13,14,16,30,31 - Jan
06,09,13,14,17,18,25 - Jan
06,09,13,14,17,18,26 - Jan
06,09,13,14,17,18,27 - Jan
06,09,13,14,17,18,28 - Jan
06,09,13,14,17,18,29 - Jan
06,09,13,14,17,18,30 - Jan
06,09,13,14,17,18,31 - Jan
06,09,13,14,17,19,22 - Jan
06,09,13,14,17,19,26 - Jan
06,09,13,14,17,19,28 - Jan
06,09,13,14,17,19,30 - Jan
06,09,13,14,17,20,21 - Jan
06,09,13,14,17,20,22 - Jan
06,09,13,14,17,20,25 - Jan
06,09,13,14,17,20,26 - Jan
06,09,13,14,17,20,27 - Jan
06,09,13,14,17,20,28 - Jan
06,09,13,14,17,20,29 - Jan
06,09,13,14,17,20,30 - Jan
06,09,13,14,17,20,31 - Jan
06,09,13,14,17,21,22 - Jan
06,09,13,14,17,21,26 - Jan
06,09,13,14,17,21,28 - Jan
06,09,13,14,17,21,30 - Jan
06,09,13,14,17,22,25 - Jan
06,09,13,14,17,22,26 - Jan
06,09,13,14,17,22,27 - Jan
06,09,13,14,17,22,28 - Jan
06,09,13,14,17,22,29 - Jan
06,09,13,14,17,22,30 - Jan
06,09,13,14,17,22,31 - Jan
06,09,13,14,17,25,26 - Jan
06,09,13,14,17,25,28 - Jan
06,09,13,14,17,25,30 - Jan
06,09,13,14,17,26,27 - Jan
06,09,13,14,17,26,28 - Jan
06,09,13,14,17,26,29 - Jan
06,09,13,14,17,26,30 - Jan
06,09,13,14,17,26,31 - Jan
06,09,13,14,17,27,28 - Jan
06,09,13,14,17,27,30 - Jan
06,09,13,14,17,28,29 - Jan
06,09,13,14,17,28,30 - Jan
06,09,13,14,17,28,31 - Jan
06,09,13,14,17,29,30 - Jan
06,09,13,14,17,30,31 - Jan
06,09,13,14,18,19,21 - Jan
06,09,13,14,18,19,22 - Jan
06,09,13,14,18,19,25 - Jan
06,09,13,14,18,19,26 - Jan
06,09,13,14,18,19,27 - Jan
06,09,13,14,18,19,28 - Jan
06,09,13,14,18,19,29 - Jan
06,09,13,14,18,19,30 - Jan
06,09,13,14,18,19,31 - Jan
06,09,13,14,18,20,29 - Jan
06,09,13,14,18,20,31 - Jan
06,09,13,14,18,21,29 - Jan
06,09,13,14,18,21,31 - Jan
06,09,13,14,18,22,29 - Jan
06,09,13,14,18,22,31 - Jan
06,09,13,14,18,25,29 - Jan
06,09,13,14,18,25,31 - Jan
06,09,13,14,18,26,29 - Jan
06,09,13,14,18,26,31 - Jan
06,09,13,14,18,27,29 - Jan
06,09,13,14,18,27,31 - Jan
06,09,13,14,18,28,29 - Jan
06,09,13,14,18,28,31 - Jan
06,09,13,14,18,29,30 - Jan
06,09,13,14,18,29,31 - Jan
06,09,13,14,18,30,31 - Jan
06,09,13,14,19,20,22 - Jan
06,09,13,14,19,20,25 - Jan
06,09,13,14,19,20,26 - Jan
06,09,13,14,19,20,27 - Jan
06,09,13,14,19,20,28 - Jan
06,09,13,14,19,20,29 - Jan
06,09,13,14,19,20,30 - Jan
06,09,13,14,19,20,31 - Jan
06,09,13,14,19,21,22 - Jan
06,09,13,14,19,21,26 - Jan
06,09,13,14,19,21,28 - Jan
06,09,13,14,19,21,30 - Jan
06,09,13,14,19,22,25 - Jan
06,09,13,14,19,22,26 - Jan
06,09,13,14,19,22,27 - Jan
06,09,13,14,19,22,28 - Jan
06,09,13,14,19,22,29 - Jan
06,09,13,14,19,22,30 - Jan
06,09,13,14,19,22,31 - Jan
06,09,13,14,19,25,26 - Jan
06,09,13,14,19,25,28 - Jan
06,09,13,14,19,25,30 - Jan
06,09,13,14,19,26,27 - Jan
06,09,13,14,19,26,28 - Jan
06,09,13,14,19,26,29 - Jan
06,09,13,14,19,26,30 - Jan
06,09,13,14,19,26,31 - Jan
06,09,13,14,19,27,28 - Jan
06,09,13,14,19,27,30 - Jan
06,09,13,14,19,28,29 - Jan
06,09,13,14,19,28,30 - Jan
06,09,13,14,19,28,31 - Jan
06,09,13,14,19,29,30 - Jan
06,09,13,14,19,30,31 - Jan
06,09,13,14,20,21,29 - Jan
06,09,13,14,20,21,31 - Jan
06,09,13,14,20,22,29 - Jan
06,09,13,14,20,22,31 - Jan
06,09,13,14,20,25,29 - Jan
06,09,13,14,20,25,31 - Jan
06,09,13,14,20,26,29 - Jan
06,09,13,14,20,26,31 - Jan
06,09,13,14,20,27,29 - Jan
06,09,13,14,20,27,31 - Jan
06,09,13,14,20,28,29 - Jan
06,09,13,14,20,28,31 - Jan
06,09,13,14,20,29,30 - Jan
06,09,13,14,20,29,31 - Jan
06,09,13,14,20,30,31 - Jan
06,09,13,14,21,22,29 - Jan
06,09,13,14,21,22,31 - Jan
06,09,13,14,21,26,29 - Jan
06,09,13,14,21,26,31 - Jan
06,09,13,14,21,28,29 - Jan
06,09,13,14,21,28,31 - Jan
06,09,13,14,21,29,30 - Jan
06,09,13,14,21,30,31 - Jan
06,09,13,14,22,25,29 - Jan
06,09,13,14,22,25,31 - Jan
06,09,13,14,22,26,29 - Jan
06,09,13,14,22,26,31 - Jan
06,09,13,14,22,27,29 - Jan
06,09,13,14,22,27,31 - Jan
06,09,13,14,22,28,29 - Jan
06,09,13,14,22,28,31 - Jan
06,09,13,14,22,29,30 - Jan
06,09,13,14,22,29,31 - Jan
06,09,13,14,22,30,31 - Jan
06,09,13,14,25,26,29 - Jan
06,09,13,14,25,26,31 - Jan
06,09,13,14,25,28,29 - Jan
06,09,13,14,25,28,31 - Jan
06,09,13,14,25,29,30 - Jan
06,09,13,14,25,30,31 - Jan
06,09,13,14,26,27,29 - Jan
06,09,13,14,26,27,31 - Jan
06,09,13,14,26,28,29 - Jan
06,09,13,14,26,28,31 - Jan
06,09,13,14,26,29,30 - Jan
06,09,13,14,26,29,31 - Jan
06,09,13,14,26,30,31 - Jan
06,09,13,14,27,28,31 - Jan
06,09,13,14,27,29,30 - Jan
06,09,13,14,27,30,31 - Jan
06,09,13,14,28,29,31 - Jan
06,09,13,15,16,18,29 - Jan
06,09,13,15,16,18,31 - Jan
06,09,13,15,16,19,22 - Jan
06,09,13,15,16,19,26 - Jan
06,09,13,15,16,19,28 - Jan
06,09,13,15,16,19,30 - Jan
06,09,13,15,16,20,29 - Jan
06,09,13,15,16,20,31 - Jan
06,09,13,15,16,22,29 - Jan
06,09,13,15,16,22,31 - Jan
06,09,13,15,16,26,29 - Jan
06,09,13,15,16,26,31 - Jan
06,09,13,15,16,28,29 - Jan
06,09,13,15,16,28,31 - Jan
06,09,13,15,16,29,30 - Jan
06,09,13,15,16,30,31 - Jan
06,09,13,15,17,18,22 - Jan
06,09,13,15,17,18,26 - Jan
06,09,13,15,17,18,28 - Jan
06,09,13,15,17,18,30 - Jan
06,09,13,15,17,20,22 - Jan
06,09,13,15,17,20,26 - Jan
06,09,13,15,17,20,28 - Jan
06,09,13,15,17,20,30 - Jan
06,09,13,15,17,22,26 - Jan
06,09,13,15,17,22,28 - Jan
06,09,13,15,17,22,30 - Jan
06,09,13,15,17,26,28 - Jan
06,09,13,15,17,26,30 - Jan
06,09,13,15,17,28,30 - Jan
06,09,13,15,18,19,22 - Jan
06,09,13,15,18,19,26 - Jan
06,09,13,15,18,19,28 - Jan
06,09,13,15,18,19,30 - Jan
06,09,13,15,18,20,29 - Jan
06,09,13,15,18,20,31 - Jan
06,09,13,15,18,22,29 - Jan
06,09,13,15,18,22,31 - Jan
06,09,13,15,18,26,29 - Jan
06,09,13,15,18,26,31 - Jan
06,09,13,15,18,28,29 - Jan
06,09,13,15,18,28,31 - Jan
06,09,13,15,18,29,30 - Jan
06,09,13,15,18,30,31 - Jan
06,09,13,15,19,20,22 - Jan
06,09,13,15,19,20,26 - Jan
06,09,13,15,19,20,28 - Jan
06,09,13,15,19,20,30 - Jan
06,09,13,15,19,22,26 - Jan
06,09,13,15,19,22,28 - Jan
06,09,13,15,19,22,30 - Jan
06,09,13,15,19,26,28 - Jan
06,09,13,15,19,26,30 - Jan
06,09,13,15,19,28,30 - Jan
06,09,13,15,20,22,29 - Jan
06,09,13,15,20,22,31 - Jan
06,09,13,15,20,26,29 - Jan
06,09,13,15,20,26,31 - Jan
06,09,13,15,20,28,29 - Jan
06,09,13,15,20,28,31 - Jan
06,09,13,15,20,29,30 - Jan
06,09,13,15,20,30,31 - Jan
06,09,13,15,22,26,29 - Jan
06,09,13,15,22,26,31 - Jan
06,09,13,15,22,28,29 - Jan
06,09,13,15,22,28,31 - Jan
06,09,13,15,22,29,30 - Jan
06,09,13,15,22,30,31 - Jan
06,09,13,15,26,28,29 - Jan
06,09,13,15,26,28,31 - Jan
06,09,13,15,26,29,30 - Jan
06,09,13,15,26,30,31 - Jan
06,09,13,16,17,19,20 - Jan
06,09,13,16,17,19,22 - Jan
06,09,13,16,17,19,26 - Jan
06,09,13,16,17,19,28 - Jan
06,09,13,16,17,19,30 - Jan
06,09,13,16,17,20,21 - Jan
06,09,13,16,17,20,22 - Jan
06,09,13,16,17,20,25 - Jan
06,09,13,16,17,20,26 - Jan
06,09,13,16,17,20,27 - Jan
06,09,13,16,17,20,28 - Jan
06,09,13,16,17,20,29 - Jan
06,09,13,16,17,20,30 - Jan
06,09,13,16,17,20,31 - Jan
06,09,13,16,17,21,22 - Jan
06,09,13,16,17,21,26 - Jan
06,09,13,16,17,21,28 - Jan
06,09,13,16,17,21,30 - Jan
06,09,13,16,17,22,25 - Jan
06,09,13,16,17,22,26 - Jan
06,09,13,16,17,22,27 - Jan
06,09,13,16,17,22,28 - Jan
06,09,13,16,17,22,29 - Jan
06,09,13,16,17,22,30 - Jan
06,09,13,16,17,22,31 - Jan
06,09,13,16,17,25,26 - Jan
06,09,13,16,17,25,28 - Jan
06,09,13,16,17,25,30 - Jan
06,09,13,16,17,26,27 - Jan
06,09,13,16,17,26,28 - Jan
06,09,13,16,17,26,29 - Jan
06,09,13,16,17,26,30 - Jan
06,09,13,16,17,26,31 - Jan
06,09,13,16,17,27,28 - Jan
06,09,13,16,17,27,30 - Jan
06,09,13,16,17,28,29 - Jan
06,09,13,16,17,28,30 - Jan
06,09,13,16,17,28,31 - Jan
06,09,13,16,17,29,30 - Jan
06,09,13,16,17,30,31 - Jan
06,09,13,16,18,19,21 - Jan
06,09,13,16,18,19,22 - Jan
06,09,13,16,18,19,25 - Jan
06,09,13,16,18,19,26 - Jan
06,09,13,16,18,19,27 - Jan
06,09,13,16,18,19,28 - Jan
06,09,13,16,18,19,29 - Jan
06,09,13,16,18,19,30 - Jan
06,09,13,16,18,19,31 - Jan
06,09,13,16,18,20,29 - Jan
06,09,13,16,18,20,31 - Jan
06,09,13,16,18,21,29 - Jan
06,09,13,16,18,21,31 - Jan
06,09,13,16,18,22,29 - Jan
06,09,13,16,18,22,31 - Jan
06,09,13,16,18,25,29 - Jan
06,09,13,16,18,25,31 - Jan
06,09,13,16,18,26,29 - Jan
06,09,13,16,18,26,31 - Jan
06,09,13,16,18,27,29 - Jan
06,09,13,16,18,27,31 - Jan
06,09,13,16,18,28,29 - Jan
06,09,13,16,18,28,31 - Jan
06,09,13,16,18,29,30 - Jan
06,09,13,16,18,29,31 - Jan
06,09,13,16,18,30,31 - Jan
06,09,13,16,19,20,22 - Jan
06,09,13,16,19,20,25 - Jan
06,09,13,16,19,20,26 - Jan
06,09,13,16,19,20,27 - Jan
06,09,13,16,19,20,28 - Jan
06,09,13,16,19,20,29 - Jan
06,09,13,16,19,20,30 - Jan
06,09,13,16,19,20,31 - Jan
06,09,13,16,19,21,22 - Jan
06,09,13,16,19,21,26 - Jan
06,09,13,16,19,21,28 - Jan
06,09,13,16,19,21,30 - Jan
06,09,13,16,19,22,25 - Jan
06,09,13,16,19,22,26 - Jan
06,09,13,16,19,22,27 - Jan
06,09,13,16,19,22,28 - Jan
06,09,13,16,19,22,29 - Jan
06,09,13,16,19,22,30 - Jan
06,09,13,16,19,22,31 - Jan
06,09,13,16,19,25,26 - Jan
06,09,13,16,19,25,28 - Jan
06,09,13,16,19,25,30 - Jan
06,09,13,16,19,26,27 - Jan
06,09,13,16,19,26,28 - Jan
06,09,13,16,19,26,29 - Jan
06,09,13,16,19,26,30 - Jan
06,09,13,16,19,26,31 - Jan
06,09,13,16,19,27,28 - Jan
06,09,13,16,19,27,30 - Jan
06,09,13,16,19,28,29 - Jan
06,09,13,16,19,28,30 - Jan
06,09,13,16,19,28,31 - Jan
06,09,13,16,19,29,30 - Jan
06,09,13,16,19,30,31 - Jan
06,09,13,16,20,21,29 - Jan
06,09,13,16,20,21,31 - Jan
06,09,13,16,20,22,29 - Jan
06,09,13,16,20,22,31 - Jan
06,09,13,16,20,25,29 - Jan
06,09,13,16,20,25,31 - Jan
06,09,13,16,20,26,29 - Jan
06,09,13,16,20,26,31 - Jan
06,09,13,16,20,27,29 - Jan
06,09,13,16,20,27,31 - Jan
06,09,13,16,20,28,29 - Jan
06,09,13,16,20,28,31 - Jan
06,09,13,16,20,29,30 - Jan
06,09,13,16,20,29,31 - Jan
06,09,13,16,20,30,31 - Jan
06,09,13,16,21,22,29 - Jan
06,09,13,16,21,22,31 - Jan
06,09,13,16,21,26,29 - Jan
06,09,13,16,21,26,31 - Jan
06,09,13,16,21,28,29 - Jan
06,09,13,16,21,28,31 - Jan
06,09,13,16,21,29,30 - Jan
06,09,13,16,21,30,31 - Jan
06,09,13,16,22,25,29 - Jan
06,09,13,16,22,25,31 - Jan
06,09,13,16,22,26,29 - Jan
06,09,13,16,22,26,31 - Jan
06,09,13,16,22,27,29 - Jan
06,09,13,16,22,27,31 - Jan
06,09,13,16,22,28,29 - Jan
06,09,13,16,22,28,31 - Jan
06,09,13,16,22,29,30 - Jan
06,09,13,16,22,29,31 - Jan
06,09,13,16,22,30,31 - Jan
06,09,13,16,25,26,29 - Jan
06,09,13,16,25,26,31 - Jan
06,09,13,16,25,28,29 - Jan
06,09,13,16,25,28,31 - Jan
06,09,13,16,25,29,30 - Jan
06,09,13,16,25,30,31 - Jan
06,09,13,16,26,27,29 - Jan
06,09,13,16,26,27,31 - Jan
06,09,13,16,26,28,29 - Jan
06,09,13,16,26,28,31 - Jan
06,09,13,16,26,29,30 - Jan
06,09,13,16,26,29,31 - Jan
06,09,13,16,27,28,31 - Jan
06,09,13,16,27,29,30 - Jan
06,09,13,17,18,20,21 - Jan
06,09,13,17,18,20,22 - Jan
06,09,13,17,18,20,25 - Jan
06,09,13,17,18,20,26 - Jan
06,09,13,17,18,20,27 - Jan
06,09,13,17,18,20,28 - Jan
06,09,13,17,18,20,29 - Jan
06,09,13,17,18,20,30 - Jan
06,09,13,17,18,20,31 - Jan
06,09,13,17,18,21,22 - Jan
06,09,13,17,18,21,26 - Jan
06,09,13,17,18,21,28 - Jan
06,09,13,17,18,21,30 - Jan
06,09,13,17,18,22,25 - Jan
06,09,13,17,18,22,26 - Jan
06,09,13,17,18,22,27 - Jan
06,09,13,17,18,22,28 - Jan
06,09,13,17,18,22,29 - Jan
06,09,13,17,18,22,30 - Jan
06,09,13,17,18,22,31 - Jan
06,09,13,17,18,25,26 - Jan
06,09,13,17,18,25,28 - Jan
06,09,13,17,18,25,30 - Jan
06,09,13,17,18,26,27 - Jan
06,09,13,17,18,26,28 - Jan
06,09,13,17,18,26,29 - Jan
06,09,13,17,18,26,30 - Jan
06,09,13,17,18,26,31 - Jan
06,09,13,17,18,27,28 - Jan
06,09,13,17,18,27,30 - Jan
06,09,13,17,18,28,29 - Jan
06,09,13,17,18,28,30 - Jan
06,09,13,17,18,28,31 - Jan
06,09,13,17,18,29,30 - Jan
06,09,13,17,18,30,31 - Jan
06,09,13,17,19,20,22 - Jan
06,09,13,17,19,20,26 - Jan
06,09,13,17,19,20,28 - Jan
06,09,13,17,19,20,30 - Jan
06,09,13,17,19,22,26 - Jan
06,09,13,17,19,22,28 - Jan
06,09,13,17,19,22,30 - Jan
06,09,13,17,19,26,28 - Jan
06,09,13,17,19,26,30 - Jan
06,09,13,17,19,28,30 - Jan
06,09,13,17,20,21,26 - Jan
06,09,13,17,20,21,28 - Jan
06,09,13,17,20,21,30 - Jan
06,09,13,17,20,22,25 - Jan
06,09,13,17,20,22,26 - Jan
06,09,13,17,20,22,27 - Jan
06,09,13,17,20,22,28 - Jan
06,09,13,17,20,22,29 - Jan
06,09,13,17,20,22,30 - Jan
06,09,13,17,20,22,31 - Jan
06,09,13,17,20,25,26 - Jan
06,09,13,17,20,25,28 - Jan
06,09,13,17,20,25,30 - Jan
06,09,13,17,20,26,27 - Jan
06,09,13,17,20,26,28 - Jan
06,09,13,17,20,26,29 - Jan
06,09,13,17,20,26,30 - Jan
06,09,13,17,20,26,31 - Jan
06,09,13,17,20,27,28 - Jan
06,09,13,17,20,27,30 - Jan
06,09,13,17,20,28,29 - Jan
06,09,13,17,20,28,30 - Jan
06,09,13,17,20,28,31 - Jan
06,09,13,17,20,29,30 - Jan
06,09,13,17,20,30,31 - Jan
06,09,13,17,21,22,26 - Jan
06,09,13,17,21,22,28 - Jan
06,09,13,17,21,22,30 - Jan
06,09,13,17,21,26,28 - Jan
06,09,13,17,21,26,30 - Jan
06,09,13,17,21,28,30 - Jan
06,09,13,17,22,25,26 - Jan
06,09,13,17,22,25,28 - Jan
06,09,13,17,22,25,30 - Jan
06,09,13,17,22,26,27 - Jan
06,09,13,17,22,26,28 - Jan
06,09,13,17,22,26,29 - Jan
06,09,13,17,22,26,30 - Jan
06,09,13,17,22,26,31 - Jan
06,09,13,17,22,27,28 - Jan
06,09,13,17,22,27,30 - Jan
06,09,13,17,22,28,29 - Jan
06,09,13,17,22,28,30 - Jan
06,09,13,17,22,28,31 - Jan
06,09,13,17,22,29,30 - Jan
06,09,13,17,22,30,31 - Jan
06,09,13,17,25,26,28 - Jan
06,09,13,17,25,26,30 - Jan
06,09,13,17,25,28,30 - Jan
06,09,13,17,26,27,30 - Jan
06,09,13,17,26,28,29 - Jan
06,09,13,17,26,28,30 - Jan
06,09,13,17,26,28,31 - Jan
06,09,13,17,26,29,30 - Jan
06,09,13,17,27,28,30 - Jan
06,09,13,18,19,21,22 - Jan
06,09,13,18,19,21,26 - Jan
06,09,13,18,19,21,28 - Jan
06,09,13,18,19,21,30 - Jan
06,09,13,18,19,22,25 - Jan
06,09,13,18,19,22,26 - Jan
06,09,13,18,19,22,27 - Jan
06,09,13,18,19,22,28 - Jan
06,09,13,18,19,22,29 - Jan
06,09,13,18,19,22,30 - Jan
06,09,13,18,19,22,31 - Jan
06,09,13,18,19,25,26 - Jan
06,09,13,18,19,25,28 - Jan
06,09,13,18,19,25,30 - Jan
06,09,13,18,19,26,27 - Jan
06,09,13,18,19,26,28 - Jan
06,09,13,18,19,26,29 - Jan
06,09,13,18,19,26,30 - Jan
06,09,13,18,19,26,31 - Jan
06,09,13,18,19,27,28 - Jan
06,09,13,18,19,27,30 - Jan
06,09,13,18,19,28,29 - Jan
06,09,13,18,19,28,30 - Jan
06,09,13,18,19,28,31 - Jan
06,09,13,18,19,29,30 - Jan
06,09,13,18,19,30,31 - Jan
06,09,13,18,20,21,29 - Jan
06,09,13,18,20,21,31 - Jan
06,09,13,18,20,22,29 - Jan
06,09,13,18,20,22,31 - Jan
06,09,13,18,20,25,29 - Jan
06,09,13,18,20,25,31 - Jan
06,09,13,18,20,26,29 - Jan
06,09,13,18,20,26,31 - Jan
06,09,13,18,20,27,29 - Jan
06,09,13,18,20,27,31 - Jan
06,09,13,18,20,28,29 - Jan
06,09,13,18,20,28,31 - Jan
06,09,13,18,20,29,30 - Jan
06,09,13,18,20,29,31 - Jan
06,09,13,18,20,30,31 - Jan
06,09,13,18,21,22,29 - Jan
06,09,13,18,21,22,31 - Jan
06,09,13,18,21,26,29 - Jan
06,09,13,18,21,26,31 - Jan
06,09,13,18,21,28,29 - Jan
06,09,13,18,21,28,31 - Jan
06,09,13,18,21,29,30 - Jan
06,09,13,18,21,30,31 - Jan
06,09,13,18,22,25,29 - Jan
06,09,13,18,22,25,31 - Jan
06,09,13,18,22,26,29 - Jan
06,09,13,18,22,26,31 - Jan
06,09,13,18,22,27,29 - Jan
06,09,13,18,22,27,31 - Jan
06,09,13,18,22,28,29 - Jan
06,09,13,18,22,28,31 - Jan
06,09,13,18,22,29,30 - Jan
06,09,13,18,22,29,31 - Jan
06,09,13,18,22,30,31 - Jan
06,09,13,18,25,26,29 - Jan
06,09,13,18,25,26,31 - Jan
06,09,13,18,25,28,29 - Jan
06,09,13,18,25,28,31 - Jan
06,09,13,18,25,29,30 - Jan
06,09,13,18,26,27,29 - Jan
06,09,13,18,26,27,31 - Jan
06,09,13,18,26,28,29 - Jan
06,09,13,19,20,22,25 - Jan
06,09,13,19,20,22,26 - Jan
06,09,13,19,20,22,27 - Jan
06,09,13,19,20,22,28 - Jan
06,09,13,19,20,22,29 - Jan
06,09,13,19,20,22,30 - Jan
06,09,13,19,20,22,31 - Jan
06,09,13,19,20,25,26 - Jan
06,09,13,19,20,25,28 - Jan
06,09,13,19,20,25,30 - Jan
06,09,13,19,20,26,27 - Jan
06,09,13,19,20,26,28 - Jan
06,09,13,19,20,26,29 - Jan
06,09,13,19,20,26,30 - Jan
06,09,13,19,20,26,31 - Jan
06,09,13,19,20,27,28 - Jan
06,09,13,19,20,27,30 - Jan
06,09,13,19,20,28,29 - Jan
06,09,13,19,20,28,30 - Jan
06,09,13,19,20,28,31 - Jan
06,09,13,19,20,29,30 - Jan
06,09,13,19,20,30,31 - Jan
06,09,13,19,21,22,26 - Jan
06,09,13,19,21,22,28 - Jan
06,09,13,19,21,22,30 - Jan
06,09,13,19,21,26,28 - Jan
06,09,13,19,21,26,30 - Jan
06,09,13,19,21,28,30 - Jan
06,09,13,19,22,25,26 - Jan
06,09,13,19,22,25,28 - Jan
06,09,13,19,22,25,30 - Jan
06,09,13,19,22,26,27 - Jan
06,09,13,19,22,26,28 - Jan
06,09,13,19,22,26,29 - Jan
06,09,13,19,22,26,30 - Jan
06,09,13,19,22,26,31 - Jan
06,09,13,19,22,27,28 - Jan
06,09,13,19,22,27,30 - Jan
06,09,13,19,22,28,29 - Jan
06,09,13,19,22,28,30 - Jan
06,09,13,19,22,28,31 - Jan
06,09,13,19,22,29,30 - Jan
06,09,13,19,22,30,31 - Jan
06,09,13,19,25,26,28 - Jan
06,09,13,19,25,26,30 - Jan
06,09,13,19,25,28,30 - Jan
06,09,13,19,26,27,30 - Jan
06,09,13,19,26,28,29 - Jan
06,09,13,20,21,26,29 - Jan
06,09,13,20,21,26,31 - Jan
06,09,13,20,21,28,29 - Jan
06,09,13,20,21,28,31 - Jan
06,09,13,20,21,29,30 - Jan
06,09,13,20,21,30,31 - Jan
06,09,13,20,22,25,29 - Jan
06,09,13,20,22,25,31 - Jan
06,09,13,20,22,26,29 - Jan
06,09,13,20,22,26,31 - Jan
06,09,13,20,22,27,29 - Jan
06,09,13,20,22,27,31 - Jan
06,09,13,20,22,28,29 - Jan
06,09,13,20,22,28,31 - Jan
06,09,13,20,22,29,30 - Jan
06,09,13,20,22,29,31 - Jan
06,09,13,20,25,26,29 - Jan
06,09,13,20,25,26,31 - Jan
06,09,13,20,25,28,29 - Jan
06,09,13,20,26,27,29 - Jan
06,09,13,21,22,26,29 - Jan
06,09,13,21,22,26,31 - Jan
06,09,13,21,22,28,29 - Jan
06,09,13,21,22,28,31 - Jan
06,09,13,21,22,29,30 - Jan
06,09,13,22,25,26,29 - Jan
06,09,14,15,17,18,29 - Jan
06,09,14,15,17,18,31 - Jan
06,09,14,15,17,19,20 - Jan
06,09,14,15,17,19,22 - Jan
06,09,14,15,17,19,26 - Jan
06,09,14,15,17,19,28 - Jan
06,09,14,15,17,19,30 - Jan
06,09,14,15,17,20,29 - Jan
06,09,14,15,17,20,31 - Jan
06,09,14,15,17,22,29 - Jan
06,09,14,15,17,22,31 - Jan
06,09,14,15,17,26,29 - Jan
06,09,14,15,17,26,31 - Jan
06,09,14,15,17,28,29 - Jan
06,09,14,15,17,28,31 - Jan
06,09,14,15,17,29,30 - Jan
06,09,14,15,17,30,31 - Jan
06,09,14,15,18,19,29 - Jan
06,09,14,15,18,19,31 - Jan
06,09,14,15,18,29,31 - Jan
06,09,14,15,19,20,29 - Jan
06,09,14,15,19,20,31 - Jan
06,09,14,15,19,22,29 - Jan
06,09,14,15,19,22,31 - Jan
06,09,14,15,19,26,29 - Jan
06,09,14,15,19,26,31 - Jan
06,09,14,15,19,28,29 - Jan
06,09,14,15,19,28,31 - Jan
06,09,14,15,19,29,30 - Jan
06,09,14,15,19,30,31 - Jan
06,09,14,15,20,29,31 - Jan
06,09,14,15,22,29,31 - Jan
06,09,14,15,26,29,31 - Jan
06,09,14,16,17,19,20 - Jan
06,09,14,16,17,19,21 - Jan
06,09,14,16,17,19,22 - Jan
06,09,14,16,17,19,25 - Jan
06,09,14,16,17,19,26 - Jan
06,09,14,16,17,19,27 - Jan
06,09,14,16,17,19,28 - Jan
06,09,14,16,17,19,29 - Jan
06,09,14,16,17,19,30 - Jan
06,09,14,16,17,19,31 - Jan
06,09,14,16,17,20,29 - Jan
06,09,14,16,17,20,31 - Jan
06,09,14,16,17,21,29 - Jan
06,09,14,16,17,21,31 - Jan
06,09,14,16,17,22,29 - Jan
06,09,14,16,17,22,31 - Jan
06,09,14,16,17,25,29 - Jan
06,09,14,16,17,25,31 - Jan
06,09,14,16,17,26,29 - Jan
06,09,14,16,17,26,31 - Jan
06,09,14,16,17,27,29 - Jan
06,09,14,16,17,27,31 - Jan
06,09,14,16,17,28,29 - Jan
06,09,14,16,17,28,31 - Jan
06,09,14,16,17,29,30 - Jan
06,09,14,16,17,29,31 - Jan
06,09,14,16,17,30,31 - Jan
06,09,14,16,18,19,29 - Jan
06,09,14,16,18,19,31 - Jan
06,09,14,16,18,29,31 - Jan
06,09,14,16,19,20,29 - Jan
06,09,14,16,19,20,31 - Jan
06,09,14,16,19,21,29 - Jan
06,09,14,16,19,21,31 - Jan
06,09,14,16,19,22,29 - Jan
06,09,14,16,19,22,31 - Jan
06,09,14,16,19,25,29 - Jan
06,09,14,16,19,25,31 - Jan
06,09,14,16,19,26,29 - Jan
06,09,14,16,19,26,31 - Jan
06,09,14,16,19,27,29 - Jan
06,09,14,16,19,27,31 - Jan
06,09,14,16,19,28,29 - Jan
06,09,14,16,19,28,31 - Jan
06,09,14,16,19,29,30 - Jan
06,09,14,16,19,29,31 - Jan
06,09,14,16,19,30,31 - Jan
06,09,14,16,20,29,31 - Jan
06,09,14,16,21,29,31 - Jan
06,09,14,16,22,29,31 - Jan
06,09,14,16,25,29,31 - Jan
06,09,14,17,18,20,29 - Jan
06,09,14,17,18,20,31 - Jan
06,09,14,17,18,21,29 - Jan
06,09,14,17,18,21,31 - Jan
06,09,14,17,18,22,29 - Jan
06,09,14,17,18,22,31 - Jan
06,09,14,17,18,25,29 - Jan
06,09,14,17,18,25,31 - Jan
06,09,14,17,18,26,29 - Jan
06,09,14,17,18,26,31 - Jan
06,09,14,17,18,27,29 - Jan
06,09,14,17,18,27,31 - Jan
06,09,14,17,18,28,29 - Jan
06,09,14,17,18,28,31 - Jan
06,09,14,17,18,29,30 - Jan
06,09,14,17,18,29,31 - Jan
06,09,14,17,18,30,31 - Jan
06,09,14,17,19,20,22 - Jan
06,09,14,17,19,20,25 - Jan
06,09,14,17,19,20,26 - Jan
06,09,14,17,19,20,27 - Jan
06,09,14,17,19,20,28 - Jan
06,09,14,17,19,20,29 - Jan
06,09,14,17,19,20,30 - Jan
06,09,14,17,19,20,31 - Jan
06,09,14,17,19,21,22 - Jan
06,09,14,17,19,21,26 - Jan
06,09,14,17,19,21,28 - Jan
06,09,14,17,19,21,30 - Jan
06,09,14,17,19,22,25 - Jan
06,09,14,17,19,22,26 - Jan
06,09,14,17,19,22,27 - Jan
06,09,14,17,19,22,28 - Jan
06,09,14,17,19,22,29 - Jan
06,09,14,17,19,22,30 - Jan
06,09,14,17,19,22,31 - Jan
06,09,14,17,19,25,26 - Jan
06,09,14,17,19,25,28 - Jan
06,09,14,17,19,25,30 - Jan
06,09,14,17,19,26,27 - Jan
06,09,14,17,19,26,28 - Jan
06,09,14,17,19,26,29 - Jan
06,09,14,17,19,26,30 - Jan
06,09,14,17,19,26,31 - Jan
06,09,14,17,19,27,28 - Jan
06,09,14,17,19,27,30 - Jan
06,09,14,17,19,28,29 - Jan
06,09,14,17,19,28,30 - Jan
06,09,14,17,19,28,31 - Jan
06,09,14,17,19,29,30 - Jan
06,09,14,17,19,30,31 - Jan
06,09,14,17,20,21,29 - Jan
06,09,14,17,20,21,31 - Jan
06,09,14,17,20,22,29 - Jan
06,09,14,17,20,22,31 - Jan
06,09,14,17,20,25,29 - Jan
06,09,14,17,20,25,31 - Jan
06,09,14,17,20,26,29 - Jan
06,09,14,17,20,26,31 - Jan
06,09,14,17,20,27,29 - Jan
06,09,14,17,20,27,31 - Jan
06,09,14,17,20,28,29 - Jan
06,09,14,17,20,28,31 - Jan
06,09,14,17,20,29,30 - Jan
06,09,14,17,20,29,31 - Jan
06,09,14,17,20,30,31 - Jan
06,09,14,17,21,22,29 - Jan
06,09,14,17,21,22,31 - Jan
06,09,14,17,21,26,29 - Jan
06,09,14,17,21,26,31 - Jan
06,09,14,17,21,28,29 - Jan
06,09,14,17,21,28,31 - Jan
06,09,14,17,21,29,30 - Jan
06,09,14,17,21,30,31 - Jan
06,09,14,17,22,25,29 - Jan
06,09,14,17,22,25,31 - Jan
06,09,14,17,22,26,29 - Jan
06,09,14,17,22,26,31 - Jan
06,09,14,17,22,27,29 - Jan
06,09,14,17,22,27,31 - Jan
06,09,14,17,22,28,29 - Jan
06,09,14,17,22,28,31 - Jan
06,09,14,17,22,29,30 - Jan
06,09,14,17,22,29,31 - Jan
06,09,14,17,22,30,31 - Jan
06,09,14,17,25,26,29 - Jan
06,09,14,17,25,26,31 - Jan
06,09,14,17,25,28,29 - Jan
06,09,14,17,25,28,31 - Jan
06,09,14,17,25,29,30 - Jan
06,09,14,17,26,27,29 - Jan
06,09,14,17,26,27,31 - Jan
06,09,14,17,26,28,29 - Jan
06,09,14,18,19,21,29 - Jan
06,09,14,18,19,21,31 - Jan
06,09,14,18,19,22,29 - Jan
06,09,14,18,19,22,31 - Jan
06,09,14,18,19,25,29 - Jan
06,09,14,18,19,25,31 - Jan
06,09,14,18,19,26,29 - Jan
06,09,14,18,19,26,31 - Jan
06,09,14,18,19,27,29 - Jan
06,09,14,18,19,27,31 - Jan
06,09,14,18,19,28,29 - Jan
06,09,14,18,19,28,31 - Jan
06,09,14,18,19,29,30 - Jan
06,09,14,18,19,29,31 - Jan
06,09,14,18,19,30,31 - Jan
06,09,14,18,20,29,31 - Jan
06,09,14,18,21,29,31 - Jan
06,09,14,18,22,29,31 - Jan
06,09,14,19,20,22,29 - Jan
06,09,14,19,20,22,31 - Jan
06,09,14,19,20,25,29 - Jan
06,09,14,19,20,25,31 - Jan
06,09,14,19,20,26,29 - Jan
06,09,14,19,20,26,31 - Jan
06,09,14,19,20,27,29 - Jan
06,09,14,19,20,27,31 - Jan
06,09,14,19,20,28,29 - Jan
06,09,14,19,20,28,31 - Jan
06,09,14,19,20,29,30 - Jan
06,09,14,19,20,29,31 - Jan
06,09,14,19,20,30,31 - Jan
06,09,14,19,21,22,29 - Jan
06,09,14,19,21,22,31 - Jan
06,09,14,19,21,26,29 - Jan
06,09,14,19,21,26,31 - Jan
06,09,14,19,21,28,29 - Jan
06,09,14,19,21,28,31 - Jan
06,09,14,19,21,29,30 - Jan
06,09,14,19,21,30,31 - Jan
06,09,14,19,22,25,29 - Jan
06,09,14,19,22,25,31 - Jan
06,09,14,19,22,26,29 - Jan
06,09,14,19,22,26,31 - Jan
06,09,14,19,22,27,29 - Jan
06,09,14,19,22,27,31 - Jan
06,09,14,19,22,28,29 - Jan
06,09,14,19,22,28,31 - Jan
06,09,14,19,22,29,30 - Jan
06,09,14,19,22,29,31 - Jan
06,09,14,19,25,26,29 - Jan
06,09,14,19,25,26,31 - Jan
06,09,14,19,25,28,29 - Jan
06,09,14,19,26,27,29 - Jan
06,09,14,20,21,29,31 - Jan
06,09,15,16,18,19,29 - Jan
06,09,15,16,18,19,31 - Jan
06,09,15,16,18,29,31 - Jan
06,09,15,16,19,20,29 - Jan
06,09,15,16,19,20,31 - Jan
06,09,15,16,19,22,29 - Jan
06,09,15,16,19,22,31 - Jan
06,09,15,16,19,26,29 - Jan
06,09,15,16,19,26,31 - Jan
06,09,15,16,19,28,29 - Jan
06,09,15,16,19,28,31 - Jan
06,09,15,16,19,29,30 - Jan
06,09,15,16,19,30,31 - Jan
06,09,15,16,20,29,31 - Jan
06,09,15,16,22,29,31 - Jan
06,09,15,17,18,20,29 - Jan
06,09,15,17,18,20,31 - Jan
06,09,15,17,18,22,29 - Jan
06,09,15,17,18,22,31 - Jan
06,09,15,17,18,26,29 - Jan
06,09,15,17,18,26,31 - Jan
06,09,15,17,18,28,29 - Jan
06,09,15,17,18,28,31 - Jan
06,09,15,17,18,29,30 - Jan
06,09,15,17,18,30,31 - Jan
06,09,15,17,19,20,22 - Jan
06,09,15,17,19,20,26 - Jan
06,09,15,17,19,20,28 - Jan
06,09,15,17,19,20,30 - Jan
06,09,15,17,19,22,26 - Jan
06,09,15,17,19,22,28 - Jan
06,09,15,17,19,22,30 - Jan
06,09,15,17,19,26,28 - Jan
06,09,15,17,19,26,30 - Jan
06,09,15,17,19,28,30 - Jan
06,09,15,17,20,22,29 - Jan
06,09,15,17,20,22,31 - Jan
06,09,15,17,20,26,29 - Jan
06,09,15,17,20,26,31 - Jan
06,09,15,17,20,28,29 - Jan
06,09,15,17,20,28,31 - Jan
06,09,15,17,20,29,30 - Jan
06,09,15,17,20,30,31 - Jan
06,09,15,17,22,26,29 - Jan
06,09,15,17,22,26,31 - Jan
06,09,15,17,22,28,29 - Jan
06,09,15,17,22,28,31 - Jan
06,09,15,17,22,29,30 - Jan
06,09,15,17,22,30,31 - Jan
06,09,15,17,26,28,29 - Jan
06,09,15,18,19,22,29 - Jan
06,09,15,18,19,22,31 - Jan
06,09,15,18,19,26,29 - Jan
06,09,15,18,19,26,31 - Jan
06,09,15,18,19,28,29 - Jan
06,09,15,18,19,28,31 - Jan
06,09,15,18,19,29,30 - Jan
06,09,15,18,19,30,31 - Jan
06,09,15,18,20,29,31 - Jan
06,09,15,18,22,29,31 - Jan
06,09,15,19,20,22,29 - Jan
06,09,15,19,20,22,31 - Jan
06,09,15,19,20,26,29 - Jan
06,09,15,19,20,26,31 - Jan
06,09,15,19,20,28,29 - Jan
06,09,15,19,20,28,31 - Jan
06,09,15,19,20,29,30 - Jan
06,09,15,19,20,30,31 - Jan
06,09,15,19,22,26,29 - Jan
06,09,15,19,22,26,31 - Jan
06,09,15,19,22,28,29 - Jan
06,09,15,19,22,28,31 - Jan
06,09,15,19,22,29,30 - Jan
06,09,16,17,19,20,22 - Jan
06,09,16,17,19,20,25 - Jan
06,09,16,17,19,20,26 - Jan
06,09,16,17,19,20,27 - Jan
06,09,16,17,19,20,28 - Jan
06,09,16,17,19,20,29 - Jan
06,09,16,17,19,20,30 - Jan
06,09,16,17,19,20,31 - Jan
06,09,16,17,19,21,22 - Jan
06,09,16,17,19,21,26 - Jan
06,09,16,17,19,21,28 - Jan
06,09,16,17,19,21,30 - Jan
06,09,16,17,19,22,25 - Jan
06,09,16,17,19,22,26 - Jan
06,09,16,17,19,22,27 - Jan
06,09,16,17,19,22,28 - Jan
06,09,16,17,19,22,29 - Jan
06,09,16,17,19,22,30 - Jan
06,09,16,17,19,22,31 - Jan
06,09,16,17,19,25,26 - Jan
06,09,16,17,19,25,28 - Jan
06,09,16,17,19,25,30 - Jan
06,09,16,17,19,26,27 - Jan
06,09,16,17,19,26,28 - Jan
06,09,16,17,19,26,29 - Jan
06,09,16,17,19,26,30 - Jan
06,09,16,17,19,26,31 - Jan
06,09,16,17,19,27,28 - Jan
06,09,16,17,19,27,30 - Jan
06,09,16,17,19,28,29 - Jan
06,09,16,17,19,28,30 - Jan
06,09,16,17,19,28,31 - Jan
06,09,16,17,19,29,30 - Jan
06,09,16,17,19,30,31 - Jan
06,09,16,17,20,21,29 - Jan
06,09,16,17,20,21,31 - Jan
06,09,16,17,20,22,29 - Jan
06,09,16,17,20,22,31 - Jan
06,09,16,17,20,25,29 - Jan
06,09,16,17,20,25,31 - Jan
06,09,16,17,20,26,29 - Jan
06,09,16,17,20,26,31 - Jan
06,09,16,17,20,27,29 - Jan
06,09,16,17,20,27,31 - Jan
06,09,16,17,20,28,29 - Jan
06,09,16,17,20,28,31 - Jan
06,09,16,17,20,29,30 - Jan
06,09,16,17,20,29,31 - Jan
06,09,16,17,20,30,31 - Jan
06,09,16,17,21,22,29 - Jan
06,09,16,17,21,22,31 - Jan
06,09,16,17,21,26,29 - Jan
06,09,16,17,21,26,31 - Jan
06,09,16,17,21,28,29 - Jan
06,09,16,17,21,28,31 - Jan
06,09,16,17,21,29,30 - Jan
06,09,16,17,21,30,31 - Jan
06,09,16,17,22,25,29 - Jan
06,09,16,17,22,25,31 - Jan
06,09,16,17,22,26,29 - Jan
06,09,16,17,22,26,31 - Jan
06,09,16,17,22,27,29 - Jan
06,09,16,17,22,27,31 - Jan
06,09,16,17,22,28,29 - Jan
06,09,16,17,22,28,31 - Jan
06,09,16,17,22,29,30 - Jan
06,09,16,17,22,29,31 - Jan
06,09,16,17,25,26,29 - Jan
06,09,16,17,25,26,31 - Jan
06,09,16,17,25,28,29 - Jan
06,09,16,17,26,27,29 - Jan
06,09,16,18,19,21,29 - Jan
06,09,16,18,19,21,31 - Jan
06,09,16,18,19,22,29 - Jan
06,09,16,18,19,22,31 - Jan
06,09,16,18,19,25,29 - Jan
06,09,16,18,19,25,31 - Jan
06,09,16,18,19,26,29 - Jan
06,09,16,18,19,26,31 - Jan
06,09,16,18,19,27,29 - Jan
06,09,16,18,19,27,31 - Jan
06,09,16,18,19,28,29 - Jan
06,09,16,18,19,28,31 - Jan
06,09,16,18,19,29,30 - Jan
06,09,16,18,19,29,31 - Jan
06,09,16,18,19,30,31 - Jan
06,09,16,18,20,29,31 - Jan
06,09,16,18,21,29,31 - Jan
06,09,16,19,20,22,29 - Jan
06,09,16,19,20,22,31 - Jan
06,09,16,19,20,25,29 - Jan
06,09,16,19,20,25,31 - Jan
06,09,16,19,20,26,29 - Jan
06,09,16,19,20,26,31 - Jan
06,09,16,19,20,27,29 - Jan
06,09,16,19,20,27,31 - Jan
06,09,16,19,20,28,29 - Jan
06,09,16,19,20,28,31 - Jan
06,09,16,19,20,29,30 - Jan
06,09,16,19,20,29,31 - Jan
06,09,16,19,21,22,29 - Jan
06,09,16,19,21,22,31 - Jan
06,09,16,19,21,26,29 - Jan
06,09,16,19,21,26,31 - Jan
06,09,16,19,21,28,29 - Jan
06,09,16,19,21,28,31 - Jan
06,09,16,19,21,29,30 - Jan
06,09,16,19,22,25,29 - Jan
06,09,16,19,22,25,31 - Jan
06,09,16,19,22,26,29 - Jan
06,09,16,19,22,26,31 - Jan
06,09,16,19,22,27,29 - Jan
06,09,16,19,22,27,31 - Jan
06,09,16,19,22,28,29 - Jan
06,09,16,19,25,26,29 - Jan
06,09,17,18,20,21,29 - Jan
06,09,17,18,20,21,31 - Jan
06,09,17,18,20,22,29 - Jan
06,09,17,18,20,22,31 - Jan
06,09,17,18,20,25,29 - Jan
06,09,17,18,20,25,31 - Jan
06,09,17,18,20,26,29 - Jan
06,09,17,18,20,26,31 - Jan
06,09,17,18,20,27,29 - Jan
06,09,17,18,20,27,31 - Jan
06,09,17,18,20,28,29 - Jan
06,09,17,18,20,28,31 - Jan
06,09,17,18,20,29,30 - Jan
06,09,17,18,20,29,31 - Jan
06,09,17,18,21,22,29 - Jan
06,09,17,18,21,22,31 - Jan
06,09,17,18,21,26,29 - Jan
06,09,17,18,21,26,31 - Jan
06,09,17,18,21,28,29 - Jan
06,09,17,18,21,28,31 - Jan
06,09,17,18,21,29,30 - Jan
06,09,17,18,22,25,29 - Jan
06,09,17,18,22,25,31 - Jan
06,09,17,18,22,26,29 - Jan
06,09,17,18,22,26,31 - Jan
06,09,17,18,22,27,29 - Jan
06,09,17,18,22,27,31 - Jan
06,09,17,18,22,28,29 - Jan
06,09,17,18,25,26,29 - Jan
06,09,17,19,20,22,25 - Jan
06,09,17,19,20,22,26 - Jan
06,09,17,19,20,22,27 - Jan
06,09,17,19,20,22,28 - Jan
06,09,17,19,20,22,29 - Jan
06,09,17,19,20,22,30 - Jan
06,09,17,19,20,22,31 - Jan
06,09,17,19,20,25,26 - Jan
06,09,17,19,20,25,28 - Jan
06,09,17,19,20,25,30 - Jan
06,09,17,19,20,26,27 - Jan
06,09,17,19,20,26,28 - Jan
06,09,17,19,20,26,29 - Jan
06,09,17,19,20,26,30 - Jan
06,09,17,19,20,26,31 - Jan
06,09,17,19,20,27,28 - Jan
06,09,17,19,20,27,30 - Jan
06,09,17,19,20,28,29 - Jan
06,09,17,19,20,28,30 - Jan
06,09,17,19,20,28,31 - Jan
06,09,17,19,20,29,30 - Jan
06,09,17,19,21,22,26 - Jan
06,09,17,19,21,22,28 - Jan
06,09,17,19,21,22,30 - Jan
06,09,17,19,21,26,28 - Jan
06,09,17,19,21,26,30 - Jan
06,09,17,19,21,28,30 - Jan
06,09,17,19,22,25,26 - Jan
06,09,17,19,22,25,28 - Jan
06,09,17,19,22,25,30 - Jan
06,09,17,19,22,26,27 - Jan
06,09,17,19,22,26,28 - Jan
06,09,17,19,22,26,29 - Jan
06,09,17,19,22,26,30 - Jan
06,09,17,19,22,26,31 - Jan
06,09,17,19,22,27,28 - Jan
06,09,17,19,22,27,30 - Jan
06,09,17,19,22,28,29 - Jan
06,09,17,19,25,26,28 - Jan
06,09,17,20,21,26,29 - Jan
06,09,17,20,21,26,31 - Jan
06,09,17,20,21,28,29 - Jan
06,09,17,20,22,25,29 - Jan
06,09,17,20,22,25,31 - Jan
06,09,17,20,22,26,29 - Jan
06,09,17,20,22,27,29 - Jan
06,09,17,21,22,26,29 - Jan
06,09,18,19,21,22,29 - Jan
06,09,18,19,21,22,31 - Jan
06,09,18,19,21,26,29 - Jan
06,09,18,19,21,26,31 - Jan
06,09,18,19,21,28,29 - Jan
06,09,18,19,22,25,29 - Jan
06,09,18,19,22,25,31 - Jan
06,09,18,19,22,26,29 - Jan
06,09,18,19,22,27,29 - Jan
06,09,19,20,22,25,29 - Jan
