PADRÃO: 7/106 (Dígitos / Soma)
TOTAL DE COMBINAÇÕES INÉDITAS ENCONTRADAS: 18839
--------------------------------------------------
04 09 10 16 17 19 31
01 07 13 14 20 23 28
02 06 07 18 21 24 28
04 06 08 11 23 24 30
01 08 09 17 19 22 30
04 07 08 10 22 24 31
01 03 14 15 19 24 30
03 04 07 21 22 23 26
02 05 09 12 25 26 27
06 07 09 11 20 23 30
08 11 12 14 16 18 27
02 07 08 11 22 25 31
02 07 10 15 16 27 29
07 10 12 13 18 22 24
02 03 15 16 18 22 30
03 10 12 15 19 23 24
01 05 12 17 18 26 27
05 10 12 14 15 19 31
03 06 11 13 16 28 29
04 07 09 16 19 22 29
03 05 08 10 21 29 30
07 08 09 15 18 21 28
05 06 10 14 18 25 28
06 09 12 13 15 25 26
02 08 09 12 23 24 28
02 03 09 14 23 26 29
01 03 15 16 21 24 26
04 10 11 13 18 23 27
01 03 08 21 22 24 27
01 02 08 09 27 29 30
06 08 12 16 19 20 25
05 09 11 16 19 22 24
03 06 12 17 18 23 27
07 12 15 16 17 19 20
02 07 09 13 18 27 30
03 07 11 16 20 21 28
01 08 10 15 23 24 25
01 02 16 17 18 22 30
07 08 10 13 19 22 27
02 03 09 12 24 27 29
07 08 09 12 19 20 31
01 08 11 17 20 23 26
03 04 12 15 20 23 29
05 06 07 11 22 27 28
01 08 12 14 16 24 31
02 04 16 18 20 21 25
02 03 14 17 19 20 31
05 09 11 14 19 20 28
02 04 12 16 23 24 25
02 11 15 16 18 19 25
01 08 10 13 21 24 29
03 10 12 15 17 24 25
02 06 09 15 22 23 29
02 03 05 16 22 28 30
01 09 11 13 20 24 28
01 07 08 09 23 28 30
03 05 10 12 24 25 27
02 05 12 14 18 27 28
01 07 11 18 20 24 25
03 08 10 13 15 26 31
02 09 13 14 15 22 31
02 08 13 15 16 21 31
03 06 13 15 18 20 31
02 04 06 16 17 30 31
04 06 07 14 20 27 28
04 08 09 12 14 28 31
01 04 08 15 23 24 31
05 06 08 12 18 26 31
03 05 07 17 20 24 30
03 05 10 17 20 22 29
02 08 13 14 15 24 30
03 06 09 20 21 23 24
04 06 12 14 17 24 29
01 08 13 16 19 21 28
02 04 13 14 15 27 31
01 02 05 21 23 26 28
01 07 12 18 20 23 25
02 03 12 17 19 24 29
02 06 12 13 19 26 28
01 05 06 14 25 26 29
01 05 08 11 22 29 30
08 09 12 15 16 18 28
06 08 15 16 19 20 22
02 06 14 16 19 21 28
06 08 11 13 20 23 25
03 05 06 14 23 24 31
06 08 12 13 16 25 26
04 09 12 15 17 24 25
03 07 11 13 22 24 26
05 06 11 14 16 23 31
04 07 12 16 20 22 25
02 09 11 14 17 23 30
02 08 12 14 16 23 31
02 08 09 14 20 23 30
02 05 11 17 18 23 30
01 02 10 18 23 25 27
01 03 14 16 20 24 28
03 06 07 14 21 24 31
06 09 10 14 16 21 30
01 10 11 16 18 23 27
01 04 07 18 22 24 30
02 10 12 14 15 26 27
02 11 13 15 17 18 30
02 08 10 11 19 25 31
05 07 08 13 18 25 30
06 08 10 11 18 24 29
05 08 10 12 13 27 31
08 11 12 13 18 19 25
03 09 10 13 22 24 25
04 07 09 13 20 24 29
02 07 11 16 21 24 25
04 05 11 19 20 23 24
03 05 14 15 18 21 30
02 03 04 21 22 25 29
02 08 14 17 18 21 26
06 07 11 12 21 24 25
01 04 09 11 22 28 31
03 04 10 14 20 27 28
02 08 09 13 19 25 30
01 06 09 13 23 24 30
01 05 09 12 24 25 30
02 04 13 17 19 24 27
03 04 06 17 20 26 30
06 07 12 13 18 23 27
01 03 16 17 18 23 28
04 08 11 13 14 25 31
07 08 12 13 17 20 29
03 04 08 13 21 27 30
02 05 11 14 15 28 31
01 03 04 12 26 29 31
07 09 11 12 14 22 31
01 07 12 14 19 26 27
04 05 06 15 22 25 29
01 07 11 14 17 26 30
02 09 11 13 21 24 26
04 09 11 12 13 28 29
02 12 14 16 17 22 23
01 10 13 16 19 22 25
03 10 13 16 18 21 25
01 08 10 14 15 28 30
05 10 12 14 15 23 27
02 04 07 10 23 29 31
06 07 10 11 19 22 31
08 09 11 15 16 19 28
03 07 10 11 22 25 28
04 08 09 12 19 26 28
01 04 05 17 24 27 28
03 04 10 19 22 23 25
07 08 12 13 15 23 28
03 04 06 21 23 24 25
01 04 06 20 21 25 29
03 06 13 14 17 23 30
02 08 09 10 20 26 31
08 09 11 12 14 22 30
02 09 10 13 19 26 27
01 02 07 15 23 28 30
02 08 13 16 20 22 25
02 06 11 13 14 29 31
02 03 04 11 27 28 31
02 07 10 18 21 23 25
02 06 13 14 20 22 29
01 03 14 16 18 23 31
01 07 10 11 24 25 28
02 09 10 16 17 25 27
01 11 14 15 16 23 26
05 08 14 15 20 21 23
04 10 12 13 18 19 30
01 04 15 17 22 23 24
01 11 12 13 17 24 28
02 04 14 16 17 23 30
02 05 08 14 22 27 28
01 04 06 18 24 25 28
02 05 07 09 25 28 30
02 10 11 16 19 23 25
02 08 10 13 19 26 28
01 04 06 17 24 26 28
02 06 08 12 21 27 30
05 08 12 15 16 21 29
07 09 10 12 16 22 30
02 05 15 16 19 24 25
07 11 12 16 17 19 24
02 06 07 19 20 22 30
02 07 13 14 20 24 26
05 06 10 15 19 21 30
05 06 14 15 17 24 25
03 05 08 14 18 28 30
03 07 15 16 17 22 26
03 04 09 15 21 24 30
03 09 13 14 17 20 30
08 09 12 14 16 19 28
02 08 14 16 18 21 27
04 05 09 11 22 25 30
04 06 11 15 21 22 27
08 09 12 13 15 18 31
01 06 15 16 19 24 25
05 09 12 14 16 24 26
01 08 10 15 19 22 31
03 07 14 16 17 19 30
01 09 10 14 22 23 27
05 06 13 14 21 23 24
04 05 10 15 18 23 31
02 05 08 13 19 28 31
01 03 10 19 21 24 28
09 11 12 15 16 19 24
01 02 09 14 22 28 30
08 09 14 17 18 19 21
07 10 13 15 16 20 25
05 07 10 16 18 22 28
02 06 11 17 18 21 31
03 08 09 15 18 25 28
03 06 10 11 19 28 29
01 04 08 17 20 27 29
06 09 11 14 21 22 23
03 09 11 18 20 21 24
04 10 11 15 17 18 31
02 06 11 13 21 24 29
02 06 10 13 17 28 30
04 05 10 17 20 24 26
01 05 08 17 22 23 30
03 04 13 17 21 22 26
01 08 10 13 14 29 31
01 10 12 17 18 23 25
01 04 05 16 24 26 30
01 08 12 14 19 22 30
04 06 10 17 18 24 27
01 02 08 19 21 25 30
02 05 06 16 21 27 29
01 03 09 14 20 28 31
05 06 08 12 21 23 31
02 10 12 13 18 24 27
01 04 11 18 23 24 25
02 04 11 16 22 23 28
02 03 06 17 23 24 31
02 09 12 14 20 23 26
06 07 10 12 15 27 29
02 05 12 13 16 28 30
04 06 11 19 20 21 25
01 07 08 12 22 25 31
01 10 12 16 19 23 25
02 03 14 17 19 21 30
02 11 13 14 15 22 29
07 09 11 12 16 24 27
03 05 06 16 21 26 29
03 05 06 12 24 25 31
01 06 11 18 19 21 30
07 08 13 17 19 20 22
03 08 11 15 20 23 26
01 02 03 18 25 27 30
05 07 12 14 15 23 30
03 10 11 14 16 24 28
01 05 07 12 22 29 30
06 09 11 14 15 22 29
01 04 10 18 19 24 30
01 08 10 13 20 25 29
02 09 11 16 17 25 26
03 06 09 13 18 26 31
02 05 06 19 21 26 27
04 06 10 11 19 26 30
04 08 13 14 20 21 26
01 02 03 20 24 27 29
02 04 10 15 20 26 29
06 09 12 16 18 21 24
04 08 11 12 17 26 28
04 06 12 15 21 23 25
03 06 07 18 21 23 28
07 12 13 14 18 20 22
05 06 07 15 17 26 30
03 10 11 15 18 23 26
07 09 10 16 19 21 24
04 05 13 15 20 23 26
05 07 11 14 17 24 28
03 06 07 12 23 27 28
04 05 07 15 22 26 27
07 10 11 14 16 19 29
02 05 12 16 21 23 27
01 04 15 18 19 20 29
01 06 09 16 21 25 28
04 08 14 15 18 21 26
04 06 11 13 21 22 29
04 05 09 10 23 25 30
01 03 15 19 20 22 26
03 09 10 17 18 22 27
06 09 12 13 15 22 29
02 03 08 16 22 27 28
01 02 06 15 22 29 31
05 09 12 14 19 23 24
01 11 14 15 16 20 29
01 05 08 12 19 30 31
02 07 09 14 20 23 31
01 03 04 19 24 25 30
04 06 08 16 21 22 29
02 03 09 17 22 24 29
03 04 09 14 21 25 30
03 08 11 15 18 25 26
01 03 06 15 22 28 31
04 10 12 17 19 21 23
02 04 10 12 23 27 28
05 08 10 15 19 24 25
02 06 07 18 22 23 28
03 04 10 19 20 23 27
08 09 11 15 18 19 26
01 04 08 21 22 23 27
01 09 11 15 16 26 28
03 08 10 15 20 21 29
02 07 10 15 19 23 30
02 05 09 19 20 23 28
05 08 11 14 15 22 31
07 10 13 14 17 20 25
01 03 10 19 22 25 26
04 09 12 15 18 19 29
02 04 12 14 17 28 29
03 06 11 14 21 25 26
02 06 10 13 18 27 30
04 06 07 14 21 26 28
04 07 08 17 18 25 27
03 12 13 14 16 21 27
01 06 09 12 25 26 27
05 06 11 15 18 23 28
01 08 14 16 20 22 25
03 06 08 14 21 24 30
04 05 07 08 25 27 30
04 05 07 12 22 25 31
02 04 11 13 20 27 29
01 02 05 11 28 29 30
01 02 16 17 18 21 31
02 07 13 14 17 24 29
03 11 13 16 19 20 24
03 04 07 18 20 24 30
06 08 10 15 16 23 28
04 05 09 16 19 24 29
03 13 14 17 18 20 21
02 04 10 14 16 29 31
01 08 10 15 19 24 29
04 10 15 17 18 20 22
01 04 12 15 23 24 27
01 04 08 16 18 28 31
05 07 12 14 20 22 26
01 09 12 14 17 23 30
01 03 08 15 23 26 30
01 06 12 13 19 25 30
07 08 11 15 16 18 31
03 04 07 08 23 30 31
02 04 08 12 23 26 31
04 08 12 13 19 22 28
06 10 15 16 18 19 22
02 03 14 16 21 22 28
02 05 07 09 26 28 29
01 06 12 17 19 20 31
06 09 11 12 13 24 31
02 03 10 15 21 26 29
02 04 08 10 23 29 30
03 04 06 09 24 29 31
02 08 11 14 17 23 31
03 07 12 15 18 21 30
03 07 08 20 21 23 24
02 03 04 13 25 29 30
04 08 09 17 18 22 28
02 04 10 19 20 25 26
02 05 14 15 18 21 31
01 04 10 13 23 26 29
06 07 08 10 14 30 31
03 09 13 16 18 21 26
02 03 07 15 22 26 31
01 06 07 08 27 28 29
02 04 12 14 19 25 30
05 12 13 14 16 20 26
01 07 10 18 20 24 26
04 07 08 10 20 28 29
05 09 10 12 18 23 29
02 08 12 14 15 25 30
02 03 04 19 23 25 30
05 08 10 13 21 24 25
03 05 14 16 21 22 25
03 05 06 15 23 26 28
02 07 11 15 20 23 28
06 10 14 15 16 19 26
01 06 09 12 19 28 31
03 04 09 13 18 28 31
03 08 10 16 20 22 27
03 05 06 11 22 29 30
01 03 14 19 20 21 28
07 09 10 13 15 22 30
01 10 14 17 18 19 27
04 05 10 12 17 27 31
04 05 13 15 16 23 30
06 08 15 16 18 20 23
04 06 07 09 19 30 31
05 10 13 16 17 20 25
01 03 12 19 20 24 27
04 07 10 16 17 21 31
05 06 12 13 19 25 26
04 08 09 10 20 27 28
04 07 11 17 19 22 26
02 09 12 16 17 19 31
04 07 10 15 20 21 29
02 04 08 10 22 29 31
06 08 11 13 14 23 31
02 09 13 15 18 20 29
07 09 10 12 15 26 27
01 09 10 14 17 24 31
08 10 11 14 16 20 27
05 09 11 15 16 20 30
05 09 10 17 19 20 26
04 08 13 14 19 20 28
04 11 13 14 15 20 29
02 05 07 16 22 26 28
02 06 08 10 25 26 29
06 10 11 13 17 21 28
01 05 12 16 23 24 25
01 04 07 11 24 28 31
01 03 04 18 22 27 31
01 04 05 12 24 29 31
01 12 13 15 18 21 26
04 11 15 16 19 20 21
02 03 10 17 18 27 29
03 04 09 15 20 24 31
04 06 09 13 19 24 31
05 08 11 15 17 20 30
06 09 10 12 14 24 31
04 09 10 12 15 27 29
01 04 06 08 26 30 31
03 04 12 15 19 23 30
06 07 10 13 18 21 31
03 06 11 15 16 24 31
03 06 12 16 17 25 27
08 09 12 13 17 19 28
01 10 13 15 17 22 28
01 09 12 16 20 23 25
02 05 12 16 19 23 29
03 10 13 14 18 19 29
03 09 11 12 15 26 30
01 02 09 12 25 27 30
05 07 08 11 22 26 27
02 07 10 13 21 24 29
02 03 11 15 20 27 28
06 08 09 17 18 19 29
02 04 15 17 20 22 26
02 10 13 14 18 23 26
02 04 12 13 20 27 28
03 04 11 17 20 22 29
01 04 15 17 18 24 27
01 07 09 13 20 26 30
01 04 07 17 22 26 29
06 09 11 14 19 20 27
03 07 09 12 20 25 30
02 05 07 17 18 28 29
02 05 13 14 16 25 31
04 05 10 12 23 24 28
05 06 11 16 19 24 25
03 06 09 12 19 28 29
03 06 11 13 18 27 28
04 05 15 17 20 22 23
02 06 10 13 22 25 28
02 05 06 11 23 28 31
01 06 07 10 25 26 31
01 10 11 13 14 28 29
05 06 14 16 19 21 25
01 04 09 16 21 24 31
01 03 04 17 23 28 30
02 04 10 13 23 25 29
01 08 13 14 21 23 26
02 03 14 17 18 22 30
02 05 13 16 19 21 30
04 05 06 17 21 26 27
03 10 12 15 17 18 31
01 09 10 13 23 24 26
01 04 12 13 19 26 31
04 06 10 16 18 21 31
02 10 11 15 17 23 28
06 08 11 16 18 23 24
06 07 08 18 20 22 25
04 06 09 11 19 26 31
10 11 12 14 16 18 25
06 10 12 15 16 19 28
02 04 10 13 19 27 31
06 08 12 15 16 22 27
03 05 10 15 23 24 26
03 05 14 15 20 23 26
02 05 09 11 20 28 31
01 06 09 17 19 26 28
08 11 13 14 16 20 24
01 06 12 19 21 23 24
06 10 13 14 15 18 30
07 10 11 13 19 22 24
03 05 08 16 20 26 28
04 07 09 18 19 21 28
02 03 12 16 18 26 29
01 06 07 17 19 26 30
01 02 09 14 24 26 30
02 04 13 17 21 24 25
02 06 07 17 21 24 29
02 06 11 12 17 28 30
03 06 07 16 19 26 29
02 05 11 16 23 24 25
01 04 06 13 24 27 31
01 04 13 15 19 24 30
04 06 13 14 21 23 25
01 02 08 12 26 27 30
01 08 09 15 18 25 30
01 06 09 12 17 30 31
01 06 14 15 16 24 30
04 06 09 14 19 23 31
02 06 12 13 18 27 28
02 05 07 12 21 29 30
01 04 06 12 26 28 29
01 05 10 12 23 27 28
03 06 11 12 14 29 31
02 07 09 16 18 26 28
05 10 12 14 17 22 26
03 08 10 11 18 27 29
04 06 12 17 20 22 25
02 08 12 14 20 23 27
02 09 10 11 23 24 27
02 04 10 14 19 27 30
01 04 09 18 21 22 31
04 10 11 13 17 22 29
03 11 12 15 18 20 27
01 09 10 17 18 21 30
06 08 11 15 16 21 29
02 08 10 17 22 23 24
01 04 10 13 24 25 29
02 07 15 16 17 23 26
03 06 11 12 22 24 28
03 04 10 17 18 24 30
06 08 12 13 18 20 29
02 09 12 15 17 20 31
01 05 12 13 18 26 31
01 03 04 14 26 27 31
09 10 12 13 14 23 25
02 06 09 13 22 24 30
01 08 11 18 19 23 26
01 07 15 16 19 22 26
08 09 12 14 18 20 25
01 07 12 13 18 25 30
02 10 14 15 17 19 29
05 08 11 12 14 25 31
05 07 08 10 22 23 31
01 05 07 16 22 26 29
02 06 08 12 23 24 31
06 09 11 15 19 22 24
02 06 10 17 18 23 30
06 11 12 15 16 17 29
03 06 07 12 23 25 30
03 07 12 14 17 24 29
01 06 10 15 22 23 29
02 04 06 14 21 28 31
06 10 11 13 14 23 29
02 09 10 12 18 24 31
01 08 13 14 19 21 30
01 07 10 16 17 24 31
01 04 10 16 22 25 28
02 04 11 12 23 26 28
02 05 08 18 20 24 29
02 07 10 18 22 23 24
01 04 10 14 23 25 29
01 07 12 15 18 22 31
01 04 12 16 18 24 31
02 08 13 16 17 22 28
02 07 08 12 24 25 28
01 02 13 14 24 25 27
02 08 10 15 17 23 31
01 09 12 13 20 25 26
07 08 09 11 17 26 28
01 04 09 12 25 26 29
04 06 12 13 16 25 30
02 12 13 14 18 21 26
08 10 11 12 15 24 26
06 08 09 12 13 28 30
06 08 09 13 18 21 31
04 08 11 12 19 21 31
01 02 14 16 18 24 31
07 08 09 12 17 23 30
04 05 07 17 20 24 29
01 07 12 13 14 28 31
04 05 09 12 20 27 29
05 08 09 17 19 20 28
01 08 11 14 16 26 30
04 06 07 14 20 24 31
05 06 11 12 15 28 29
01 08 09 19 20 23 26
01 07 15 18 20 22 23
01 06 10 17 20 24 28
02 08 12 13 18 24 29
01 05 08 18 21 26 27
04 11 13 15 16 22 25
06 09 12 13 18 22 26
07 09 10 11 16 22 31
03 10 14 17 18 21 23
02 04 07 18 21 23 31
07 09 12 15 16 20 27
01 06 09 15 21 26 28
03 06 09 11 18 29 30
02 03 12 15 19 24 31
02 03 06 19 22 26 28
04 10 12 15 18 23 24
02 06 12 13 18 24 31
07 10 11 14 18 21 25
01 04 11 14 18 27 31
02 04 07 12 22 29 30
01 02 09 17 22 25 30
04 05 10 13 15 28 31
01 03 13 16 18 27 28
01 02 12 15 17 29 30
01 09 10 13 16 27 30
06 08 10 11 19 24 28
01 02 12 17 18 25 31
01 03 10 16 17 28 31
01 02 07 11 26 28 31
03 04 11 13 21 26 28
01 07 08 13 22 25 30
02 07 09 11 23 24 30
06 09 11 15 16 21 28
01 05 06 15 22 28 29
01 06 09 20 21 24 25
10 11 13 14 17 19 22
02 09 12 13 17 26 27
05 06 12 15 19 23 26
02 04 13 16 20 22 29
02 09 10 15 19 24 27
03 05 10 17 18 25 28
06 07 09 16 19 21 28
04 07 09 12 20 24 30
01 08 09 16 20 21 31
01 06 14 17 21 22 25
01 07 11 14 19 24 30
06 07 08 15 17 26 27
04 06 09 16 22 23 26
02 05 10 16 19 23 31
03 04 12 14 20 25 28
05 08 09 12 20 21 31
04 08 11 13 20 24 26
02 04 09 17 20 23 31
07 10 13 15 17 20 24
04 05 12 15 20 23 27
01 08 15 17 18 21 26
04 05 11 14 15 27 30
05 11 14 15 16 22 23
06 10 11 13 15 22 29
04 07 09 14 20 25 27
02 08 12 17 18 19 30
05 08 12 16 18 20 27
04 07 10 12 19 25 29
01 02 10 15 23 26 29
06 08 12 15 17 20 28
07 10 11 13 18 21 26
05 06 11 12 19 23 30
01 08 12 16 20 24 25
02 09 12 13 15 24 31
05 06 12 13 16 24 30
05 11 13 14 15 22 26
03 08 09 14 20 23 29
02 06 12 14 21 23 28
03 04 06 17 22 23 31
05 07 10 14 17 22 31
02 06 11 17 19 21 30
01 12 14 16 18 22 23
01 06 13 14 16 25 31
03 08 12 15 16 22 30
06 08 14 16 19 21 22
05 06 12 16 17 23 27
01 06 09 15 16 29 30
04 10 12 13 18 20 29
03 08 13 15 18 24 25
04 05 06 12 23 25 31
03 05 16 18 20 21 23
02 03 10 18 22 25 26
05 06 11 18 19 22 25
02 03 11 16 19 24 31
05 06 10 13 20 25 27
04 12 13 14 16 17 30
02 09 11 13 14 28 29
05 07 13 16 17 22 26
01 04 12 13 21 26 29
08 09 14 15 19 20 21
01 04 05 19 22 25 30
03 04 16 18 20 22 23
02 03 11 14 19 26 31
01 03 14 17 21 24 26
01 05 08 12 23 28 29
07 08 09 18 20 21 23
01 05 12 14 22 23 29
04 05 11 15 18 24 29
01 03 08 14 24 26 30
03 05 10 17 22 23 26
01 02 08 17 18 29 31
01 07 08 19 20 23 28
05 07 14 15 16 22 27
04 07 09 12 17 28 29
02 04 08 13 20 29 30
06 07 08 14 17 26 28
04 10 11 14 15 23 29
06 11 12 14 18 20 25
03 08 13 14 17 20 31
03 04 06 18 21 26 28
02 04 06 18 21 24 31
02 06 10 11 19 27 31
02 03 06 16 23 27 29
04 08 10 15 19 22 28
01 04 05 18 20 28 30
02 05 12 16 18 26 27
01 06 14 15 21 23 26
02 06 11 15 20 24 28
04 08 12 13 17 21 31
03 04 10 14 19 25 31
05 07 08 11 17 28 30
05 06 11 14 15 26 29
03 10 11 16 19 23 24
05 07 10 15 22 23 24
03 05 11 12 18 28 29
01 04 06 18 22 24 31
04 07 16 17 19 21 22
06 07 10 17 19 22 25
03 05 12 19 20 21 26
02 04 08 19 21 22 30
08 10 12 14 18 19 25
03 04 08 13 21 28 29
04 07 11 14 15 24 31
02 05 10 18 19 23 29
06 12 13 14 16 19 26
03 09 12 15 18 21 28
08 11 13 16 17 20 21
03 06 14 16 17 19 31
03 06 15 16 18 23 25
03 06 13 14 19 21 30
02 04 05 17 22 27 29
05 09 10 14 19 22 27
03 06 11 14 19 24 29
04 05 06 19 21 22 29
02 08 13 15 19 21 28
03 11 12 15 18 21 26
01 02 14 16 18 26 29
05 07 10 12 23 24 25
01 04 12 16 17 26 30
02 04 09 15 24 25 27
04 08 10 15 18 23 28
01 04 11 14 23 26 27
04 08 09 14 19 21 31
03 05 11 18 19 22 28
02 03 05 17 21 28 30
05 06 11 14 22 23 25
05 07 11 14 17 22 30
04 07 10 11 20 25 29
05 09 10 11 15 26 30
02 04 10 15 17 27 31
03 09 11 14 21 22 26
02 03 08 14 23 25 31
08 09 10 14 19 21 25
02 03 09 18 22 24 28
04 05 07 13 16 30 31
01 05 13 14 22 24 27
05 09 10 11 18 24 29
01 07 12 16 21 24 25
01 04 14 16 18 26 27
04 09 10 13 19 23 28
08 09 12 13 14 22 28
08 09 12 16 18 20 23
03 04 13 17 20 23 26
01 05 15 16 19 22 28
02 04 11 15 19 26 29
05 10 13 14 19 20 25
01 07 11 13 16 28 30
06 09 13 15 16 22 25
03 07 08 10 19 29 30
01 06 10 12 24 25 28
01 03 08 10 26 27 31
06 07 11 17 19 22 24
07 09 10 13 20 21 26
01 02 12 17 19 24 31
02 07 10 16 18 25 28
05 06 10 13 18 26 28
02 11 13 16 19 21 24
04 05 12 17 18 22 28
01 04 13 19 20 22 27
05 08 10 11 22 24 26
01 06 11 18 21 24 25
04 06 10 18 19 20 29
02 05 10 14 19 27 29
02 06 15 16 19 21 27
06 08 13 14 16 19 30
03 05 09 11 22 26 30
06 07 10 11 13 28 31
03 04 09 15 20 25 30
08 09 10 12 15 24 28
02 06 07 12 21 28 30
02 06 08 11 19 29 31
06 09 10 17 19 20 25
01 06 12 15 19 23 30
01 06 09 14 22 25 29
03 06 07 14 15 30 31
01 09 14 16 21 22 23
03 05 10 14 15 29 30
01 04 13 14 17 26 31
03 04 09 12 23 25 30
03 11 12 16 19 21 24
04 08 09 14 18 23 30
06 08 09 12 19 22 30
01 10 13 17 19 22 24
05 06 10 16 19 22 28
01 04 09 17 20 27 28
02 11 14 15 19 22 23
05 10 13 14 19 22 23
03 04 09 18 20 24 28
01 07 09 14 20 26 29
02 09 10 11 15 28 31
03 07 08 16 22 23 27
03 10 11 13 18 25 26
01 09 14 15 18 21 28
01 04 07 19 22 26 27
03 08 09 15 20 21 30
01 05 06 20 22 24 28
05 10 11 14 19 23 24
02 03 04 19 22 26 30
02 06 15 18 19 21 25
03 04 09 13 20 27 30
05 09 13 14 15 20 30
01 10 14 17 18 21 25
01 07 13 19 20 22 24
02 03 06 19 23 24 29
09 10 13 14 17 19 24
02 04 13 19 20 21 27
03 08 15 16 18 20 26
05 08 09 10 15 28 31
08 09 11 14 18 21 25
03 04 10 12 22 27 28
03 06 08 16 17 26 30
01 02 14 17 23 24 25
02 03 08 14 23 26 30
09 10 11 13 14 21 28
03 09 10 15 20 22 27
04 07 10 17 20 23 25
06 08 11 13 16 23 29
02 07 09 17 18 24 29
07 10 11 12 14 23 29
05 06 09 10 20 26 30
05 10 11 14 18 19 29
02 07 08 15 21 26 27
01 02 05 15 26 28 29
02 06 11 14 22 23 28
05 08 09 13 21 22 28
04 07 12 14 18 22 29
02 09 14 15 16 21 29
03 08 09 10 20 25 31
06 07 10 15 19 22 27
01 06 14 15 16 23 31
06 08 13 15 16 20 28
02 09 11 13 22 24 25
05 07 10 14 20 23 27
02 06 08 13 22 25 30
04 06 13 15 16 22 30
05 06 14 15 16 21 29
01 02 07 21 23 24 28
01 09 10 15 22 23 26
09 11 12 15 16 18 25
04 06 10 15 20 24 27
04 07 10 14 20 23 28
05 09 10 12 18 21 31
04 09 10 11 18 26 28
03 11 12 14 16 23 27
01 08 09 10 23 25 30
03 05 06 16 19 26 31
03 04 11 12 19 27 30
05 07 10 15 16 25 28
04 07 09 10 21 24 31
03 08 13 16 20 21 25
06 07 08 12 21 24 28
04 08 09 10 20 26 29
01 03 12 14 18 27 31
03 05 10 12 19 28 29
03 05 11 12 18 27 30
07 12 14 15 16 20 22
05 08 11 13 19 22 28
03 05 10 14 22 23 29
03 05 06 19 21 22 30
01 03 12 16 18 25 31
04 09 12 14 18 19 30
01 05 14 16 20 22 28
01 03 06 19 20 27 30
03 06 14 19 20 21 23
06 08 10 15 19 20 28
02 09 15 16 19 22 23
02 07 08 18 22 23 26
02 06 15 16 20 23 24
03 04 11 12 19 26 31
04 11 13 14 17 22 25
04 06 13 17 20 22 24
07 11 12 16 17 18 25
02 05 06 13 24 25 31
06 09 14 15 19 21 22
07 11 12 14 18 21 23
03 12 13 14 19 20 25
03 05 14 15 17 22 30
01 08 11 15 16 25 30
03 08 10 15 21 24 25
02 07 09 16 20 25 27
02 04 07 18 21 26 28
01 06 07 19 20 24 29
06 10 12 13 18 23 24
01 04 08 16 24 26 27
02 03 12 14 22 26 27
04 10 11 15 16 20 30
02 07 09 12 16 29 31
03 09 10 18 19 21 26
01 03 04 18 21 29 30
02 09 10 18 19 23 25
05 07 13 16 17 18 30
08 10 14 15 18 19 22
02 05 09 17 18 27 28
01 13 15 16 18 21 22
03 04 11 13 24 25 26
04 08 14 15 16 21 28
01 04 06 17 23 24 31
07 09 10 15 18 19 28
02 11 14 15 18 20 26
04 08 13 14 16 21 30
01 07 11 15 20 24 28
05 06 09 10 19 28 29
01 04 06 17 21 27 30
01 04 09 15 24 25 28
03 08 13 16 19 21 26
03 04 08 21 22 23 25
01 04 15 17 21 22 26
06 07 09 10 16 27 31
03 06 07 13 18 28 31
05 09 10 13 20 24 25
04 07 14 18 19 20 24
04 05 07 12 21 27 30
02 03 15 16 20 21 29
03 11 14 15 19 20 24
02 03 13 18 20 24 26
01 09 12 17 18 19 30
01 09 12 14 20 23 27
03 08 09 11 20 26 29
04 05 07 14 21 24 31
04 07 11 14 18 25 27
05 07 09 13 20 22 30
05 06 14 15 16 20 30
04 05 06 16 20 25 30
04 07 08 13 21 22 31
03 05 08 11 22 27 30
02 05 08 16 22 23 30
02 06 13 14 15 25 31
03 08 10 11 17 28 29
02 03 06 14 23 28 30
05 06 12 13 18 22 30
04 05 08 20 21 23 25
02 09 13 14 18 19 31
01 02 07 15 26 27 28
05 07 10 12 17 24 31
03 04 05 18 22 23 31
01 03 16 18 20 21 27
04 07 09 16 20 21 29
03 04 07 18 21 22 31
05 08 10 13 14 25 31
05 08 13 17 20 21 22
03 07 11 13 20 24 28
09 10 12 15 17 20 23
03 09 12 14 18 21 29
02 05 11 13 20 27 28
06 10 12 13 14 24 27
01 03 14 18 19 23 28
02 07 11 15 18 22 31
03 05 08 17 20 25 28
09 12 13 14 16 20 22
07 09 10 13 17 22 28
01 04 11 15 22 26 27
02 08 11 13 17 24 31
05 07 08 14 21 24 27
04 07 11 18 19 20 27
08 10 11 13 17 22 25
04 05 08 09 24 27 29
09 10 13 14 18 19 23
02 08 14 16 18 19 29
02 03 05 18 21 28 29
03 05 10 14 22 24 28
01 04 13 16 22 23 27
01 04 08 14 22 26 31
07 08 11 15 17 22 26
06 08 10 11 14 28 29
02 10 11 15 18 24 26
03 05 10 11 18 29 30
05 09 13 14 20 22 23
02 03 09 21 22 24 25
02 05 09 12 17 30 31
03 06 09 10 18 29 31
03 04 05 10 25 29 30
06 08 11 15 21 22 23
03 07 12 15 19 20 30
02 07 09 14 21 22 31
05 07 12 14 19 22 27
02 07 16 17 18 21 25
02 06 11 12 23 25 27
05 09 10 17 20 21 24
02 06 12 15 17 25 29
03 06 08 17 18 26 28
03 06 09 11 20 28 29
01 03 06 11 27 28 30
05 07 11 14 18 24 27
02 12 13 16 17 19 27
05 06 11 13 16 26 29
02 05 10 17 19 22 31
05 06 12 16 18 22 27
03 11 12 15 17 20 28
01 07 12 14 17 25 30
03 09 10 17 18 20 29
03 09 12 14 19 24 25
05 13 14 15 18 20 21
04 05 09 17 20 22 29
02 05 07 09 24 29 30
01 04 12 18 19 22 30
02 08 13 17 18 23 25
01 02 09 17 18 28 31
01 02 10 16 19 28 30
03 08 09 13 19 26 28
02 09 11 12 16 25 31
03 09 12 13 15 24 30
02 09 15 18 19 20 23
06 08 10 13 17 21 31
03 10 13 15 18 21 26
04 07 09 17 22 23 24
01 06 09 13 18 28 31
02 08 09 16 21 24 26
02 04 09 17 19 26 29
04 05 07 14 21 27 28
02 05 11 13 18 27 30
04 06 12 15 19 24 26
05 06 12 15 16 23 29
03 06 12 13 23 24 25
04 10 11 13 18 24 26
04 09 10 13 19 24 27
01 03 06 07 28 30 31
08 09 12 13 19 21 24
06 12 13 16 18 19 22
02 03 07 19 22 26 27
02 04 10 13 19 28 30
03 06 11 17 22 23 24
02 03 06 19 20 25 31
01 04 11 16 19 24 31
06 11 13 14 15 21 26
02 11 13 17 18 21 24
02 08 13 14 17 21 31
03 05 06 11 24 26 31
01 11 13 14 19 20 28
03 05 12 17 19 20 30
04 06 07 11 23 24 31
06 10 13 16 17 20 24
01 05 08 15 20 27 30
07 08 12 14 17 22 26
04 05 09 16 21 22 29
02 04 13 15 17 25 30
04 07 09 13 14 29 30
05 06 07 12 23 26 27
05 10 12 15 17 19 28
03 06 10 12 23 25 27
07 08 14 15 18 20 24
05 06 11 16 17 22 29
01 02 13 18 19 25 28
01 02 08 13 25 26 31
02 03 14 15 21 25 26
04 05 12 14 18 23 30
01 06 10 14 20 25 30
04 08 10 17 18 20 29
03 09 11 12 14 27 30
02 05 07 14 23 25 30
04 05 09 20 21 23 24
05 07 12 13 20 21 28
03 05 11 14 20 24 29
05 06 11 16 18 21 29
02 05 10 13 17 29 30
03 06 10 12 15 29 31
02 04 13 14 17 26 30
01 07 12 13 14 29 30
04 07 11 12 19 26 27
04 07 12 15 18 22 28
01 10 11 13 19 24 28
01 05 13 14 19 24 30
04 06 09 14 16 26 31
03 11 12 14 17 20 29
02 13 14 15 17 21 24
03 05 11 12 16 29 30
03 04 12 17 19 22 29
03 09 10 12 17 27 28
06 07 12 16 18 19 28
02 07 11 16 19 21 30
03 04 08 12 19 29 31
03 07 13 16 18 23 26
01 03 10 15 22 26 29
01 02 16 18 19 24 26
02 07 11 14 19 26 27
05 09 12 13 21 22 24
01 08 11 14 20 25 27
03 10 12 14 18 23 26
01 04 06 16 21 27 31
05 08 10 12 21 24 26
03 04 06 09 26 28 30
02 04 13 16 21 22 28
03 06 10 15 17 25 30
02 03 05 15 24 27 30
06 09 10 16 17 18 30
05 08 10 15 17 24 27
04 11 12 14 17 18 30
01 03 15 18 20 23 26
03 05 08 14 21 24 31
02 04 09 13 20 27 31
01 05 12 15 18 24 31
02 05 10 14 20 26 29
02 04 09 17 21 23 30
06 07 09 12 16 26 30
03 07 12 15 16 22 31
01 02 06 11 27 28 31
01 03 05 20 23 26 28
02 04 10 13 24 25 28
03 04 13 14 21 25 26
02 09 13 14 21 22 25
07 10 13 16 18 20 22
03 04 07 10 23 29 30
02 05 10 18 19 22 30
01 05 10 15 19 26 30
01 07 08 09 22 28 31
04 08 12 14 19 24 25
06 11 12 15 17 18 27
01 07 08 16 17 28 29
03 08 11 14 19 21 30
03 04 07 12 24 25 31
02 07 10 11 16 29 31
04 06 11 12 19 25 29
04 06 07 13 21 24 31
03 04 12 18 21 22 26
02 03 05 19 20 27 30
03 09 11 16 21 22 24
03 10 11 15 18 20 29
02 03 09 15 21 26 30
03 09 11 13 16 26 28
03 05 12 14 21 25 26
06 09 12 13 19 22 25
06 11 12 15 19 20 23
04 08 11 15 16 24 28
03 04 07 15 23 24 30
04 07 14 16 17 18 30
05 07 08 13 20 23 30
02 06 10 15 21 24 28
04 08 14 15 18 20 27
02 03 14 15 18 23 31
01 06 08 09 23 29 30
02 06 10 16 23 24 25
02 04 08 19 22 23 28
02 07 13 14 20 22 28
01 03 13 15 16 28 30
06 08 10 16 18 23 25
05 09 12 13 18 21 28
03 05 06 10 25 27 30
01 02 14 18 19 23 29
04 09 10 14 16 23 30
01 03 08 18 22 25 29
03 06 12 19 20 21 25
03 08 11 13 16 26 29
03 04 11 16 21 24 27
04 06 08 12 21 27 28
03 08 13 16 17 23 26
01 03 12 14 23 26 27
03 09 13 14 16 21 30
01 02 06 22 23 25 27
01 04 13 14 22 25 27
05 10 12 13 17 23 26
01 06 09 14 19 26 31
06 09 11 13 18 21 28
01 06 08 17 21 25 28
03 04 05 09 24 30 31
05 06 10 18 19 20 28
02 04 13 16 20 24 27
02 05 10 16 18 27 28
02 06 09 11 23 25 30
02 03 08 14 21 27 31
04 10 11 15 19 23 24
04 05 08 10 22 28 29
06 07 08 12 22 23 28
04 09 11 13 20 24 25
02 03 13 17 18 26 27
04 05 07 17 20 25 28
06 08 10 18 19 21 24
04 06 16 18 19 21 22
04 07 09 12 23 24 27
05 09 12 13 17 20 30
07 09 10 12 17 25 26
04 06 07 17 21 25 26
02 06 12 17 20 24 25
01 07 14 15 17 22 30
04 05 09 18 20 22 28
01 12 13 14 17 20 29
02 03 11 15 22 26 27
01 03 10 14 23 27 28
04 06 07 12 20 26 31
05 07 08 12 19 27 28
05 08 13 14 15 20 31
02 08 11 12 16 27 30
01 02 13 14 20 27 29
04 07 10 11 22 23 29
01 06 09 12 20 28 30
04 05 12 14 18 24 29
01 02 07 11 26 29 30
03 04 09 18 20 23 29
05 06 11 12 19 22 31
03 07 12 14 21 24 25
02 09 10 16 21 23 25
02 09 12 13 16 24 30
02 09 12 15 21 23 24
01 05 06 11 25 28 30
01 08 11 16 18 23 29
02 04 11 17 21 23 28
03 11 12 14 16 21 29
04 07 11 13 20 22 29
04 08 09 14 20 23 28
02 08 10 12 19 24 31
01 03 14 19 20 22 27
05 08 09 19 20 22 23
03 05 10 18 20 21 29
01 06 10 11 19 28 31
01 03 12 18 21 25 26
02 03 05 18 21 26 31
03 05 07 11 22 28 30
02 03 04 18 20 29 30
02 04 07 12 24 26 31
06 08 10 17 20 22 23
02 06 15 16 17 21 29
02 04 09 13 21 26 31
06 07 14 17 18 20 24
02 08 09 15 18 26 28
04 07 10 15 19 24 27
03 08 11 12 21 24 27
04 07 11 16 18 22 28
02 08 14 16 17 22 27
01 08 09 20 21 23 24
04 05 09 14 20 24 30
01 03 06 12 24 29 31
05 06 10 16 18 21 30
04 06 08 09 24 27 28
05 07 10 13 16 25 30
06 08 11 13 14 26 28
01 09 10 17 18 24 27
03 08 11 13 16 25 30
06 08 10 14 18 19 31
03 12 14 15 16 20 26
04 08 11 15 18 20 30
01 12 13 15 17 18 30
02 10 11 13 18 25 27
02 06 12 13 22 24 27
01 08 13 16 18 21 29
07 10 12 13 17 19 28
01 04 09 19 23 24 26
02 04 13 17 19 21 30
04 07 10 12 22 23 28
01 11 15 16 19 20 24
03 05 12 17 18 21 30
02 07 11 19 20 23 24
05 06 07 12 20 26 30
04 05 08 14 21 23 31
06 10 13 14 15 23 25
07 08 10 13 18 21 29
03 05 08 16 23 25 26
04 06 07 19 20 21 29
01 04 08 14 23 26 30
02 08 13 14 19 20 30
06 10 14 15 17 20 24
04 05 11 16 19 22 29
03 06 11 14 20 24 28
04 05 13 14 19 21 30
04 06 12 17 20 23 24
03 05 08 18 22 23 27
04 10 12 13 16 23 28
05 06 08 13 20 26 28
05 10 11 14 17 19 30
06 08 11 12 14 24 31
05 10 13 17 18 20 23
06 11 15 16 18 19 21
03 10 12 15 17 23 26
01 07 10 12 23 24 29
02 04 09 13 21 27 30
04 09 11 12 16 25 29
01 08 09 11 22 25 30
03 04 07 09 22 30 31
01 04 06 21 22 25 27
01 04 12 15 20 26 28
04 11 14 15 17 18 27
07 08 09 11 20 21 30
07 08 10 12 22 23 24
01 03 09 21 22 24 26
03 05 08 16 21 25 28
05 06 14 15 19 21 26
02 05 08 14 21 25 31
01 06 12 14 18 26 29
03 04 12 17 19 24 27
07 08 11 14 20 21 25
03 07 10 16 19 21 30
01 02 06 14 26 27 30
03 09 12 14 19 23 26
07 08 09 13 18 20 31
02 09 12 17 18 22 26
01 02 16 17 18 25 27
01 06 11 14 19 24 31
01 03 13 18 19 24 28
07 08 09 13 18 22 29
04 06 11 15 17 26 27
03 08 11 12 20 25 27
03 09 11 15 18 22 28
07 09 10 12 13 25 30
04 11 12 15 16 20 28
02 08 13 16 17 20 30
01 05 11 18 19 24 28
01 08 10 19 20 23 25
09 10 12 13 16 17 29
08 09 12 13 14 19 31
02 07 09 14 19 26 29
06 07 09 15 21 22 26
02 04 10 15 23 25 27
06 07 09 12 20 23 29
03 09 13 14 18 21 28
02 05 08 13 17 30 31
04 08 09 14 21 24 26
01 03 09 16 18 28 31
01 06 12 17 19 21 30
04 08 10 12 15 28 29
05 06 15 16 18 22 24
06 09 10 15 17 20 29
03 04 13 15 20 22 29
03 06 09 12 22 25 29
05 09 10 12 16 26 28
03 04 05 13 22 28 31
05 06 09 12 13 30 31
04 05 06 14 22 25 30
01 05 12 14 20 26 28
03 09 10 11 17 26 30
07 08 10 15 17 19 30
04 08 13 16 20 22 23
01 04 07 16 23 24 31
01 04 10 11 25 26 29
03 05 06 15 22 26 29
01 07 09 18 19 22 30
01 02 04 18 26 27 28
04 06 08 18 21 24 25
03 07 08 19 20 22 27
05 07 10 11 22 23 28
02 04 05 15 22 28 30
03 07 12 13 22 24 25
03 06 13 15 18 21 30
01 04 11 17 22 23 28
01 02 07 14 24 28 30
01 05 06 18 22 25 29
02 03 12 14 19 25 31
04 09 14 15 16 22 26
01 10 13 14 15 25 28
02 04 05 15 21 28 31
01 09 12 15 19 24 26
03 04 10 12 24 25 28
01 02 07 13 24 28 31
03 08 09 17 20 22 27
07 08 09 16 17 20 29
07 08 10 11 19 24 27
03 08 13 14 15 25 28
08 10 11 12 17 23 25
03 09 10 12 17 25 30
03 06 09 17 19 22 30
03 06 07 16 23 24 27
03 05 08 10 24 25 31
01 11 13 14 18 23 26
09 10 12 13 15 23 24
02 03 12 16 22 24 27
02 06 11 15 22 23 27
02 06 07 09 22 29 31
01 04 06 13 22 29 31
01 03 11 16 18 27 30
01 02 06 18 21 27 31
03 08 09 17 18 21 30
03 04 10 14 21 25 29
01 02 06 19 20 28 30
02 07 08 11 25 26 27
05 08 09 10 22 25 27
04 06 09 12 22 23 30
03 05 10 13 22 26 27
02 07 09 10 19 28 31
06 08 11 12 17 21 31
01 06 09 12 20 27 31
02 05 06 18 20 25 30
02 05 06 16 20 28 29
01 04 08 10 23 29 31
03 04 12 13 16 28 30
05 09 10 12 20 23 27
03 10 11 14 17 22 29
07 09 10 13 14 22 31
03 05 08 17 21 22 30
01 02 09 14 23 26 31
04 09 10 15 20 22 26
01 03 06 15 23 28 30
04 07 10 15 20 24 26
04 05 06 13 23 25 30
01 04 09 18 20 24 30
03 10 13 16 19 21 24
06 08 09 14 19 24 26
03 05 08 12 19 28 31
05 06 11 12 18 23 31
01 03 12 15 22 26 27
06 10 13 14 16 22 25
05 06 08 11 20 25 31
01 06 07 18 19 26 29
07 08 09 11 20 23 28
04 06 07 08 24 27 30
05 10 11 13 18 24 25
01 02 07 16 21 29 30
06 08 11 15 17 21 28
01 03 09 18 22 24 29
02 09 11 14 18 23 29
01 05 06 20 22 23 29
06 10 13 15 16 18 28
02 05 09 16 21 22 31
09 10 13 14 15 22 23
02 08 10 14 17 24 31
06 08 09 12 18 26 27
04 05 09 14 20 23 31
05 06 11 16 17 20 31
03 04 11 12 20 27 29
04 06 09 11 23 24 29
01 02 10 14 23 27 29
05 08 10 15 17 20 31
03 09 12 15 19 20 28
04 06 11 16 18 21 30
04 09 10 12 17 25 29
01 09 12 16 17 20 31
05 09 13 15 16 22 26
02 12 14 17 18 19 24
08 09 10 12 15 23 29
02 03 16 19 20 22 24
06 08 12 18 19 20 23
02 04 12 15 18 25 30
02 04 13 15 21 22 29
01 07 08 16 18 27 29
02 08 09 11 22 24 30
02 04 16 17 19 21 27
01 08 14 18 19 20 26
01 07 08 09 22 29 30
02 04 11 14 18 27 30
04 06 16 17 19 20 24
04 11 12 14 16 18 31
04 06 12 15 16 24 29
02 08 09 14 19 26 28
03 08 09 14 19 23 30
01 02 04 21 25 26 27
01 06 11 17 18 22 31
04 05 09 10 19 29 30
01 05 08 12 25 26 29
01 02 06 15 23 28 31
03 05 12 19 20 23 24
06 07 08 12 16 28 29
03 08 11 15 16 25 28
05 10 14 15 19 20 23
08 09 11 13 16 21 28
01 06 09 13 19 28 30
03 05 10 18 20 23 27
05 07 10 12 18 26 28
02 10 13 15 17 21 28
02 03 12 17 18 24 30
02 06 13 18 19 20 28
02 03 06 18 23 24 30
02 05 14 15 19 20 31
03 05 08 13 20 28 29
03 08 10 17 19 20 29
04 06 12 14 19 24 27
01 02 05 18 19 30 31
06 08 10 18 19 22 23
06 12 13 14 17 20 24
05 08 09 10 22 23 29
07 09 12 13 16 20 29
03 07 13 14 19 20 30
07 08 09 12 18 23 29
06 09 10 13 17 21 30
02 03 06 15 22 28 30
01 02 14 19 21 23 26
04 08 10 14 17 24 29
01 06 07 16 24 25 27
04 11 12 16 18 20 25
02 10 11 13 17 25 28
02 04 05 11 25 28 31
02 03 15 16 21 22 27
04 06 11 16 18 24 27
03 09 12 15 16 20 31
01 05 16 18 20 22 24
03 06 12 17 19 22 27
03 06 08 13 20 25 31
03 07 10 15 20 22 29
04 06 10 14 19 23 30
04 10 11 15 18 23 25
02 04 11 14 18 26 31
01 04 11 16 23 25 26
02 03 06 15 19 30 31
02 08 09 17 18 23 29
01 03 13 17 18 24 30
03 09 10 11 22 25 26
01 03 08 10 27 28 29
02 06 09 16 21 24 28
09 10 12 13 18 19 25
05 06 08 10 23 26 28
01 04 14 17 18 21 31
01 08 13 15 16 25 28
06 08 10 14 15 25 28
01 09 12 15 20 23 26
02 03 07 21 22 25 26
03 04 08 13 21 26 31
02 06 10 13 19 25 31
07 10 12 13 18 19 27
01 02 06 17 25 27 28
02 09 10 17 18 23 27
03 06 12 15 20 24 26
03 08 10 16 18 22 29
02 05 11 13 23 24 28
08 09 11 12 15 23 28
01 12 13 16 19 21 24
01 12 13 15 18 20 27
02 08 09 18 20 24 25
01 10 13 14 18 23 27
04 05 13 16 21 22 25
01 07 11 16 19 22 30
04 09 11 14 15 22 31
04 08 12 17 18 19 28
05 09 12 13 14 22 31
05 08 09 10 20 23 31
03 09 10 15 19 22 28
02 06 12 14 23 24 25
01 06 10 12 19 27 31
02 06 13 16 18 22 29
03 09 12 16 17 23 26
04 06 10 13 17 26 30
01 12 13 15 16 21 28
02 09 11 15 16 22 31
04 07 10 14 19 23 29
02 06 11 13 19 25 30
05 10 12 16 18 22 23
02 03 10 13 24 25 29
02 08 09 10 23 26 28
04 06 08 13 22 23 30
05 09 10 13 20 22 27
06 07 10 15 20 23 25
03 04 13 16 20 21 29
07 10 12 14 16 17 30
01 06 08 14 23 24 30
03 04 05 18 21 24 31
05 09 10 12 20 24 26
03 08 09 13 18 26 29
04 07 10 12 22 25 26
05 06 12 13 20 23 27
03 08 13 14 17 24 27
02 04 11 17 23 24 25
01 04 09 18 20 26 28
02 08 11 16 22 23 24
05 06 10 12 21 24 28
04 06 08 09 25 26 28
03 06 09 19 22 23 24
07 09 10 11 14 24 31
05 08 12 15 17 18 31
02 10 11 13 15 27 28
02 11 12 14 19 23 25
02 06 11 15 20 23 29
03 06 09 11 19 28 30
01 08 10 14 19 24 30
01 02 11 15 18 29 30
02 05 09 12 23 26 29
01 09 12 14 21 23 26
05 07 14 15 16 24 25
01 03 06 10 27 29 30
04 06 12 13 15 25 31
01 06 09 16 19 24 31
01 04 06 19 20 26 30
04 05 07 09 24 28 29
05 10 12 15 16 17 31
03 08 13 16 20 22 24
02 04 13 14 21 25 27
01 04 13 14 19 26 29
02 05 09 14 19 28 29
06 07 08 10 18 28 29
08 10 11 14 15 22 26
04 05 09 19 20 22 27
01 10 13 17 18 23 24
03 07 08 12 22 26 28
01 06 11 17 18 23 30
01 07 14 16 21 23 24
02 12 13 14 16 21 28
01 09 12 14 19 23 28
02 05 10 14 17 27 31
04 05 06 08 25 28 30
01 10 11 17 18 23 26
01 06 11 16 18 25 29
03 09 10 14 18 21 31
02 06 13 16 19 24 26
04 09 12 14 15 24 28
03 04 08 14 23 26 28
02 09 10 15 17 23 30
01 02 06 18 20 29 30
07 08 09 15 17 22 28
01 13 14 16 18 21 23
01 11 12 14 18 19 31
05 08 10 12 20 24 27
08 09 10 14 17 21 27
04 06 12 13 17 24 30
01 03 06 18 20 27 31
04 05 07 19 20 24 27
05 11 13 14 16 22 25
02 03 06 12 24 28 31
04 05 06 16 21 25 29
02 09 10 17 18 19 31
03 06 14 16 17 24 26
08 10 12 13 16 19 28
03 10 12 14 17 22 28
05 10 11 17 19 20 24
04 08 12 16 17 22 27
04 08 13 14 17 23 27
01 07 08 14 19 28 29
03 04 15 18 20 21 25
03 08 09 11 16 29 30
04 05 09 19 20 21 28
03 07 10 15 21 22 28
03 08 10 11 22 25 27
03 11 12 14 16 22 28
02 09 10 13 17 24 31
02 08 10 11 16 29 30
05 07 12 17 19 22 24
03 04 12 16 20 24 27
04 06 14 15 16 24 27
02 05 11 15 18 24 31
06 08 09 15 18 19 31
04 08 11 15 19 24 25
05 08 09 14 19 22 29
04 10 14 15 17 19 27
08 11 12 16 17 18 24
01 09 13 14 20 21 28
02 03 14 17 20 22 28
06 07 10 12 15 25 31
02 06 10 14 21 25 28
01 03 13 17 20 24 28
02 05 16 19 20 21 23
01 06 10 18 19 23 29
01 06 11 14 16 27 31
04 08 11 17 20 21 25
05 10 12 14 18 19 28
03 04 12 14 21 25 27
05 08 09 15 21 22 26
02 12 13 14 16 18 31
02 08 10 11 15 29 31
02 07 13 14 22 23 25
01 02 06 13 24 29 31
02 08 12 15 18 24 27
04 07 09 13 20 23 30
02 03 10 15 17 28 31
05 06 10 17 19 20 29
02 07 08 09 22 27 31
02 07 12 18 20 23 24
03 08 11 14 17 23 30
02 08 10 15 21 24 26
02 07 09 10 21 26 31
06 08 11 17 18 19 27
05 06 09 18 19 20 29
03 05 10 14 17 27 30
02 07 08 16 17 26 30
03 05 10 13 20 26 29
04 06 10 12 22 23 29
01 04 09 16 23 24 29
01 05 11 16 17 26 30
03 08 11 12 18 25 29
02 05 08 15 22 24 30
04 06 07 17 19 26 27
01 04 10 19 22 23 27
03 05 10 18 21 24 25
01 04 15 18 19 24 25
02 07 13 14 21 24 25
02 08 13 15 20 22 26
04 08 09 12 17 27 29
04 09 12 14 17 22 28
04 09 12 16 20 22 23
08 09 10 12 18 24 25
05 09 12 13 14 23 30
02 09 11 14 17 22 31
01 05 06 12 25 27 30
05 09 10 13 22 23 24
01 06 08 16 20 24 31
04 08 09 12 19 24 30
02 03 14 17 21 23 26
08 10 12 13 14 20 29
05 06 14 18 20 21 22
03 05 06 09 22 30 31
04 06 12 14 19 20 31
05 09 12 15 18 20 27
05 08 11 14 20 23 25
06 11 12 16 18 19 24
04 08 10 13 21 24 26
01 04 11 16 22 23 29
01 08 10 13 19 27 28
08 09 11 14 17 18 29
02 10 11 13 16 25 29
07 09 11 12 16 20 31
03 04 11 13 18 26 31
08 12 13 14 17 18 24
04 09 11 14 15 25 28
04 09 12 13 16 22 30
06 09 10 14 16 20 31
01 07 09 17 20 24 28
05 06 08 15 21 22 29
01 05 07 12 26 27 28
06 07 13 14 20 22 24
05 07 08 15 18 23 30
02 05 09 13 20 26 31
01 08 15 16 18 21 27
02 03 10 18 21 25 27
09 11 12 14 16 21 23
05 08 12 14 16 25 26
04 08 10 12 23 24 25
01 03 14 17 18 22 31
07 08 10 12 18 25 26
01 06 15 16 21 23 24
06 08 11 14 18 22 27
01 04 12 13 19 27 30
03 05 11 12 22 26 27
01 05 10 16 22 23 29
02 06 10 11 18 29 30
02 04 09 17 19 24 31
05 06 11 13 14 26 31
04 06 15 16 17 22 26
02 07 08 17 19 22 31
01 07 09 14 20 27 28
02 04 07 14 22 26 31
07 08 10 13 15 22 31
06 09 10 13 20 23 25
04 07 10 19 20 21 25
02 13 14 15 19 21 22
04 08 13 14 16 20 31
01 06 07 11 25 26 30
04 07 11 12 17 26 29
02 05 16 17 19 20 27
09 10 11 13 18 20 25
02 03 13 15 20 24 29
03 04 15 16 21 22 25
01 09 13 17 20 22 24
02 09 14 15 17 20 29
03 04 12 13 21 26 27
04 09 11 15 20 23 24
07 09 10 13 19 22 26
03 06 08 15 21 23 30
02 09 11 12 17 24 31
03 04 07 14 23 27 28
04 06 10 13 21 24 28
04 06 08 11 18 28 31
02 03 14 18 19 20 30
03 08 13 15 18 20 29
02 04 11 12 17 29 31
03 08 14 16 20 22 23
05 08 12 16 18 19 28
04 08 15 16 20 21 22
07 08 11 14 17 19 30
01 04 11 13 19 28 30
04 05 07 16 21 26 27
01 04 11 17 22 25 26
09 11 13 14 15 20 24
04 06 07 08 23 28 30
02 09 14 15 21 22 23
04 05 06 15 22 24 30
07 09 10 18 19 20 23
08 11 12 14 16 19 26
02 06 12 15 21 23 27
04 12 13 15 18 21 23
01 04 10 15 20 27 29
04 05 10 14 19 24 30
02 08 09 12 21 24 30
04 05 10 13 19 24 31
04 11 12 15 16 19 29
01 03 09 15 22 26 30
04 08 12 14 20 23 25
02 08 12 14 17 23 30
02 06 12 13 15 28 30
04 06 10 17 19 21 29
08 09 11 12 19 23 24
03 04 06 19 20 23 31
02 06 09 17 20 22 30
01 02 05 12 27 29 30
03 04 10 19 20 24 26
04 09 15 16 19 21 22
01 05 12 14 23 24 27
03 06 13 17 21 22 24
01 03 12 14 21 27 28
01 06 12 14 17 26 30
04 07 08 17 20 21 29
01 03 08 15 22 28 29
03 06 10 16 17 26 28
01 02 09 16 17 30 31
01 05 12 13 22 24 29
03 09 12 13 19 24 26
03 04 11 12 21 26 29
04 07 12 13 14 25 31
03 08 11 14 22 23 25
03 08 11 14 20 23 27
06 10 12 15 18 21 24
04 05 12 13 14 27 31
06 07 10 13 16 24 30
02 03 08 15 21 26 31
01 07 14 17 18 20 29
02 03 09 17 20 24 31
03 05 12 14 17 25 30
02 05 08 16 18 26 31
06 08 12 15 19 20 26
03 09 14 15 20 21 24
06 07 08 14 21 22 28
01 06 11 15 17 26 30
01 10 13 14 15 24 29
03 09 10 17 20 23 24
01 03 08 19 21 26 28
02 12 13 14 17 22 26
06 08 14 15 18 20 25
05 10 11 16 19 22 23
03 06 09 18 19 20 31
02 06 13 14 20 25 26
03 05 08 12 20 27 31
01 06 11 13 22 25 28
03 05 10 17 22 24 25
04 09 10 12 16 24 31
09 12 13 14 17 19 22
01 03 14 16 21 25 26
02 03 14 15 20 25 27
03 10 15 16 17 22 23
02 08 15 16 17 22 26
01 03 04 18 20 29 31
01 10 13 16 18 23 25
02 09 11 16 18 19 31
06 09 11 12 15 25 28
01 06 09 17 20 23 30
04 07 11 13 18 22 31
01 08 13 16 19 20 29
02 03 06 18 22 27 28
08 10 11 13 15 23 26
03 06 10 17 19 20 31
05 07 11 12 19 22 30
01 02 05 19 24 25 30
02 05 10 13 19 28 29
02 06 11 15 19 24 29
04 07 13 15 20 22 25
06 09 11 12 15 22 31
02 05 07 17 20 24 31
04 08 12 14 17 20 31
06 11 14 15 16 19 25
02 07 12 15 18 21 31
02 04 14 17 20 23 26
02 07 09 11 22 25 30
02 05 06 15 21 28 29
05 07 11 16 19 22 26
04 08 10 14 16 23 31
01 02 13 15 18 27 30
03 06 08 15 21 22 31
06 09 10 11 14 27 29
04 05 07 14 22 24 30
01 03 05 16 22 28 31
07 10 11 15 18 21 24
04 07 09 14 20 22 30
02 05 13 17 18 20 31
01 03 10 14 24 26 28
01 03 15 16 20 22 29
01 02 07 16 21 28 31
03 04 12 15 20 24 28
02 03 04 19 21 27 30
07 09 11 14 16 19 30
02 04 05 16 22 26 31
05 07 11 12 21 24 26
02 04 09 14 21 25 31
02 04 08 14 19 29 30
06 08 09 11 19 22 31
05 09 11 16 18 19 28
03 05 13 19 20 22 24
04 07 11 12 19 23 30
02 07 09 16 20 22 30
02 03 05 16 24 25 31
06 08 11 18 19 20 24
03 08 11 14 17 22 31
04 08 10 14 19 21 30
02 06 07 12 23 25 31
01 06 07 12 25 26 29
01 04 05 14 24 27 31
02 08 10 13 18 26 29
01 05 08 09 25 28 30
02 07 10 17 19 23 28
05 06 10 13 22 24 26
01 06 11 13 23 24 28
04 06 12 17 18 21 28
06 07 12 15 20 22 24
01 04 07 13 22 28 31
03 07 09 10 22 24 31
03 08 12 15 17 20 31
06 08 12 15 16 20 29
02 04 10 14 23 26 27
06 08 10 15 18 22 27
01 07 08 15 22 26 27
05 06 07 12 22 26 28
02 05 07 10 25 28 29
02 06 10 15 16 28 29
04 06 07 17 20 22 30
01 02 13 16 21 24 29
04 05 13 19 20 21 24
07 10 11 14 19 20 25
02 03 10 15 20 27 29
01 10 12 15 19 23 26
08 09 10 13 14 22 30
02 07 09 12 22 24 30
01 04 11 13 22 26 29
01 04 07 16 24 26 28
01 05 14 19 20 21 26
01 07 09 17 18 26 28
02 08 09 16 17 26 28
05 07 08 18 19 21 28
03 04 11 12 22 25 29
03 06 07 12 25 26 27
08 09 10 13 14 23 29
03 08 10 15 21 23 26
05 09 10 13 21 22 26
02 05 12 14 19 24 30
05 09 11 14 16 25 26
02 04 10 18 21 25 26
04 05 06 14 20 26 31
07 10 11 14 15 20 29
07 08 10 11 20 24 26
02 05 09 18 19 24 29
02 03 05 18 19 29 30
03 06 09 15 20 23 30
02 09 11 14 16 26 28
04 06 09 13 20 24 30
01 04 12 15 23 25 26
02 06 08 10 23 28 29
01 06 09 10 24 27 29
02 06 15 17 21 22 23
02 05 10 13 21 27 28
02 05 06 15 19 29 30
02 03 08 17 19 27 30
01 06 09 13 22 24 31
01 04 12 13 18 27 31
03 04 05 20 21 24 29
06 07 10 18 20 22 23
01 06 09 14 23 24 29
02 03 15 16 20 24 26
04 05 08 09 25 26 29
01 08 09 15 21 22 30
02 07 09 11 21 26 30
08 09 12 15 16 21 25
07 11 13 14 19 20 22
03 05 08 15 20 24 31
03 05 13 14 20 24 27
02 06 13 17 21 23 24
08 10 12 14 15 21 26
01 05 08 19 22 25 26
01 03 10 16 20 27 29
01 02 04 22 23 25 29
01 09 14 17 20 22 23
01 03 07 21 22 24 28
02 04 12 16 19 22 31
04 05 06 14 22 26 29
01 09 10 17 19 24 26
01 06 12 14 19 25 29
02 07 11 14 16 27 29
02 07 10 18 20 24 25
08 09 13 17 18 20 21
01 06 07 17 22 24 29
02 04 15 19 21 22 23
01 08 13 18 19 22 25
02 10 13 14 19 20 28
03 04 12 19 20 22 26
01 06 08 15 20 25 31
05 10 11 12 17 23 28
02 03 13 15 17 26 30
03 05 07 18 20 23 30
03 04 15 17 20 22 25
06 10 14 15 19 20 22
03 09 10 16 17 21 30
08 10 14 16 17 20 21
02 09 12 14 19 23 27
01 09 12 18 19 23 24
06 08 10 12 15 26 29
02 04 05 14 25 26 30
02 04 07 19 21 26 27
02 07 10 13 20 26 28
03 04 09 14 20 27 29
03 06 10 15 20 23 29
05 09 15 16 18 21 22
01 08 13 16 21 23 24
01 06 08 12 19 29 31
06 08 12 13 16 22 29
01 08 12 15 16 23 31
07 08 11 13 15 22 30
02 08 10 17 21 23 25
04 09 11 16 19 23 24
05 06 07 15 22 24 27
03 11 13 14 19 20 26
05 07 16 17 18 21 22
01 04 13 18 19 21 30
02 06 09 11 24 26 28
02 08 11 14 17 26 28
02 09 13 16 18 19 29
07 10 14 15 17 20 23
01 08 13 15 18 25 26
01 04 10 14 17 29 31
02 06 08 17 22 24 27
02 05 08 13 21 26 31
01 02 15 16 17 26 29
05 06 12 15 17 22 29
02 07 08 12 23 24 30
03 06 08 09 20 29 31
08 09 11 15 18 21 24
05 08 14 17 18 20 24
02 07 11 14 19 23 30
10 11 12 15 17 18 23
07 09 10 12 16 25 27
02 06 08 12 23 25 30
01 08 11 12 16 27 31
05 09 12 13 18 20 29
03 04 07 18 20 23 31
03 08 11 17 18 20 29
11 12 14 15 16 18 20
08 10 11 13 15 24 25
03 09 12 13 20 24 25
03 10 12 14 15 24 28
03 08 10 12 16 27 30
08 09 11 13 16 23 26
02 04 08 17 23 24 28
01 02 11 13 24 27 28
02 05 11 18 21 23 26
02 06 08 16 17 26 31
04 10 11 12 17 23 29
03 05 07 16 22 23 30
01 06 08 18 23 24 26
01 05 15 16 18 23 28
03 07 11 16 18 21 30
02 09 13 14 15 24 29
05 10 11 13 14 24 29
07 10 11 12 15 23 28
03 07 11 19 20 22 24
01 07 10 16 20 23 29
01 03 14 17 20 23 28
01 02 08 20 24 25 26
01 06 07 14 22 26 30
08 09 10 12 17 19 31
03 06 08 15 18 25 31
02 08 12 14 21 23 26
04 06 10 16 20 23 27
03 04 06 17 23 26 27
05 07 10 14 17 23 30
07 08 11 13 20 21 26
03 09 10 12 16 27 29
02 07 11 16 19 20 31
02 04 12 14 16 27 31
02 06 14 18 20 21 25
07 10 12 13 14 24 26
02 04 07 17 19 28 29
04 07 13 14 18 22 28
04 07 08 10 24 25 28
01 08 12 15 17 22 31
03 07 10 18 21 22 25
01 05 07 12 25 26 30
03 04 13 17 20 21 28
05 06 10 16 22 23 24
01 04 09 13 23 26 30
01 04 08 14 19 29 31
01 02 07 16 25 27 28
02 10 13 14 16 23 28
02 07 14 15 17 22 29
02 10 13 15 17 24 25
01 04 08 20 22 25 26
03 06 09 10 20 28 30
05 07 10 12 15 28 29
04 10 11 15 18 19 29
02 04 08 18 22 25 27
02 04 13 18 21 23 25
02 09 10 17 20 23 25
05 08 11 16 19 21 26
02 05 14 16 22 23 24
02 04 07 16 22 26 29
05 06 13 16 18 22 26
04 08 12 13 20 24 25
04 05 06 14 21 25 31
03 05 06 07 27 28 30
01 04 08 19 20 25 29
04 10 12 16 19 22 23
02 04 11 17 19 26 27
04 05 11 12 21 26 27
01 03 11 14 22 27 28
03 08 09 10 23 25 28
06 07 09 10 21 23 30
05 11 12 13 19 20 26
02 09 13 15 19 20 28
02 13 14 15 17 20 25
08 10 13 16 18 19 22
09 10 11 16 17 20 23
02 04 11 16 17 27 29
03 04 11 13 16 28 31
03 04 10 12 17 29 31
08 10 11 14 16 23 24
02 07 08 13 19 27 30
04 09 14 16 18 19 26
06 10 11 15 18 22 24
04 06 10 11 16 28 31
05 08 09 12 20 23 29
03 06 08 13 18 27 31
05 11 12 15 16 23 24
03 04 11 12 17 28 31
04 06 09 14 22 25 26
01 02 08 15 19 30 31
02 06 11 17 21 24 25
03 04 05 18 23 25 28
01 06 07 16 20 25 31
01 06 10 17 19 22 31
03 05 09 10 22 26 31
02 07 11 13 14 28 31
06 07 15 17 19 20 22
03 06 08 16 18 27 28
06 08 09 12 19 21 31
01 03 08 14 23 28 29
01 09 11 16 18 23 28
06 09 10 17 18 19 27
04 09 11 15 18 21 28
02 10 15 16 19 20 24
06 07 12 15 19 20 27
02 03 12 17 20 24 28
05 06 10 11 22 23 29
02 06 11 14 17 27 29
02 04 09 14 23 25 29
07 09 10 13 16 22 29
03 05 10 18 19 21 30
02 06 09 18 22 23 26
07 09 10 11 19 24 26
04 07 11 13 22 24 25
04 09 10 13 17 23 30
03 11 14 16 18 20 24
04 05 08 11 24 26 28
02 05 06 18 20 27 28
02 10 11 14 15 26 28
02 07 08 12 24 26 27
01 03 11 16 23 24 28
07 09 12 14 17 23 24
04 08 11 19 20 21 23
04 06 11 14 21 23 27
03 05 12 16 21 22 27
02 03 07 14 23 26 31
05 06 08 10 18 28 31
01 05 12 18 20 23 27
06 10 13 14 15 22 26
02 06 12 16 18 23 29
03 04 13 18 20 22 26
02 11 12 15 17 23 26
03 06 07 11 20 29 30
05 08 13 15 18 23 24
03 10 12 16 19 21 25
02 08 10 12 16 27 31
05 08 09 11 12 30 31
02 12 13 15 16 19 29
03 09 11 16 18 21 28
04 09 14 15 20 21 23
02 08 15 16 18 20 27
04 08 10 11 16 26 31
03 05 08 13 20 26 31
03 06 09 11 23 24 30
07 08 12 16 17 21 25
04 07 11 14 18 22 30
03 07 08 11 21 26 30
05 06 10 15 18 21 31
02 05 13 14 22 23 27
02 07 09 19 20 24 25
02 08 13 14 15 23 31
01 05 08 12 23 26 31
03 04 09 19 20 24 27
03 04 08 15 21 25 30
04 06 11 15 16 23 31
02 06 11 14 16 28 29
01 04 11 15 20 27 28
06 07 12 15 17 21 28
04 09 10 17 19 21 26
03 05 10 18 21 22 27
01 04 07 12 23 29 30
04 10 13 18 19 20 22
02 09 12 14 16 22 31
05 06 07 14 21 26 27
02 06 10 15 18 25 30
02 08 10 14 19 25 28
05 09 12 16 17 22 25
01 06 11 15 18 25 30
02 03 16 17 18 22 28
01 08 11 19 20 23 24
02 08 10 16 19 25 26
02 06 15 18 19 20 26
02 06 15 17 19 22 25
02 07 11 16 18 24 28
01 06 09 16 17 27 30
03 07 08 14 20 24 30
09 10 12 13 17 18 27
02 07 08 15 19 27 28
02 06 14 16 17 21 30
03 09 10 14 22 23 25
03 09 11 14 16 23 30
05 07 12 14 18 22 28
01 03 09 18 23 24 28
01 05 13 14 16 26 31
02 04 05 18 23 24 30
05 06 10 14 20 21 30
08 09 12 14 15 19 29
02 03 13 16 23 24 25
02 04 13 19 20 22 26
01 02 04 15 25 28 31
05 06 11 16 21 23 24
09 11 12 14 17 20 23
02 07 11 14 18 24 30
03 05 10 13 18 28 29
03 05 11 12 17 28 30
01 05 13 16 20 22 29
01 03 13 16 19 24 30
01 07 10 14 16 27 31
05 10 11 17 18 21 24
03 06 11 12 19 24 31
06 08 11 13 19 20 29
04 06 08 16 19 24 29
02 06 15 17 18 20 28
02 07 08 13 20 25 31
01 09 10 14 19 25 28
03 06 16 17 18 20 26
01 02 09 17 19 28 30
03 04 08 17 20 24 30
01 06 09 16 20 24 30
02 04 05 13 23 29 30
03 04 05 15 22 27 30
02 03 10 12 24 27 28
09 10 12 13 15 17 30
05 06 07 12 22 23 31
02 04 07 18 22 25 28
02 06 13 15 20 23 27
05 06 10 18 19 22 26
06 07 11 14 17 20 31
01 11 12 16 17 18 31
01 02 14 16 22 23 28
01 06 10 15 17 27 30
04 05 09 18 21 24 25
03 05 06 19 20 22 31
05 06 08 10 24 25 28
01 04 12 19 22 23 25
02 06 10 15 19 23 31
02 04 14 18 19 24 25
04 07 11 14 16 24 30
01 05 16 18 21 22 23
05 07 12 14 15 25 28
05 10 12 14 16 20 29
02 12 15 16 17 21 23
01 02 04 16 24 28 31
07 09 11 14 19 20 26
08 09 12 13 14 20 30
02 07 09 14 17 27 30
02 08 09 13 21 24 29
08 09 10 13 19 20 27
05 06 13 16 17 23 26
01 03 12 17 18 24 31
01 02 08 18 19 27 31
07 08 09 13 20 22 27
01 02 14 18 21 23 27
04 08 10 15 17 24 28
04 05 10 15 22 23 27
01 05 13 15 22 24 26
04 09 12 14 17 19 31
03 07 10 16 18 21 31
04 07 11 12 17 25 30
02 06 13 15 16 25 29
04 07 08 12 21 24 30
01 09 10 11 18 27 30
05 07 11 12 15 26 30
04 05 06 16 21 26 28
06 09 14 15 16 20 26
03 06 08 17 22 23 27
02 08 11 15 17 23 30
06 08 09 11 21 23 28
02 08 13 17 18 19 29
02 03 11 17 20 24 29
01 05 07 17 22 24 30
02 07 12 15 21 23 26
02 03 10 19 22 24 26
02 03 10 14 24 26 27
02 06 13 17 18 20 30
01 02 06 19 21 27 30
07 08 10 14 18 19 30
04 10 13 14 15 24 26
05 07 12 14 21 23 24
02 03 05 19 22 26 29
06 07 10 11 21 23 28
02 09 11 15 18 21 30
04 05 10 16 20 22 29
01 04 09 12 24 25 31
03 06 11 12 20 25 29
03 06 10 17 20 24 26
07 11 12 15 16 22 23
01 08 10 13 19 25 30
01 08 09 17 20 21 30
03 06 12 13 17 27 28
04 11 13 17 19 20 22
03 05 09 12 22 24 31
01 09 10 12 15 28 31
06 08 10 15 16 20 31
02 09 13 14 19 21 28
06 09 10 13 17 22 29
07 08 09 16 19 21 26
04 06 13 14 19 20 30
01 02 03 20 25 26 29
02 09 13 14 19 23 26
03 09 10 11 22 24 27
03 05 08 20 21 22 27
06 09 10 15 17 19 30
10 11 12 14 17 19 23
07 09 12 14 17 22 25
02 04 06 19 22 26 27
01 09 11 15 20 24 26
04 05 11 14 21 23 28
02 06 14 18 21 22 23
05 07 14 15 18 20 27
02 06 08 14 21 27 28
03 08 10 12 23 24 26
03 06 10 17 19 21 30
03 04 06 07 27 29 30
03 09 10 13 14 27 30
05 10 12 13 19 21 26
03 10 15 16 19 20 23
04 06 09 11 15 30 31
03 08 13 15 17 20 30
05 07 12 13 16 22 31
04 07 11 15 21 22 26
09 10 12 13 15 21 26
02 09 10 15 21 23 26
08 11 12 15 16 21 23
03 05 06 09 25 28 30
01 04 14 17 19 21 30
02 06 11 14 18 24 31
01 04 13 14 15 29 30
01 07 16 17 18 22 25
01 04 07 14 23 26 31
01 03 05 16 23 28 30
01 06 10 19 21 24 25
02 05 07 08 25 28 31
08 09 11 13 15 22 28
02 05 11 16 20 23 29
04 05 09 15 19 24 30
02 04 11 13 21 27 28
07 08 09 11 12 28 31
01 03 12 16 23 24 27
04 07 08 13 21 23 30
03 06 09 14 19 24 31
03 04 08 14 24 25 28
04 05 07 17 20 26 27
02 04 07 17 19 27 30
02 08 10 14 20 23 29
02 13 14 17 19 20 21
03 06 08 10 20 29 30
07 08 12 14 17 19 29
03 08 10 14 22 23 26
02 07 12 14 19 25 27
01 08 10 13 22 25 27
06 08 10 16 19 22 25
02 05 08 10 26 27 28
01 08 09 10 23 27 28
03 05 10 19 20 24 25
02 06 11 17 19 24 27
01 06 12 16 17 24 30
02 05 13 17 20 23 26
08 10 11 15 19 20 23
07 12 13 14 19 20 21
02 03 05 19 22 24 31
05 07 08 13 22 23 28
06 11 12 13 15 20 29
01 09 14 17 18 20 27
01 04 09 11 23 28 30
02 10 14 16 17 23 24
03 04 09 18 20 21 31
05 11 12 13 16 19 30
05 08 10 12 18 24 29
02 05 08 16 20 25 30
05 08 12 16 17 20 28
05 07 12 15 16 20 31
08 09 13 17 18 19 22
01 05 14 16 21 22 27
03 04 12 18 20 23 26
04 08 09 12 20 25 28
01 09 10 14 21 23 28
04 06 08 11 21 26 30
06 11 13 14 15 17 30
02 05 09 12 20 27 31
06 08 09 12 14 28 29
03 06 08 11 23 24 31
01 07 10 16 18 23 31
01 08 11 13 17 26 30
08 09 12 13 16 18 30
01 05 08 12 24 25 31
02 08 09 10 21 25 31
06 08 10 12 15 25 30
01 04 14 15 17 25 30
05 09 12 13 19 22 26
01 05 12 14 19 25 30
03 08 10 18 19 21 27
01 04 09 19 22 25 26
09 10 14 16 17 19 21
02 08 11 13 14 27 31
02 10 13 14 17 19 31
02 09 13 17 19 20 26
02 03 05 16 21 29 30
02 05 06 16 23 25 29
03 04 10 17 19 24 29
04 07 10 14 18 23 30
03 08 09 12 17 28 29
03 04 14 15 17 22 31
06 08 10 11 20 24 27
01 10 14 15 18 21 27
04 10 13 14 16 21 28
03 06 10 13 22 24 28
03 08 09 14 19 24 29
06 07 08 15 18 25 27
04 06 12 15 17 25 27
03 06 11 15 20 23 28
07 10 12 13 15 20 29
01 02 08 21 23 25 26
07 08 10 17 19 22 23
03 04 12 19 20 21 27
01 08 11 14 19 22 31
04 09 12 13 15 24 29
07 08 10 11 17 24 29
01 04 05 14 25 27 30
01 09 12 14 16 24 30
03 04 05 17 20 27 30
02 08 10 15 18 26 27
01 07 12 15 16 27 28
01 05 10 18 19 24 29
02 06 08 16 21 24 29
04 05 14 17 19 20 27
04 07 10 13 20 25 27
07 08 11 12 18 24 26
02 07 09 13 20 24 31
03 12 13 14 16 20 28
02 06 08 10 22 27 31
02 05 08 15 21 26 29
03 04 13 16 17 23 30
02 09 11 13 19 24 28
02 05 10 17 21 23 28
06 11 14 15 18 20 22
05 06 08 12 22 26 27
02 03 13 16 20 24 28
01 04 07 14 24 25 31
01 07 10 18 19 24 27
06 07 10 12 17 24 30
05 08 11 17 20 22 23
04 09 10 13 18 22 30
06 07 10 11 12 29 31
03 08 13 17 18 22 25
03 05 06 12 22 28 30
03 06 12 15 20 22 28
03 06 09 12 20 27 29
02 03 11 16 21 25 28
04 06 12 15 18 25 26
01 06 08 20 22 24 25
04 06 11 15 16 26 28
01 02 07 12 24 29 31
02 04 06 19 20 24 31
02 06 08 13 18 29 30
04 09 10 12 15 25 31
03 04 11 14 16 28 30
02 08 11 16 17 24 28
01 08 13 14 19 22 29
04 07 12 13 14 27 29
03 04 06 15 17 30 31
06 08 10 13 19 20 30
01 08 10 17 20 24 26
02 13 14 15 18 20 24
03 04 08 13 23 25 30
03 07 12 15 16 26 27
01 09 13 16 19 20 28
08 10 12 13 17 19 27
05 06 13 15 18 19 30
01 06 09 12 23 25 30
02 08 15 16 17 20 28
04 05 11 13 16 26 31
01 04 11 17 18 24 31
03 07 12 16 17 22 29
05 06 09 12 19 25 30
02 06 07 09 21 30 31
02 11 13 15 16 22 27
02 04 05 14 23 27 31
06 11 12 13 17 22 25
01 06 09 17 22 25 26
02 03 12 16 21 24 28
03 05 11 16 21 24 26
04 12 13 15 18 20 24
01 04 12 15 19 24 31
03 05 10 14 21 24 29
02 04 11 17 19 23 30
06 09 10 15 21 22 23
02 04 07 08 24 30 31
06 10 11 13 19 23 24
01 02 07 18 25 26 27
05 06 07 15 20 25 28
03 08 13 15 16 25 26
03 05 11 13 22 24 28
08 10 12 13 17 21 25
01 02 14 17 18 23 31
01 05 12 13 22 26 27
01 09 12 15 16 23 30
03 10 12 13 17 25 26
01 08 14 17 20 21 25
02 12 14 16 17 18 27
03 05 08 16 18 25 31
06 09 13 14 19 22 23
03 05 12 15 21 24 26
02 05 10 17 23 24 25
04 05 10 17 20 22 28
02 07 12 14 17 26 28
04 05 11 12 18 25 31
07 08 10 12 19 20 30
02 07 09 15 22 25 26
02 10 12 15 17 19 31
02 07 12 14 15 25 31
02 05 08 16 24 25 26
04 05 14 15 17 22 29
04 07 12 15 17 22 29
04 07 10 16 17 25 27
09 10 12 13 15 16 31
05 06 10 11 15 29 30
04 08 13 14 18 22 27
05 06 07 15 21 22 30
06 08 11 12 15 23 31
04 07 12 14 17 23 29
06 08 10 13 17 22 30
05 08 14 15 16 22 26
03 07 13 17 18 22 26
03 07 14 15 17 20 30
05 08 13 14 18 23 25
05 08 10 18 19 22 24
01 03 10 18 19 24 31
03 04 12 18 19 22 28
02 07 11 13 14 29 30
06 07 08 12 21 25 27
07 08 11 13 18 20 29
01 05 07 17 22 26 28
02 03 04 17 24 25 31
03 08 11 12 22 24 26
03 08 09 10 20 27 29
04 07 11 12 23 24 25
06 09 14 16 18 19 24
04 05 08 11 21 28 29
03 07 08 12 20 25 31
01 05 09 16 24 25 26
02 04 06 12 26 27 29
02 09 11 12 14 27 31
07 08 09 15 19 20 28
06 07 14 16 17 21 25
01 02 04 18 22 29 30
02 03 13 16 21 24 27
01 05 10 15 23 24 28
01 06 09 16 18 26 30
03 10 12 13 15 26 27
02 03 09 12 24 25 31
05 08 13 16 18 20 26
01 08 09 14 18 27 29
04 10 11 13 19 23 26
02 04 14 15 18 23 30
03 09 10 18 20 21 25
04 09 10 14 18 24 27
03 05 08 20 21 23 26
01 05 08 10 25 26 31
01 05 14 18 19 21 28
01 04 16 19 20 21 25
04 05 10 13 23 25 26
01 02 13 15 20 26 29
01 03 09 10 25 28 30
04 09 12 13 17 21 30
03 09 10 18 20 22 24
02 11 12 13 17 25 26
10 12 13 14 18 19 20
04 07 10 12 19 24 30
03 07 12 17 19 22 26
01 08 11 18 19 24 25
03 05 15 17 18 20 28
01 10 13 14 19 23 26
03 10 13 15 16 24 25
05 07 08 13 20 25 28
03 04 07 14 19 29 30
04 05 15 18 20 21 23
01 02 06 19 23 24 31
03 04 05 13 22 29 30
04 07 08 11 17 28 31
04 12 13 15 16 22 24
01 03 09 18 20 27 28
04 08 09 13 19 23 30
07 11 12 13 15 18 30
02 07 13 14 19 22 29
04 10 15 17 19 20 21
05 10 13 15 16 23 24
02 08 09 13 16 28 30
02 08 12 16 17 20 31
01 12 13 17 18 20 25
02 05 09 10 25 27 28
01 06 13 15 18 25 28
02 08 09 11 21 25 30
03 08 11 13 18 24 29
01 06 08 13 23 25 30
05 09 12 13 16 22 29
02 06 11 15 16 27 29
08 09 10 13 20 21 25
05 11 12 13 16 18 31
02 03 15 17 21 22 26
02 05 08 15 17 28 31
05 09 14 15 17 22 24
01 06 14 18 19 22 26
01 08 11 13 19 24 30
03 06 08 14 21 26 28
02 11 12 15 16 19 31
02 04 12 17 19 25 27
02 05 06 18 24 25 26
01 05 07 13 22 28 30
03 06 10 18 20 22 27
01 03 14 17 19 22 30
04 10 15 16 18 21 22
01 05 06 17 22 25 30
02 03 07 10 25 28 31
01 05 12 14 15 28 31
03 06 09 19 20 21 28
03 05 16 17 20 22 23
04 09 11 12 17 26 27
03 07 10 19 21 22 24
01 09 12 14 18 22 30
03 09 11 16 17 20 30
01 05 11 16 19 26 28
02 06 09 11 25 26 27
01 02 06 15 26 27 29
01 04 10 16 19 27 29
04 06 08 09 18 30 31
02 06 07 09 25 27 30
08 09 10 13 15 22 29
01 08 16 18 19 21 23
04 06 07 12 21 27 29
02 05 11 13 16 29 30
03 07 10 12 20 26 28
02 03 10 15 22 26 28
03 06 10 18 19 22 28
04 08 11 14 17 25 27
05 12 13 15 16 21 24
01 08 11 16 21 24 25
02 04 05 12 24 28 31
01 08 09 11 24 25 28
04 07 08 18 22 23 24
01 12 14 15 17 23 24
04 07 08 10 24 26 27
01 03 07 12 24 29 30
02 05 11 13 22 26 27
01 06 08 15 22 25 29
01 08 12 13 21 24 27
02 06 09 14 21 25 29
03 04 14 16 19 20 30
02 05 09 12 23 24 31
02 09 10 15 17 25 28
03 12 13 14 16 23 25
02 07 12 15 16 25 29
06 08 13 18 19 20 22
03 07 10 12 16 28 30
05 08 11 17 18 19 28
06 07 12 15 18 22 26
05 06 07 09 24 26 29
02 05 15 18 19 21 26
03 09 12 16 18 20 28
08 10 11 14 16 18 29
01 02 13 19 20 25 26
06 09 11 13 18 20 29
01 08 09 16 20 23 29
08 10 13 15 19 20 21
01 05 08 16 21 26 29
05 08 09 15 18 20 31
03 05 08 19 20 22 29
03 10 12 14 18 19 30
02 10 14 17 18 22 23
02 07 14 19 20 21 23
02 05 06 11 25 28 29
02 11 13 15 18 20 27
01 07 08 12 19 29 30
05 11 12 14 16 19 29
01 04 06 12 26 27 30
07 08 10 13 20 22 26
05 08 10 12 19 24 28
01 06 07 17 18 26 31
01 06 08 18 21 23 29
01 03 04 13 26 28 31
05 06 14 15 16 19 31
06 07 08 14 20 24 27
02 08 13 14 21 23 25
02 11 15 16 18 21 23
05 06 09 10 22 26 28
07 09 10 14 15 22 29
01 04 13 18 22 23 25
03 09 12 15 16 25 26
03 06 12 14 20 22 29
05 10 11 14 16 20 30
02 03 11 15 17 28 30
07 10 11 14 17 19 28
04 07 08 11 15 30 31
04 08 11 16 17 24 26
02 08 12 15 22 23 24
08 09 10 13 15 20 31
02 09 12 14 18 23 28
05 08 10 13 18 24 28
01 03 07 15 22 28 30
01 04 14 18 20 23 26
02 08 11 15 16 25 29
02 04 09 17 23 24 27
01 02 07 16 22 28 30
01 04 11 16 22 25 27
02 09 10 16 17 23 29
01 04 08 10 24 29 30
05 09 10 13 20 23 26
02 03 08 09 25 28 31
03 08 11 12 15 27 30
04 05 08 13 23 25 28
02 05 07 10 26 27 29
03 06 08 09 21 29 30
01 03 07 18 22 25 30
04 06 14 16 19 23 24
02 03 13 17 18 25 28
02 08 10 17 19 20 30
01 07 10 18 21 24 25
01 04 10 18 21 23 29
07 08 12 15 16 21 27
04 06 10 13 19 24 30
03 04 06 14 20 29 30
02 03 12 16 20 24 29
02 06 08 15 24 25 26
04 07 11 15 16 26 27
01 02 06 18 22 27 30
02 03 06 15 21 28 31
03 04 05 13 23 28 30
01 03 06 14 24 28 30
01 03 12 15 17 28 30
06 09 10 15 18 20 28
03 06 11 18 19 21 28
04 08 11 13 19 21 30
07 10 12 17 18 19 23
03 09 10 13 18 24 29
02 03 08 10 26 27 30
02 03 05 14 22 29 31
03 05 07 08 26 27 30
01 03 09 13 24 26 30
01 05 14 15 18 22 31
02 04 12 13 22 25 28
02 05 12 13 16 27 31
01 02 14 17 19 23 30
03 09 11 14 20 23 26
05 08 11 12 19 23 28
01 04 12 13 24 25 27
03 08 13 16 17 22 27
01 10 12 16 17 19 31
01 04 06 14 21 29 31
03 04 05 08 25 30 31
05 06 08 18 19 22 28
01 03 07 18 20 26 31
02 04 11 14 17 28 30
01 08 10 14 16 26 31
02 05 06 14 24 26 29
04 05 10 14 15 27 31
05 07 10 12 18 23 31
02 03 08 15 18 29 31
01 03 08 16 19 28 31
01 04 08 17 22 23 31
04 06 11 16 18 25 26
03 10 11 13 14 27 28
02 07 11 16 22 23 25
01 06 07 08 26 28 30
03 05 11 16 22 24 25
06 09 11 12 17 20 31
04 08 12 13 16 23 30
03 05 11 17 18 22 30
01 05 08 15 22 26 29
01 10 12 14 19 23 27
04 10 14 15 17 18 28
02 08 10 17 19 23 27
05 12 14 15 17 19 24
01 09 11 13 18 26 28
03 04 10 15 23 24 27
03 06 11 13 19 24 30
05 10 11 13 18 22 27
02 06 12 17 19 23 27
04 05 07 12 17 30 31
03 08 12 14 18 22 29
03 06 12 14 19 23 29
06 10 13 14 17 22 24
01 03 10 14 18 29 31
01 03 14 18 20 24 26
07 09 10 14 18 21 27
04 05 08 11 23 24 31
01 06 15 16 18 19 31
06 07 11 12 16 25 29
04 06 08 13 21 23 31
01 04 06 13 25 26 31
04 09 12 15 19 20 27
04 07 09 12 14 29 31
04 05 11 18 21 23 24
06 08 10 16 17 20 29
07 10 11 13 18 19 28
02 09 14 17 18 19 27
02 11 13 14 18 23 25
06 07 11 15 16 22 29
01 03 11 18 20 26 27
02 04 10 17 23 24 26
04 07 10 16 19 24 26
02 04 06 16 21 27 30
02 03 06 19 22 25 29
02 06 10 12 23 24 29
02 04 11 18 20 25 26
04 10 13 14 15 22 28
04 07 10 12 13 29 31
10 12 13 15 17 18 21
03 11 12 15 18 19 28
02 08 12 13 14 26 31
07 08 11 12 14 23 31
04 05 11 15 16 26 29
05 06 13 15 17 20 30
03 08 09 13 14 28 31
01 06 14 18 19 20 28
01 07 09 14 22 26 27
01 07 14 18 21 22 23
04 07 10 14 18 25 28
04 07 11 16 17 20 31
06 10 13 15 18 21 23
04 05 15 17 18 22 25
06 07 09 16 17 21 30
01 05 06 14 24 25 31
02 04 05 15 19 30 31
02 09 12 13 14 25 31
01 08 09 13 20 25 30
02 10 12 16 17 24 25
08 09 10 13 16 20 30
04 06 10 14 22 23 27
01 05 06 13 22 29 30
02 08 12 14 19 21 30
03 09 10 14 19 24 27
08 12 13 14 16 21 22
04 07 08 11 19 28 29
04 09 11 18 20 21 23
02 06 07 15 21 27 28
02 08 09 16 22 23 26
02 06 10 14 22 25 27
03 10 13 14 16 21 29
03 06 13 14 15 25 30
02 09 13 16 18 20 28
01 02 03 19 24 26 31
01 05 12 16 19 23 30
03 10 13 15 16 21 28
04 06 09 12 14 30 31
01 06 11 13 22 24 29
03 08 12 18 19 20 26
02 07 10 15 19 25 28
05 09 12 14 19 21 26
02 07 08 18 21 24 26
04 05 12 13 16 25 31
07 10 12 14 15 20 28
01 05 11 17 18 26 28
04 05 09 13 22 23 30
04 08 13 14 15 21 31
01 02 10 14 25 26 28
04 05 06 14 24 26 27
11 12 13 15 16 19 20
01 09 13 16 21 22 24
03 10 11 12 15 27 28
05 09 10 13 14 24 31
01 04 10 16 18 26 31
01 07 12 14 15 27 30
04 05 12 17 19 20 29
01 08 14 16 19 20 28
04 08 09 18 20 22 25
02 10 13 14 18 20 29
04 09 12 16 18 19 28
04 05 10 13 22 23 29
02 03 11 16 19 25 30
02 05 06 17 22 23 31
01 03 12 16 20 25 29
02 06 07 10 24 27 30
02 06 08 17 18 26 29
04 05 11 12 17 27 30
01 08 11 15 20 24 27
02 08 12 13 14 28 29
05 11 12 14 19 22 23
03 08 11 16 19 20 29
01 05 13 14 18 25 30
01 07 09 12 20 26 31
02 09 10 13 18 25 29
04 10 13 17 19 21 22
07 08 12 13 15 21 30
02 05 13 17 19 20 30
01 10 11 14 18 23 29
02 06 08 13 20 27 30
04 08 10 14 17 26 27
02 05 07 13 22 26 31
05 08 10 16 18 23 26
01 04 08 10 25 28 30
08 09 11 13 18 21 26
01 02 14 16 19 26 28
02 07 10 16 19 25 27
01 02 09 18 21 24 31
04 10 11 15 16 22 28
01 04 12 14 16 29 30
02 04 10 13 21 27 29
03 05 08 19 20 23 28
01 08 13 17 20 23 24
04 11 12 16 17 21 25
02 04 13 17 18 21 31
06 11 13 14 18 21 23
01 07 08 12 22 26 30
04 06 09 11 22 25 29
03 09 11 12 18 24 29
01 07 08 10 21 29 30
07 09 12 13 14 24 27
01 10 12 15 16 23 29
04 07 10 16 20 24 25
04 08 09 12 13 29 31
01 07 08 16 21 22 31
03 04 09 16 21 23 30
04 08 11 15 18 24 26
07 09 10 15 17 20 28
01 06 11 14 22 23 29
02 03 04 18 19 29 31
02 05 11 18 19 21 30
02 03 06 16 22 28 29
04 05 15 16 19 22 25
01 09 15 16 17 22 26
02 08 11 15 19 21 30
04 06 10 11 19 27 29
02 04 07 19 21 22 31
06 07 11 15 17 22 28
02 08 13 18 19 20 26
03 08 10 13 17 25 30
02 04 08 15 22 27 28
06 09 10 14 16 24 27
02 03 13 15 18 27 28
01 04 12 16 18 26 29
03 05 07 10 23 28 30
04 06 08 11 22 24 31
01 04 07 16 21 26 31
02 09 10 14 18 23 30
05 08 12 13 19 21 28
02 06 10 15 21 23 29
10 11 13 14 17 18 23
03 06 09 16 19 26 27
10 11 13 14 18 19 21
03 05 11 19 20 22 26
05 10 12 13 16 21 29
01 04 13 17 21 24 26
08 09 10 15 16 20 28
08 11 12 15 18 19 23
03 06 08 11 21 28 29
01 09 11 14 18 22 31
06 07 09 11 17 26 30
02 03 04 16 22 28 31
03 12 14 16 17 21 23
07 10 11 12 16 19 31
01 04 14 18 19 20 30
03 05 08 15 21 24 30
03 07 08 12 21 24 31
07 11 12 15 18 20 23
04 07 12 16 20 23 24
02 09 14 15 18 19 29
04 10 12 17 18 20 25
01 08 09 13 16 28 31
05 09 12 14 21 22 23
03 12 14 15 16 22 24
03 10 14 17 19 20 23
03 08 11 13 14 28 29
03 09 10 12 20 25 27
01 06 08 10 21 29 31
01 08 09 12 21 24 31
03 05 13 14 18 22 31
05 08 10 13 20 23 27
08 09 10 12 13 25 29
04 07 10 16 18 24 27
02 07 11 12 18 26 30
02 03 12 18 20 25 26
02 03 11 14 17 28 31
02 05 11 16 19 25 28
01 03 08 18 21 26 29
02 05 10 17 19 26 27
02 04 08 16 19 28 29
08 10 12 13 17 22 24
03 05 12 16 20 21 29
01 03 08 19 22 24 29
05 06 10 11 15 28 31
02 08 14 15 19 20 28
05 07 11 13 18 22 30
02 04 07 18 23 24 28
05 07 10 12 19 22 31
03 05 10 13 21 26 28
02 05 08 15 18 27 31
02 06 09 15 22 25 27
08 09 10 16 19 21 23
03 09 13 14 16 20 31
06 08 09 12 19 24 28
01 04 05 18 23 25 30
02 05 11 12 17 29 30
07 10 11 15 18 22 23
01 05 07 10 25 28 30
03 04 05 16 17 30 31
08 11 12 13 16 22 24
02 03 10 14 23 26 28
03 11 12 15 16 18 31
06 09 10 14 20 23 24
01 05 10 17 21 24 28
05 07 11 16 17 24 26
03 06 09 11 20 27 30
05 06 11 14 16 25 29
03 04 07 15 22 25 30
03 06 08 13 21 25 30
02 09 10 13 15 27 30
02 07 15 17 19 22 24
01 08 11 16 19 25 26
01 06 13 14 19 22 31
03 06 09 13 21 24 30
02 04 09 14 24 25 28
03 05 12 16 19 20 31
05 06 11 13 18 22 31
03 04 10 13 21 27 28
01 06 08 20 21 23 27
02 05 08 14 18 28 31
05 06 10 14 22 23 26
05 08 11 17 18 21 26
01 06 12 17 18 24 28
04 05 12 15 19 20 31
03 05 08 11 23 26 30
01 06 09 19 20 24 27
03 04 06 20 21 24 28
02 04 07 18 22 23 30
02 07 10 15 17 26 29
01 10 11 15 18 24 27
02 06 11 16 19 24 28
01 05 08 18 21 24 29
07 08 10 15 21 22 23
02 04 09 18 20 22 31
05 08 10 14 16 25 28
01 06 08 12 24 26 29
05 08 10 16 19 22 26
01 02 04 18 21 29 31
04 06 11 13 20 23 29
01 04 10 13 24 26 28
01 03 17 19 20 22 24
01 10 14 16 17 19 29
02 06 14 16 17 25 26
03 05 15 16 20 23 24
02 05 14 17 19 20 29
03 08 10 16 17 22 30
01 13 16 17 18 20 21
04 06 08 17 21 22 28
01 07 10 15 21 24 28
03 10 14 15 19 22 23
04 06 09 14 20 26 27
03 06 11 14 22 23 27
03 05 09 18 20 21 30
02 06 11 17 18 25 27
03 08 09 10 19 27 30
04 06 12 13 19 22 30
02 06 16 18 19 21 24
03 09 10 12 15 26 31
04 09 11 13 16 22 31
03 10 11 12 16 25 29
04 08 11 12 14 27 30
03 09 10 14 15 24 31
01 05 14 16 18 24 28
04 05 07 13 20 27 30
01 04 07 19 20 24 31
03 04 06 11 22 29 31
07 08 09 16 19 20 27
03 08 14 15 20 22 24
02 03 04 20 21 27 29
04 09 11 14 17 21 30
01 03 12 16 19 25 30
07 08 11 12 15 26 27
04 07 08 17 18 21 31
01 02 13 15 18 28 29
07 08 11 12 16 25 27
03 08 13 18 19 20 25
05 08 10 11 12 29 31
02 04 09 16 22 23 30
04 07 10 15 17 23 30
02 06 09 13 22 26 28
06 10 12 13 17 20 28
05 09 10 12 14 25 31
06 09 11 13 15 22 30
02 10 12 13 14 26 29
01 07 14 15 16 26 27
04 09 12 14 17 20 30
05 06 12 16 17 21 29
03 07 12 13 21 24 26
04 09 11 15 16 25 26
01 06 15 17 18 21 28
04 07 09 15 22 24 25
03 06 12 17 18 20 30
02 05 13 15 16 26 29
02 05 10 17 18 26 28
01 07 08 16 21 25 28
09 12 14 15 16 19 21
06 07 08 11 16 28 30
03 08 09 10 19 26 31
01 12 13 16 19 20 25
02 06 10 14 16 27 31
01 02 07 21 24 25 26
01 04 07 12 23 28 31
04 05 15 17 19 22 24
01 07 10 13 18 28 29
02 04 12 18 19 24 27
01 09 11 16 18 25 26
01 10 13 16 17 21 28
01 13 15 16 19 20 22
04 07 12 15 17 21 30
01 03 14 15 18 25 30
02 11 13 15 17 20 28
06 11 13 14 19 20 23
02 03 08 14 19 29 31
01 12 13 15 18 23 24
01 03 04 21 22 27 28
04 06 15 18 20 21 22
03 11 12 15 16 20 29
04 07 13 14 17 23 28
02 08 12 17 20 23 24
03 09 11 14 16 22 31
03 05 06 09 26 27 30
02 07 11 15 19 22 30
03 09 11 16 18 20 29
03 04 08 14 18 29 30
04 07 12 15 19 22 27
05 07 12 17 18 21 26
03 05 10 14 22 25 27
04 07 11 16 19 20 29
02 04 06 13 24 27 30
01 06 07 10 25 27 30
03 06 08 15 18 26 30
02 11 15 16 17 22 23
04 06 12 16 18 21 29
06 08 14 16 17 18 27
01 09 11 14 16 24 31
03 08 09 16 19 21 30
03 04 09 10 24 27 29
02 08 09 14 16 28 29
05 06 10 13 17 25 30
01 05 08 14 24 25 29
01 09 13 14 19 22 28
04 06 11 17 19 22 27
01 04 14 16 17 26 28
01 12 13 17 19 20 24
06 07 09 12 18 26 28
01 07 15 18 20 21 24
08 09 12 13 16 20 28
05 08 12 15 16 20 30
04 08 13 16 20 21 24
03 10 14 16 17 22 24
01 09 11 13 18 24 30
01 06 08 16 19 27 29
04 05 10 13 21 25 28
05 07 10 13 20 25 26
03 08 13 16 17 19 30
04 08 10 11 15 28 30
01 05 09 14 20 28 29
01 08 12 16 17 24 28
03 06 10 11 18 27 31
01 05 10 13 24 25 28
02 05 07 18 22 24 28
02 10 13 17 19 20 25
01 08 11 17 18 25 26
01 03 09 18 20 24 31
06 07 12 16 19 21 25
03 06 13 16 17 23 28
05 06 12 15 21 23 24
01 08 12 13 22 24 26
05 07 08 17 18 24 27
03 04 10 11 24 26 28
02 05 06 08 26 28 31
06 07 11 12 19 25 26
02 03 12 17 23 24 25
03 10 12 14 16 22 29
04 08 12 14 16 21 31
05 10 11 13 18 23 26
02 05 14 15 17 24 29
04 07 11 19 20 22 23
01 02 05 19 22 27 30
03 05 08 12 23 24 31
03 06 10 13 22 25 27
01 04 05 19 24 25 28
04 07 10 17 19 21 28
04 08 11 15 18 21 29
02 07 10 12 19 26 30
04 10 11 13 19 24 25
02 12 13 15 16 21 27
04 07 12 14 18 20 31
01 04 09 10 25 28 29
02 05 10 17 19 24 29
03 07 09 14 21 22 30
03 10 15 16 18 21 23
07 08 12 15 19 20 25
03 10 12 13 14 25 29
08 10 12 13 16 18 29
03 07 10 18 19 22 27
04 10 12 13 17 21 29
02 08 12 16 19 22 27
04 07 08 09 20 28 30
04 07 10 15 20 23 27
01 10 14 15 16 21 29
01 08 10 16 20 24 27
01 07 11 12 19 26 30
04 05 06 09 26 27 29
05 06 08 16 22 24 25
01 02 14 19 20 23 27
04 06 09 14 16 28 29
05 07 12 13 16 23 30
01 03 06 18 23 26 29
04 07 12 13 20 24 26
05 08 12 18 19 21 23
04 09 14 15 16 19 29
01 04 14 18 21 23 25
03 05 07 20 21 22 28
04 07 08 14 18 24 31
02 04 09 10 25 27 29
01 07 08 12 19 28 31
03 11 13 14 17 20 28
03 04 08 14 20 26 31
08 09 10 16 17 20 26
02 03 15 16 21 24 25
03 06 10 15 19 23 30
02 03 06 20 21 25 29
02 08 09 19 21 23 24
02 03 09 20 21 25 26
07 09 11 12 15 22 30
02 06 08 09 22 28 31
04 08 12 15 17 22 28
02 06 09 13 20 27 29
01 05 08 14 24 26 28
02 06 16 18 19 20 25
02 07 14 16 17 23 27
03 06 13 15 19 20 30
01 06 14 16 18 25 26
02 08 11 14 19 22 30
02 06 07 19 21 24 27
01 08 13 14 20 24 26
02 08 12 13 15 26 30
03 06 12 15 21 22 27
09 11 12 15 16 17 26
01 04 05 18 24 25 29
01 02 06 17 22 28 30
01 04 08 13 23 27 30
06 07 10 12 13 28 30
03 04 08 16 21 24 30
01 06 08 16 17 28 30
06 11 12 14 15 21 27
05 07 10 15 18 24 27
04 05 08 10 20 28 31
02 04 10 12 18 29 31
01 03 07 18 19 28 30
04 08 12 13 18 24 27
02 09 12 17 19 23 24
02 03 17 18 20 22 24
01 02 11 16 19 27 30
03 10 12 15 17 19 30
02 03 04 15 25 26 31
03 08 09 13 21 24 28
04 07 12 17 18 22 26
05 08 13 15 16 21 28
09 10 11 14 18 21 23
03 06 08 12 22 27 28
04 07 10 18 19 21 27
01 10 14 15 17 18 31
07 08 09 11 18 24 29
04 09 10 11 17 27 28
03 08 10 12 17 27 29
03 08 09 14 18 24 30
02 04 08 09 25 28 30
05 08 11 16 20 22 24
03 04 05 12 23 28 31
08 09 13 16 18 20 22
01 03 08 16 23 27 28
06 07 10 18 20 21 24
04 08 11 13 16 26 28
05 11 12 13 19 22 24
07 09 10 12 13 27 28
03 04 08 16 21 26 28
04 05 08 11 23 25 30
02 08 10 16 20 23 27
05 09 13 18 19 20 22
02 05 08 14 22 25 30
01 02 08 17 25 26 27
02 05 10 15 16 27 31
03 05 13 15 18 24 28
05 06 08 16 20 22 29
02 09 10 15 18 21 31
06 08 09 10 20 26 27
02 03 10 17 19 27 28
02 09 10 16 20 24 25
01 02 03 15 26 28 31
06 07 08 12 17 27 29
04 05 11 14 18 25 29
02 03 14 15 19 23 30
01 03 12 15 20 27 28
07 09 11 12 16 21 30
03 06 11 12 15 28 31
01 02 11 13 24 26 29
01 08 12 13 19 25 28
06 08 15 17 18 20 22
01 03 09 16 23 24 30
04 05 12 13 21 22 29
05 08 10 17 21 22 23
08 09 12 15 17 20 25
06 07 12 15 17 20 29
02 06 08 12 19 29 30
04 05 10 15 19 25 28
01 07 10 11 19 28 30
05 07 08 12 17 28 29
01 04 12 13 23 25 28
01 04 07 17 18 28 31
03 04 10 17 20 23 29
03 08 10 15 17 22 31
02 07 08 16 21 22 30
04 05 13 14 20 22 28
02 08 11 17 18 19 31
07 08 10 16 19 20 26
02 07 09 17 18 23 30
02 07 08 15 20 23 31
04 08 09 11 14 29 31
07 08 10 12 14 24 31
02 05 16 17 19 21 26
04 09 14 15 17 22 25
02 09 14 17 19 20 25
04 07 10 12 14 29 30
01 05 07 10 26 27 30
01 10 13 17 18 19 28
07 10 11 14 18 19 27
01 04 10 18 22 25 26
05 11 12 14 17 23 24
04 06 09 14 21 22 30
02 03 04 15 23 28 31
06 08 10 11 19 22 30
03 09 10 17 18 21 28
03 05 10 13 16 29 30
08 09 10 16 17 18 28
01 04 10 17 21 25 28
01 05 09 16 22 26 27
05 07 08 11 22 23 30
01 02 13 14 16 29 31
03 06 07 13 23 24 30
01 08 10 12 24 25 26
03 09 10 14 18 24 28
01 04 12 18 22 23 26
01 02 08 21 23 24 27
03 06 11 12 19 25 30
02 09 11 14 15 24 31
02 03 08 15 23 27 28
02 08 10 15 16 25 30
03 07 15 18 20 21 22
04 06 11 17 18 22 28
06 09 10 14 18 20 29
03 06 12 18 19 20 28
03 06 07 09 24 27 30
04 07 08 17 18 22 30
01 06 08 13 20 27 31
04 07 08 14 22 23 28
03 08 13 14 19 21 28
05 08 10 11 20 23 29
05 06 09 12 21 22 31
05 06 09 16 21 24 25
02 08 09 16 18 24 29
01 04 08 13 23 26 31
02 06 07 12 22 28 29
03 07 12 16 20 23 25
05 06 08 09 22 27 29
01 02 08 19 22 24 30
02 05 11 17 19 22 30
05 06 11 17 19 22 26
02 04 07 15 17 30 31
05 06 07 10 22 27 29
03 08 11 18 19 23 24
02 04 11 13 17 28 31
02 07 09 11 22 24 31
01 08 10 12 23 25 27
04 07 10 15 17 22 31
04 08 14 18 19 20 23
03 10 12 17 19 21 24
01 06 12 17 18 21 31
02 04 05 17 25 26 27
06 08 10 12 17 23 30
03 04 10 16 19 24 30
03 09 10 14 18 23 29
04 05 06 13 23 24 31
07 08 11 14 15 24 27
01 11 14 15 18 20 27
02 10 14 15 18 21 26
05 07 10 14 17 26 27
03 04 05 16 23 25 30
01 04 07 16 20 27 31
03 07 15 16 20 22 23
03 10 13 14 18 23 25
02 09 13 15 18 19 30
06 07 08 12 21 22 30
05 07 08 18 20 22 26
03 07 09 11 22 24 30
04 07 12 13 19 20 31
03 08 09 11 20 27 28
01 04 12 16 22 23 28
03 04 12 15 16 25 31
03 05 11 15 20 24 28
04 11 13 16 18 21 23
04 06 15 16 17 21 27
01 14 15 16 18 20 22
01 03 05 13 26 28 30
04 09 11 12 21 23 26
01 04 08 12 26 27 28
04 05 08 20 21 22 26
04 08 10 12 22 23 27
06 09 11 12 17 21 30
03 05 09 12 20 26 31
02 06 13 14 18 22 31
04 06 14 17 20 22 23
02 06 09 17 20 21 31
02 07 13 16 19 20 29
05 08 11 12 16 25 29
01 03 08 20 23 24 27
04 06 10 15 20 21 30
08 09 13 16 19 20 21
02 03 10 17 19 24 31
02 07 10 18 19 20 30
02 05 14 15 21 23 26
01 05 06 16 24 25 29
04 06 13 16 17 24 26
03 04 05 18 22 24 30
03 05 12 13 16 27 30
04 06 09 12 24 25 26
08 09 11 16 18 20 24
02 04 11 16 19 25 29
03 09 10 12 19 26 27
01 02 05 16 25 27 30
03 04 09 12 20 28 30
05 06 08 15 20 22 30
01 05 12 13 18 28 29
02 06 12 15 18 23 30
06 07 08 11 18 26 30
03 06 08 13 16 29 31
02 06 08 18 22 23 27
05 06 10 16 18 22 29
01 05 11 16 20 24 29
05 06 08 12 18 28 29
08 09 10 16 18 22 23
04 06 09 13 19 26 29
03 04 07 15 16 30 31
01 05 09 14 22 24 31
02 04 11 13 23 25 28
03 04 11 16 20 24 28
04 08 11 16 18 24 25
05 06 08 15 18 25 29
01 05 11 16 21 24 28
03 04 10 13 16 29 31
01 02 03 18 25 26 31
02 09 10 15 17 26 27
07 08 11 15 16 22 27
04 06 07 14 21 23 31
05 07 08 15 22 24 25
06 07 08 14 21 24 26
03 05 06 16 22 26 28
03 04 12 18 19 20 30
04 08 13 16 18 21 26
08 09 10 14 18 20 27
04 05 15 16 18 20 28
05 11 12 13 17 18 30
06 08 12 15 17 22 26
01 06 08 15 23 25 28
03 08 10 11 21 24 29
05 08 12 15 19 21 26
02 03 08 18 19 27 29
04 09 10 15 18 21 29
02 05 14 15 18 22 30
02 08 11 17 18 24 26
03 05 11 14 22 23 28
05 08 12 17 18 22 24
02 06 12 13 19 24 30
05 07 08 14 17 27 28
01 09 10 16 17 23 30
02 06 08 15 16 28 31
05 09 11 16 18 21 26
02 03 13 15 22 24 27
01 03 14 15 21 24 28
04 06 12 16 17 21 30
03 05 08 15 23 24 28
09 10 12 13 17 20 25
04 08 12 14 17 21 30
01 09 10 13 20 26 27
03 08 10 17 20 23 25
03 04 10 14 18 28 29
03 04 13 17 18 24 27
07 09 12 13 15 20 30
01 08 12 16 18 24 27
04 08 10 16 19 20 29
03 04 11 12 23 26 27
02 07 08 18 19 24 28
06 07 10 13 20 22 28
01 03 08 20 21 26 27
06 07 13 17 18 22 23
05 12 13 16 17 21 22
02 03 06 11 25 29 30
04 11 12 13 16 19 31
09 10 12 13 16 18 28
06 07 12 13 20 23 25
01 05 10 13 22 27 28
06 07 09 11 12 30 31
01 09 10 16 19 23 28
03 06 08 15 16 28 30
06 07 08 16 19 22 28
01 07 08 11 20 29 30
01 07 14 15 18 24 27
04 06 11 15 20 21 29
03 08 09 12 22 24 28
02 04 16 18 21 22 23
02 04 09 14 22 25 30
04 08 12 14 18 19 31
01 02 09 15 24 25 30
03 08 11 18 19 21 26
03 07 14 15 20 22 25
08 10 12 13 14 22 27
02 10 13 16 17 19 29
02 03 11 14 20 27 29
01 02 12 16 17 28 30
03 04 05 10 24 29 31
06 09 10 14 18 19 30
03 07 12 18 20 22 24
03 10 13 14 15 24 27
05 06 07 12 21 26 29
01 02 07 18 23 25 30
04 05 07 15 22 25 28
03 06 07 14 22 24 30
02 08 12 15 20 23 26
02 04 07 13 20 29 31
01 11 14 15 16 22 27
05 06 12 14 15 25 29
01 07 12 14 20 23 29
01 03 06 17 20 29 30
02 11 12 16 17 18 30
03 10 12 15 17 21 28
01 06 08 12 20 29 30
03 06 10 15 21 22 29
01 06 13 16 19 25 26
05 07 10 18 19 20 27
05 12 14 16 17 20 22
04 06 09 11 16 29 31
02 07 08 14 19 27 29
03 06 13 16 17 25 26
03 09 11 14 15 24 30
01 05 08 18 22 23 29
01 02 12 15 23 24 29
03 09 12 14 15 23 30
07 12 14 16 17 19 21
03 05 11 16 20 23 28
04 05 10 14 22 23 28
01 09 10 13 14 28 31
04 07 10 12 18 24 31
08 09 12 13 15 19 30
04 06 07 10 24 27 28
02 06 09 16 19 24 30
01 03 04 19 22 26 31
01 03 14 17 21 22 28
02 05 11 13 18 26 31
01 06 08 13 21 28 29
03 05 13 16 20 22 27
02 06 09 13 19 28 29
07 08 10 13 16 22 30
04 13 14 15 19 20 21
05 06 08 10 21 26 30
01 02 09 17 18 29 30
02 03 11 17 18 25 30
05 06 11 19 20 22 23
06 07 08 16 18 20 31
03 05 09 12 23 24 30
06 08 12 15 16 18 31
08 10 12 15 17 19 25
01 03 05 22 23 24 28
01 10 14 15 18 23 25
06 09 11 12 18 20 30
02 09 10 17 18 20 30
07 09 14 16 19 20 21
03 04 08 09 21 30 31
02 05 09 16 20 23 31
06 11 12 13 15 22 27
01 02 04 13 27 28 31
05 07 09 10 18 28 29
01 08 10 16 22 24 25
05 06 10 11 17 27 30
01 03 12 15 18 28 29
05 08 12 16 20 22 23
03 04 10 11 21 28 29
05 08 10 15 17 21 30
04 08 13 14 17 19 31
06 07 14 15 16 22 26
01 03 04 18 24 25 31
04 07 08 18 21 22 26
06 08 11 15 19 21 26
05 07 12 14 17 22 29
04 06 10 14 20 25 27
02 07 14 17 18 19 29
03 10 11 15 19 20 28
04 07 10 11 20 26 28
02 05 07 14 17 30 31
07 08 11 14 18 22 26
04 06 11 14 19 23 29
05 11 13 14 18 21 24
01 09 11 14 22 23 26
02 05 11 17 21 24 26
04 12 13 15 19 20 23
04 05 10 16 20 24 27
03 06 13 17 18 19 30
05 10 13 14 16 18 30
04 05 13 15 16 22 31
03 06 08 13 23 25 28
02 09 10 16 19 23 27
03 04 10 13 22 26 28
01 12 15 16 17 19 26
04 05 09 14 19 26 29
05 06 10 12 16 27 30
01 05 10 14 18 28 30
03 05 08 13 21 26 30
01 11 12 15 17 24 26
01 02 05 19 24 26 29
06 12 13 14 16 20 25
05 09 12 14 18 20 28
04 05 06 16 22 24 29
05 06 08 15 20 21 31
07 08 10 17 19 20 25
06 09 12 14 15 24 26
02 11 14 15 16 23 25
01 05 13 19 20 22 26
01 06 08 17 21 22 31
03 09 13 14 18 20 29
06 11 12 14 16 19 28
02 04 10 17 19 25 29
02 06 09 15 23 25 26
02 04 09 12 23 26 30
05 08 09 13 19 22 30
03 07 09 12 20 27 28
09 10 11 16 17 19 24
03 07 10 15 20 25 26
04 10 11 17 19 22 23
01 03 06 18 22 25 31
04 09 13 15 16 19 30
02 05 07 17 18 27 30
01 04 06 17 25 26 27
01 08 10 11 19 26 31
03 06 12 16 17 23 29
04 07 11 14 16 23 31
09 11 12 14 15 16 29
02 04 05 13 23 28 31
07 08 12 13 19 20 27
02 03 07 14 19 30 31
02 03 10 13 25 26 27
05 10 14 16 18 21 22
05 09 10 13 19 22 28
02 08 13 15 20 21 27
01 06 12 16 18 24 29
03 06 10 12 18 28 29
04 05 12 16 22 23 24
06 08 14 15 20 21 22
03 07 08 13 18 28 29
02 07 10 16 22 24 25
06 09 13 14 15 19 30
02 06 09 17 19 22 31
05 06 11 14 21 23 26
07 08 10 15 19 20 27
02 03 14 16 20 22 29
04 08 10 11 17 27 29
09 11 13 14 18 19 22
07 08 09 14 17 22 29
02 03 09 10 25 26 31
04 05 09 14 22 25 27
06 07 09 13 20 21 30
01 08 09 15 20 22 31
04 06 11 14 17 23 31
02 04 10 15 21 26 28
04 12 13 15 17 21 24
02 04 05 15 24 27 29
02 04 05 14 21 29 31
01 03 10 17 18 28 29
03 05 08 14 21 25 30
05 08 12 13 14 23 31
02 09 10 13 16 27 29
01 04 09 16 19 28 29
02 10 12 13 14 27 28
05 06 07 16 20 21 31
02 04 06 16 21 28 29
02 08 10 15 19 21 31
02 06 08 15 22 23 30
02 03 14 16 22 24 25
01 09 12 15 17 22 30
02 08 11 16 17 22 30
04 08 12 13 18 22 29
03 11 12 14 19 22 25
01 05 15 16 19 20 30
03 06 08 16 18 25 30
02 05 11 18 19 20 31
01 05 09 12 23 26 30
05 08 10 14 18 24 27
02 04 17 18 19 22 24
01 05 14 17 20 21 28
02 03 07 10 25 29 30
02 08 10 13 16 27 30
03 07 11 14 19 22 30
02 07 12 16 18 21 30
03 09 12 17 18 19 28
03 04 09 13 19 28 30
05 06 11 18 20 22 24
03 06 10 12 22 24 29
01 10 15 17 18 21 24
05 06 12 14 16 23 30
02 06 07 15 20 26 30
03 04 05 19 20 25 30
03 10 11 15 17 22 28
02 07 10 11 23 24 29
04 05 06 13 21 26 31
06 08 09 16 17 21 29
07 10 14 15 17 19 24
02 03 09 19 20 25 28
03 10 15 17 19 20 22
01 04 07 16 22 26 30
01 02 04 20 23 27 29
04 05 12 14 15 26 30
01 06 15 16 19 22 27
03 07 13 14 20 21 28
07 09 10 13 18 21 28
05 10 12 15 16 18 30
02 04 14 18 19 22 27
01 09 10 15 18 23 30
02 11 12 15 17 19 30
01 07 10 17 19 24 28
05 08 11 16 21 22 23
06 07 09 11 18 26 29
01 03 13 16 18 25 30
01 04 11 15 20 26 29
05 10 11 14 17 20 29
02 10 13 14 17 21 29
02 04 11 17 21 25 26
05 06 07 15 20 23 30
02 05 10 12 19 27 31
04 07 09 10 23 24 29
03 10 11 14 18 23 27
02 04 14 16 17 22 31
03 04 10 14 15 29 31
03 08 14 18 19 21 23
02 07 09 12 15 30 31
06 10 11 14 15 20 30
02 03 10 15 24 25 27
06 09 10 14 19 21 27
01 12 14 17 19 20 23
01 08 13 16 20 21 27
03 04 06 16 18 28 31
02 04 12 17 22 23 26
02 07 08 14 17 28 30
08 09 11 16 19 20 23
02 11 13 15 18 19 28
03 05 10 18 19 23 28
06 09 11 14 17 22 27
01 05 14 18 20 21 27
07 09 10 12 20 23 25
02 07 14 15 18 22 28
03 06 13 15 20 21 28
04 07 13 16 17 22 27
02 04 05 16 24 26 29
01 06 07 18 22 25 27
01 06 11 14 17 27 30
09 12 13 14 16 19 23
01 04 07 19 22 23 30
02 06 12 14 16 25 31
05 07 10 16 17 24 27
03 09 12 13 16 24 29
01 05 10 18 20 23 29
08 09 11 14 16 19 29
05 07 09 16 21 22 26
02 09 13 14 17 22 29
01 08 10 13 16 27 31
05 06 13 16 18 23 25
05 07 14 17 18 21 24
03 06 07 12 19 29 30
02 04 09 17 20 24 30
02 03 14 17 20 24 26
05 09 14 15 16 21 26
02 06 08 09 25 26 30
02 05 15 17 19 20 28
06 07 12 15 18 20 28
03 04 13 15 18 25 28
02 03 07 18 20 27 29
05 06 13 16 17 19 30
10 12 13 14 16 17 24
01 02 06 17 20 29 31
06 07 14 16 17 19 27
01 08 14 15 17 24 27
08 09 11 14 15 24 25
06 08 09 12 20 23 28
02 04 10 19 20 23 28
02 04 05 19 20 27 29
02 05 10 13 17 28 31
01 05 12 17 19 22 30
04 09 10 17 18 21 27
03 07 13 14 18 24 27
01 08 12 14 21 23 27
07 10 14 16 18 20 21
06 08 10 12 16 25 29
04 07 13 16 21 22 23
05 08 13 15 18 21 26
01 03 08 12 25 28 29
03 06 12 14 18 22 31
02 03 06 17 25 26 27
06 09 10 11 17 22 31
04 06 14 16 17 20 29
04 06 08 14 20 23 31
04 08 10 16 18 19 31
03 06 07 16 22 25 27
05 07 11 18 20 22 23
01 03 08 15 24 25 30
04 11 12 13 15 25 26
04 08 09 10 19 27 29
01 06 12 19 20 23 25
05 09 10 11 20 24 27
02 08 11 12 17 26 30
02 07 10 14 17 25 31
02 05 10 16 19 26 28
01 04 12 17 21 25 26
01 02 07 19 22 25 30
02 03 10 14 24 25 28
02 03 09 10 24 28 30
08 10 12 14 15 18 29
03 08 09 11 20 25 30
04 06 08 16 18 23 31
03 06 10 14 19 23 31
08 10 13 15 16 18 26
02 04 08 17 22 24 29
02 06 14 16 19 24 25
04 07 09 17 19 20 30
02 04 09 14 18 29 30
01 04 06 19 21 24 31
01 06 10 14 18 26 31
02 06 08 10 19 30 31
03 05 10 17 18 23 30
04 06 14 15 16 21 30
02 06 11 17 18 22 30
01 05 14 15 16 26 29
05 06 10 12 15 27 31
01 06 09 16 22 25 27
03 05 10 19 20 21 28
03 05 08 10 23 26 31
05 09 10 14 20 22 26
03 08 13 14 16 22 30
05 08 15 16 18 19 25
02 05 12 13 18 26 30
02 03 10 15 21 27 28
04 06 10 17 22 23 24
04 09 14 16 18 21 24
07 09 11 14 16 22 27
04 08 12 13 21 22 26
07 12 13 15 16 20 23
05 07 15 16 18 20 25
01 05 06 13 22 28 31
04 07 14 15 17 18 31
02 09 11 14 15 25 30
05 06 12 14 21 23 25
02 04 06 19 21 24 30
05 08 09 10 20 26 28
02 06 11 18 22 23 24
04 07 09 11 20 24 31
04 10 13 14 17 22 26
02 04 11 14 23 25 27
04 05 10 11 19 28 29
03 08 12 13 17 25 28
05 10 14 15 18 21 23
03 04 09 14 20 26 30
05 09 10 17 18 20 27
08 09 14 15 18 20 22
03 06 13 16 17 24 27
03 07 10 11 21 26 28
01 02 09 15 18 30 31
01 07 10 13 19 26 30
02 05 10 16 22 23 28
02 12 13 14 16 24 25
03 05 11 16 21 22 28
02 05 13 16 20 22 28
06 07 09 12 19 24 29
05 08 11 13 19 20 30
03 08 10 13 22 24 26
02 06 11 12 18 27 30
01 10 12 16 18 24 25
02 06 14 15 17 25 27
03 04 10 15 23 25 26
04 10 11 17 18 19 27
02 03 14 16 18 23 30
01 10 12 13 15 26 29
03 07 12 13 16 27 28
01 05 11 18 20 24 27
02 07 09 16 21 25 26
04 06 12 13 15 26 30
04 05 13 18 20 22 24
01 02 12 14 17 29 31
03 09 13 14 15 22 30
02 03 09 14 19 28 31
04 09 10 13 20 22 28
02 04 12 15 18 27 28
01 05 14 16 21 23 26
03 04 10 17 21 23 28
07 08 09 16 17 22 27
06 09 10 11 14 26 30
05 06 10 12 19 26 28
01 07 15 16 17 22 28
02 06 10 11 24 25 28
02 11 13 14 15 25 26
04 06 13 14 18 23 28
02 04 09 10 24 27 30
01 03 08 16 18 29 31
09 10 13 14 18 20 22
01 09 10 16 19 24 27
02 06 07 10 24 26 31
04 07 10 14 19 21 31
02 08 12 14 19 20 31
04 07 11 15 18 24 27
04 06 13 15 21 23 24
04 07 09 12 19 26 29
01 07 08 14 22 23 31
04 09 10 13 14 27 29
07 08 12 13 14 24 28
02 03 04 12 25 29 31
03 05 10 15 17 26 30
04 06 07 17 22 23 27
04 07 10 14 18 26 27
04 10 11 13 15 24 29
01 09 10 14 23 24 25
04 07 12 13 19 24 27
02 03 04 11 27 29 30
02 04 11 16 19 23 31
02 08 12 15 16 23 30
05 09 11 12 15 24 30
01 06 11 12 24 25 27
02 03 14 15 21 23 28
01 02 12 15 18 27 31
04 09 12 14 18 22 27
02 05 11 16 19 26 27
02 07 12 16 19 23 27
06 08 10 11 16 24 31
03 10 11 13 16 24 29
01 06 11 15 18 27 28
02 05 06 11 26 27 29
03 04 10 13 23 25 28
01 07 10 14 18 27 29
06 08 09 13 19 22 29
02 05 08 16 21 23 31
03 12 14 16 17 20 24
02 10 13 15 17 19 30
02 04 05 12 24 29 30
03 05 13 14 18 23 30
05 06 12 16 17 22 28
02 07 09 12 18 28 30
04 07 10 11 16 27 31
03 06 10 11 20 27 29
06 10 11 14 15 19 31
04 05 11 19 20 21 26
04 05 06 16 22 26 27
02 06 08 16 17 28 29
01 04 11 16 21 25 28
07 09 10 14 17 24 25
01 03 09 12 24 27 30
03 10 12 15 19 20 27
05 07 09 10 20 26 29
01 02 12 14 19 28 30
02 05 09 10 22 27 31
04 07 09 12 19 27 28
07 09 10 14 17 18 31
03 11 12 17 18 21 24
01 06 09 13 18 29 30
01 06 07 14 22 27 29
01 10 11 14 16 25 29
01 06 09 10 22 27 31
03 06 10 16 22 24 25
01 06 11 15 19 26 28
02 05 06 12 25 27 29
02 04 13 15 19 24 29
05 06 12 14 16 25 28
02 05 08 11 22 27 31
02 09 13 15 21 22 24
04 05 13 15 20 22 27
01 03 13 14 18 28 29
05 06 11 16 18 20 30
03 04 05 11 24 29 30
03 13 14 15 18 20 23
02 09 11 12 18 24 30
03 11 12 16 18 22 24
01 02 08 09 26 29 31
08 09 10 14 18 21 26
06 08 09 16 17 19 31
03 07 10 15 18 25 28
03 08 09 13 16 28 29
05 06 12 16 20 23 24
04 09 10 14 15 24 30
02 09 13 17 20 21 24
05 06 12 13 14 26 30
04 05 10 12 22 26 27
03 08 10 19 20 21 25
02 03 12 15 22 24 28
03 04 10 14 18 27 30
05 06 08 15 19 25 28
07 11 12 14 16 18 28
04 08 09 17 20 21 27
02 03 09 10 25 28 29
01 05 10 19 22 23 26
01 08 10 12 19 26 30
04 07 11 12 16 26 30
01 05 10 18 19 22 31
05 08 13 15 18 20 27
01 09 13 14 18 23 28
02 03 13 19 20 24 25
01 05 10 15 18 26 31
01 10 15 16 19 22 23
02 04 10 16 20 25 29
01 06 15 16 18 20 30
03 06 12 14 16 25 30
01 04 13 16 18 26 28
04 09 11 13 17 22 30
02 03 06 18 19 28 30
03 07 08 18 21 23 26
03 06 10 13 21 25 28
06 07 13 15 17 22 26
05 08 15 17 19 20 22
06 10 12 14 15 23 26
03 04 14 17 18 22 28
03 07 10 15 22 23 26
01 05 06 15 21 28 30
06 10 12 15 19 21 23
03 10 12 13 18 24 26
02 10 11 15 16 23 29
08 09 13 14 18 20 24
07 08 14 15 17 20 25
04 11 13 14 15 23 26
03 04 08 15 20 25 31
02 06 14 15 19 24 26
04 06 12 13 22 24 25
04 10 12 13 16 22 29
09 12 13 15 18 19 20
03 04 12 15 19 22 31
05 11 12 13 16 20 29
03 09 12 16 17 22 27
01 03 14 16 18 24 30
05 06 14 16 18 21 26
03 05 10 13 20 27 28
01 06 08 15 22 23 31
04 09 10 11 18 24 30
02 05 11 13 22 24 29
05 06 12 13 19 21 30
02 09 11 13 14 27 30
06 07 10 15 17 21 30
04 06 07 09 25 26 29
05 08 10 17 19 22 25
01 06 09 14 21 24 31
03 06 11 14 18 26 28
02 05 06 10 26 28 29
02 05 15 16 21 23 24
02 03 09 15 23 24 30
01 09 13 14 16 24 29
02 07 08 09 21 29 30
02 04 14 15 17 24 30
04 06 13 14 15 23 31
01 06 10 19 22 23 25
01 03 10 16 23 25 28
01 06 07 14 21 26 31
02 03 11 14 21 27 28
03 04 09 11 22 28 29
06 09 12 13 19 20 27
05 07 08 18 19 20 29
01 04 08 13 20 29 31
04 07 09 14 22 23 27
02 09 14 15 18 20 28
05 06 08 16 18 26 27
07 09 12 14 17 19 28
04 05 09 13 22 24 29
01 09 14 17 19 20 26
01 12 14 15 19 22 23
06 07 09 12 19 23 30
02 09 12 14 16 26 27
04 09 13 14 17 18 31
04 05 07 13 22 25 30
01 08 11 14 18 25 29
05 08 10 16 18 19 30
05 07 14 17 18 20 25
01 03 09 12 24 26 31
06 10 12 13 15 22 28
01 06 11 16 23 24 25
01 10 14 15 19 21 26
03 05 12 16 19 21 30
02 05 10 14 20 27 28
07 09 12 13 17 18 30
03 06 11 12 18 25 31
03 05 15 17 20 22 24
01 04 13 15 20 24 29
04 07 11 15 17 24 28
01 04 15 16 21 23 26
03 07 12 16 21 22 25
03 06 07 16 20 24 30
05 08 11 14 20 22 26
02 05 09 13 20 27 30
05 08 10 11 15 26 31
02 04 06 13 23 27 31
01 02 05 19 23 26 30
02 08 10 13 22 25 26
03 04 06 11 24 28 30
02 07 10 15 22 24 26
02 03 06 17 22 27 29
09 10 14 16 18 19 20
01 11 14 15 16 19 30
04 07 11 13 22 23 26
03 04 09 14 19 27 30
06 10 12 15 17 22 24
04 08 12 13 21 23 25
02 06 07 17 23 24 27
05 07 10 13 19 22 30
02 06 12 14 17 27 28
03 09 10 12 17 24 31
01 04 12 13 17 29 30
01 08 09 17 20 24 27
04 05 13 15 20 21 28
01 02 09 15 24 26 29
05 10 13 17 18 21 22
03 07 11 18 20 21 26
01 05 13 14 15 28 30
02 08 12 13 16 25 30
03 06 08 19 20 21 29
05 07 12 14 20 23 25
01 04 08 15 20 28 30
02 06 10 14 17 27 30
02 06 08 19 20 25 26
08 10 12 13 17 20 26
02 06 15 18 20 22 23
01 06 12 17 22 23 25
01 03 04 16 24 28 30
03 09 13 16 17 22 26
09 10 13 16 17 19 22
04 05 07 14 22 25 29
02 04 13 15 21 24 27
02 08 09 17 18 22 30
01 04 14 16 21 23 27
02 03 16 18 20 23 24
01 04 13 15 22 23 28
03 10 12 15 16 22 28
03 06 12 13 20 25 27
01 06 11 16 17 24 31
02 08 15 16 19 21 25
02 12 13 14 17 18 30
01 02 15 16 19 25 28
06 08 11 12 17 24 28
03 09 12 15 21 22 24
02 05 09 11 18 30 31
04 05 10 18 21 23 25
01 03 10 19 20 25 28
04 06 14 15 16 22 29
01 03 06 19 22 25 30
05 06 13 15 21 22 24
03 09 12 14 18 20 30
01 09 10 15 20 23 28
02 03 05 16 21 28 31
03 04 09 19 20 23 28
05 09 10 12 15 24 31
05 06 11 15 18 21 30
03 07 08 11 19 28 30
01 05 14 18 20 23 25
04 05 10 11 20 27 29
02 03 11 12 24 25 29
01 02 09 14 23 28 29
01 02 06 21 24 25 27
03 08 13 16 18 21 27
04 07 10 12 23 24 26
04 06 10 14 17 27 28
02 03 09 14 21 28 29
01 03 08 19 21 24 30
03 11 12 14 17 19 30
03 07 12 13 17 26 28
03 04 10 16 22 23 28
06 08 14 15 16 22 25
03 06 09 13 18 28 29
04 08 11 14 16 23 30
02 04 13 17 18 24 28
03 06 11 18 19 20 29
04 06 07 16 21 24 28
02 06 15 16 17 22 28
02 12 13 15 17 21 26
03 04 06 10 24 28 31
02 08 09 14 18 24 31
02 04 07 18 19 27 29
07 10 11 16 18 20 24
01 03 13 17 18 26 28
05 10 11 12 18 19 31
06 08 13 15 20 21 23
03 08 13 17 18 19 28
03 11 12 16 18 21 25
04 08 09 13 18 24 30
04 07 13 16 20 22 24
04 06 09 18 19 22 28
02 05 10 14 23 24 28
02 05 06 10 26 27 30
03 09 10 12 16 25 31
02 04 14 15 16 24 31
04 07 14 15 17 21 28
01 10 13 14 17 22 29
04 07 10 13 23 24 25
01 02 07 19 20 26 31
03 04 06 10 26 27 30
05 11 12 14 18 20 26
03 04 12 17 18 21 31
07 10 12 13 14 22 28
05 10 12 15 17 18 29
04 07 10 17 18 19 31
02 04 06 15 24 25 30
02 06 14 15 20 22 27
02 04 14 17 19 20 30
03 09 10 13 16 25 30
02 05 07 19 22 25 26
03 09 13 14 20 21 26
05 06 09 12 23 25 26
04 05 12 14 16 25 30
01 08 09 16 17 27 28
04 05 06 11 24 26 30
01 04 11 17 20 25 28
01 09 15 18 19 20 24
01 02 07 18 24 26 28
03 04 10 18 19 22 30
03 06 13 17 19 22 26
02 03 12 18 20 24 27
01 04 13 15 22 25 26
03 05 10 16 20 23 29
05 07 10 19 20 22 23
07 08 09 16 18 21 27
07 08 12 14 17 18 30
02 04 14 15 16 26 29
03 06 11 12 21 25 28
01 12 13 15 16 19 30
02 09 10 13 17 26 29
04 07 09 14 19 23 30
07 09 10 16 20 21 23
02 08 10 12 15 29 30
05 08 09 10 22 24 28
08 09 13 16 18 19 23
03 04 16 19 20 21 23
02 03 08 21 23 24 25
01 08 09 10 24 26 28
06 10 12 14 17 22 25
03 04 12 16 19 22 30
01 08 09 17 20 23 28
03 05 12 16 18 22 30
02 09 13 15 16 25 26
02 08 09 17 18 21 31
01 03 12 16 22 24 28
02 03 06 18 22 26 29
02 12 13 15 16 18 30
02 04 05 19 22 24 30
04 07 14 16 19 20 26
10 11 14 15 16 19 21
01 02 06 18 19 29 31
03 05 10 16 17 25 30
04 08 09 17 19 22 27
03 06 12 15 17 26 27
02 04 12 14 18 25 31
07 09 12 17 18 19 24
02 07 14 16 20 22 25
03 08 09 16 19 20 31
06 09 11 14 16 20 30
03 04 14 15 20 23 27
03 10 11 14 16 23 29
01 04 13 14 18 26 30
02 06 12 15 17 26 28
01 03 08 17 23 24 30
05 06 07 10 21 26 31
03 05 12 16 19 25 26
08 10 11 12 15 23 27
04 06 07 14 21 24 30
02 03 07 15 23 26 30
03 09 13 14 16 22 29
02 07 08 09 21 28 31
04 08 14 16 17 20 27
02 09 13 17 18 20 27
02 09 10 14 16 24 31
02 06 12 16 17 25 28
01 05 08 17 18 28 29
03 05 11 16 18 22 31
06 09 10 15 17 22 27
04 07 12 13 19 22 29
03 06 08 17 20 22 30
02 06 08 14 21 26 29
01 07 12 14 19 22 31
01 02 11 16 23 24 29
01 06 12 16 19 25 27
04 09 11 12 18 22 30
01 06 08 12 24 27 28
02 05 11 15 17 26 30
01 12 13 16 18 21 25
01 05 12 16 19 22 31
04 08 10 13 20 22 29
07 08 11 15 20 22 23
05 06 08 11 19 28 29
01 02 15 16 19 22 31
04 10 13 14 17 20 28
01 02 08 14 24 27 30
01 12 13 15 17 22 26
06 07 08 15 16 26 28
03 05 10 14 19 25 30
04 06 09 12 21 25 29
06 07 08 16 17 25 27
01 07 10 12 16 29 31
08 10 11 14 16 19 28
06 07 11 12 19 21 30
02 06 10 19 20 24 25
03 08 10 15 19 22 29
01 04 08 09 24 29 31
01 04 08 11 25 28 29
03 07 09 12 14 30 31
01 03 14 16 21 22 29
05 06 07 12 20 27 29
03 04 14 15 20 22 28
01 08 11 16 17 22 31
01 06 09 19 22 24 25
02 04 13 16 18 23 30
02 09 11 16 17 21 30
04 10 13 16 18 21 24
01 02 03 21 24 26 29
01 05 17 18 20 22 23
06 08 12 13 20 23 24
05 06 12 13 15 24 31
04 07 12 17 19 22 25
03 04 09 18 19 23 30
03 07 11 18 21 22 24
01 12 14 15 16 23 25
01 05 13 16 19 22 30
03 04 06 15 21 26 31
01 02 09 16 23 24 31
01 06 13 19 20 23 24
02 05 06 17 20 26 30
04 08 09 15 21 24 25
02 04 14 15 21 23 27
01 03 04 22 23 26 27
05 08 09 10 18 25 31
02 05 10 15 17 26 31
02 05 06 17 21 26 29
05 08 14 15 17 20 27
04 05 11 18 20 21 27
02 04 06 15 23 25 31
06 09 10 17 19 21 24
02 04 09 13 22 25 31
05 06 10 15 17 25 28
01 03 08 14 22 27 31
02 03 07 13 26 27 28
05 07 10 15 18 25 26
04 05 08 11 22 25 31
02 09 13 14 20 22 26
01 06 08 13 18 29 31
03 04 05 15 22 26 31
07 11 14 15 16 21 22
01 02 09 20 23 25 26
03 07 09 10 22 26 29
03 12 14 15 16 21 25
03 07 12 14 19 21 30
03 04 07 12 24 27 29
01 07 10 11 23 26 28
01 05 07 14 18 30 31
04 07 12 14 19 23 27
03 07 14 15 20 23 24
07 08 14 15 17 21 24
04 08 11 14 15 25 29
04 10 12 15 16 20 29
01 05 06 14 24 26 30
08 12 14 16 17 18 21
02 04 13 17 19 20 31
01 02 05 15 26 27 30
01 03 15 16 19 22 30
02 03 06 18 20 28 29
02 04 10 15 23 24 28
02 08 09 11 17 29 30
01 07 13 14 20 22 29
01 05 14 18 21 23 24
07 08 11 13 14 22 31
06 07 12 13 15 26 27
02 09 11 12 15 26 31
01 02 11 16 17 28 31
05 10 12 13 17 24 25
06 10 11 13 15 23 28
02 04 11 15 19 24 31
02 04 08 09 23 29 31
02 05 15 16 19 22 27
04 09 10 17 21 22 23
02 03 12 15 20 26 28
03 06 12 16 19 22 28
01 06 13 15 21 24 26
03 06 07 17 22 24 27
01 06 08 09 21 30 31
04 05 10 14 16 26 31
05 06 09 15 22 23 26
02 07 08 15 17 28 29
04 07 14 15 16 24 26
03 07 12 13 16 26 29
02 04 09 16 21 23 31
05 08 12 13 16 21 31
01 04 07 11 26 27 30
03 04 06 19 21 22 31
01 05 06 16 23 26 29
03 08 10 16 17 21 31
03 09 11 12 19 24 28
02 10 11 16 18 24 25
02 06 12 17 19 24 26
01 06 11 14 23 24 27
04 05 06 12 23 26 30
07 10 11 16 19 20 23
04 10 12 13 19 23 25
01 03 16 19 20 22 25
05 10 11 14 18 21 27
02 11 13 14 17 20 29
08 10 12 15 18 19 24
01 12 13 15 16 24 25
03 06 14 17 21 22 23
05 07 10 16 19 20 29
01 05 06 20 21 24 29
05 07 10 15 20 23 26
01 08 11 16 19 20 31
02 05 06 10 25 27 31
02 06 15 16 19 20 28
02 03 13 17 22 24 25
02 05 14 15 16 25 29
04 07 11 14 17 25 28
02 06 11 16 17 24 30
05 06 09 11 20 25 30
04 08 10 13 15 25 31
02 04 15 16 22 23 24
01 02 11 15 24 26 27
04 08 13 14 15 22 30
01 06 10 12 17 29 31
05 08 09 12 19 24 29
02 05 09 13 22 24 31
03 04 12 15 22 24 26
02 03 10 15 18 27 31
02 06 08 15 20 26 29
07 09 12 14 19 20 25
06 07 09 12 21 25 26
03 05 08 17 18 27 28
06 07 09 14 20 21 29
02 10 15 16 18 19 26
05 06 12 16 19 21 27
01 03 04 19 20 28 31
01 05 07 21 22 24 26
06 08 11 15 18 21 27
01 03 07 22 23 24 26
05 06 12 19 20 21 23
02 03 11 18 20 25 27
02 05 12 16 20 24 27
02 06 12 16 19 24 27
05 06 11 16 19 21 28
04 06 10 14 20 23 29
01 06 08 17 20 23 31
04 05 09 15 20 23 30
06 08 11 12 21 23 25
06 07 09 17 21 22 24
02 05 11 18 19 25 26
04 06 13 16 18 19 30
01 03 12 15 24 25 26
08 09 11 12 13 25 28
01 06 10 15 16 28 30
03 06 15 16 17 22 27
04 05 10 14 23 24 26
01 08 12 14 22 23 26
02 05 07 20 21 23 28
03 05 14 19 20 22 23
02 09 10 16 22 23 24
04 08 11 16 17 22 28
01 02 03 22 24 25 29
03 05 11 14 18 25 30
03 10 11 14 15 24 29
03 04 07 11 22 29 30
03 04 08 18 19 23 31
02 06 07 15 22 25 29
02 03 09 16 21 24 31
06 07 10 12 16 24 31
01 09 12 13 14 28 29
02 11 15 16 17 19 26
03 05 11 12 19 26 30
06 10 14 17 18 20 21
04 07 12 14 18 21 30
04 06 09 16 20 21 30
03 04 06 18 20 24 31
01 04 11 18 20 23 29
01 02 09 20 23 24 27
02 04 09 12 18 30 31
06 08 10 11 19 23 29
02 05 11 17 18 26 27
02 07 08 13 23 25 28
02 06 07 10 22 29 30
03 06 11 13 18 25 30
05 08 10 14 15 25 29
01 04 13 17 20 22 29
04 05 11 12 15 29 30
06 07 12 16 17 18 30
01 05 06 16 21 28 29
04 06 07 14 22 23 30
01 02 08 19 21 24 31
03 06 13 14 19 22 29
07 09 10 11 16 23 30
01 04 06 16 20 28 31
05 10 13 15 19 20 24
02 07 12 13 20 24 28
04 07 11 13 16 24 31
01 06 09 17 20 24 29
01 03 06 21 23 24 28
01 06 15 17 21 22 24
01 05 11 12 19 28 30
04 09 10 14 17 21 31
04 09 12 16 19 21 25
06 07 10 13 20 24 26
03 10 13 15 18 23 24
06 10 11 12 18 24 25
05 08 11 13 16 23 30
06 07 10 15 19 20 29
02 03 09 19 22 24 27
05 06 09 10 16 29 31
03 04 11 19 20 21 28
02 07 12 13 19 24 29
03 06 09 13 22 26 27
05 08 09 11 18 26 29
08 09 11 12 15 21 30
01 04 12 17 21 23 28
01 07 15 16 21 22 24
03 06 08 09 24 26 30
06 07 11 14 19 22 27
03 07 10 14 22 24 26
05 07 15 17 18 20 24
01 07 12 16 19 20 31
01 05 15 16 19 24 26
02 10 11 17 18 23 25
01 03 11 19 20 24 28
07 08 09 12 16 26 28
01 10 13 14 19 24 25
01 03 08 14 21 29 30
03 07 12 14 16 23 31
02 05 11 17 18 22 31
02 07 08 17 20 23 29
02 05 08 10 22 29 30
06 11 12 14 15 23 25
04 06 11 13 19 22 31
01 06 08 09 22 29 31
03 11 13 16 17 22 24
05 08 11 12 20 23 27
05 06 11 17 21 22 24
04 05 12 15 16 25 29
03 08 10 15 18 23 29
09 10 11 13 16 23 24
02 05 09 10 23 27 30
01 03 08 17 22 24 31
01 08 14 15 18 19 31
01 03 08 15 22 27 30
01 05 10 14 20 27 29
02 04 15 16 19 24 26
03 08 10 14 18 24 29
07 12 13 14 16 21 23
01 08 14 17 18 19 29
02 07 11 17 19 24 26
02 04 12 19 20 23 26
03 08 13 15 17 22 28
01 02 05 22 23 24 29
01 05 08 16 20 25 31
03 08 12 14 18 24 27
03 04 08 12 23 25 31
01 06 08 14 24 26 27
06 08 09 10 16 26 31
03 08 09 14 20 22 30
07 08 12 15 17 18 29
02 06 09 13 15 30 31
02 09 10 13 19 25 28
03 08 10 17 18 21 29
02 03 10 18 19 24 30
05 06 13 15 18 21 28
05 09 14 16 19 21 22
02 03 08 16 22 24 31
03 04 12 18 20 22 27
02 03 09 16 19 27 30
02 12 13 16 17 22 24
01 02 15 18 19 25 26
01 09 11 12 23 24 26
03 10 11 12 18 25 27
01 02 14 16 17 27 29
04 09 11 12 15 25 30
02 04 12 17 18 23 30
01 07 13 18 20 21 26
03 06 07 15 20 25 30
03 06 07 18 22 23 27
02 03 07 12 25 26 31
03 04 06 14 20 28 31
02 05 06 19 21 23 30
06 09 12 13 15 20 31
02 05 13 14 21 22 29
04 07 09 13 20 22 31
07 08 10 13 17 22 29
01 05 12 15 16 27 30
03 05 11 14 19 24 30
01 04 07 13 23 28 30
03 08 12 14 16 23 30
06 08 12 14 15 25 26
01 03 14 19 20 24 25
04 09 10 14 20 23 26
09 11 12 13 15 16 30
01 08 09 12 20 26 30
02 09 10 15 20 24 26
03 09 11 14 20 24 25
04 09 12 14 17 23 27
02 05 14 18 20 23 24
04 05 10 15 18 26 28
03 07 12 16 19 22 27
06 07 10 15 17 24 27
02 07 10 14 22 25 26
03 10 12 18 19 20 24
02 05 10 15 23 24 27
04 08 10 12 19 22 31
04 06 10 16 17 23 30
03 07 08 10 21 28 29
02 09 11 14 16 24 30
09 10 12 13 14 20 28
07 09 11 13 18 20 28
02 03 04 18 23 26 30
05 10 12 13 18 19 29
04 09 10 18 19 20 26
04 07 10 17 19 24 25
03 06 11 15 18 23 30
02 03 12 14 18 27 30
03 04 05 14 21 28 31
03 04 11 16 23 24 25
02 04 06 21 22 23 28
02 04 13 15 21 23 28
02 06 08 12 23 26 29
05 06 10 16 18 23 28
02 05 06 13 19 30 31
01 10 13 14 16 23 29
07 11 13 14 16 22 23
03 05 12 15 16 24 31
02 05 13 18 19 20 29
07 08 10 14 15 24 28
01 03 08 17 20 26 31
04 07 12 13 15 24 31
04 11 14 16 17 18 26
02 04 14 15 19 25 27
05 09 10 12 19 24 27
01 08 10 13 17 28 29
01 03 04 11 28 29 30
02 05 06 13 24 26 30
06 07 09 14 20 24 26
02 03 06 10 27 28 30
02 08 10 15 16 27 28
03 07 10 12 19 26 29
03 04 06 15 23 24 31
05 09 10 13 20 21 28
06 08 10 15 18 24 25
06 11 12 14 16 18 29
01 08 09 11 23 26 28
03 07 11 15 18 22 30
03 07 09 12 21 24 30
02 05 16 18 19 21 25
02 08 10 13 17 26 30
03 07 14 15 21 22 24
02 05 16 17 21 22 23
04 05 10 11 18 28 30
02 06 08 18 21 24 27
03 06 13 14 16 26 28
01 05 07 17 18 28 30
06 10 12 17 18 20 23
02 05 07 17 20 26 29
01 05 07 16 24 26 27
03 04 12 16 18 23 30
03 05 09 12 21 26 30
02 04 08 17 22 26 27
04 08 11 16 18 22 27
04 09 11 16 17 20 29
02 05 08 19 20 25 27
03 04 12 13 20 26 28
01 06 13 17 19 20 30
05 11 12 14 17 21 26
06 08 10 15 19 22 26
02 06 09 11 22 25 31
02 11 12 15 17 18 31
01 02 03 15 27 28 30
06 10 13 14 17 20 26
02 04 06 19 21 26 28
01 09 13 16 18 21 28
01 05 10 14 23 24 29
06 07 08 16 20 23 26
03 04 11 15 20 25 28
02 06 13 16 18 25 26
03 08 11 13 16 24 31
02 03 04 15 23 29 30
02 08 10 13 23 24 26
03 06 07 12 20 28 30
05 12 13 14 16 21 25
02 03 04 18 21 27 31
01 09 11 16 18 21 30
04 09 12 13 19 22 27
03 10 14 15 17 22 25
03 05 09 10 21 28 30
04 09 12 14 15 21 31
04 05 07 12 25 26 27
05 07 13 14 21 22 24
01 02 11 14 23 26 29
03 04 12 13 22 25 27
04 06 13 14 18 21 30
02 08 11 15 19 20 31
02 07 08 10 22 26 31
01 09 11 12 18 25 30
02 07 10 13 22 24 28
02 09 12 14 15 23 31
04 08 09 10 21 24 30
02 04 07 17 21 25 30
04 08 13 15 18 23 25
03 07 08 15 18 27 28
04 05 09 14 15 29 30
07 09 10 11 18 23 28
01 03 14 18 19 21 30
03 08 10 14 21 24 26
02 06 12 14 20 23 29
06 07 12 14 16 25 26
02 05 07 14 25 26 27
02 11 12 13 18 24 26
02 08 10 18 19 23 26
04 08 09 11 21 23 30
02 03 14 19 20 23 25
06 09 12 16 17 18 28
01 06 14 18 20 22 25
02 04 13 19 20 23 25
01 05 09 15 22 24 30
05 06 11 12 17 26 29
02 03 11 16 21 24 29
02 09 10 14 15 27 29
03 06 12 13 19 24 29
06 10 11 13 19 20 27
04 08 10 11 22 25 26
05 08 10 14 18 20 31
01 05 10 12 18 29 31
02 06 07 11 19 30 31
04 07 12 16 17 20 30
04 07 11 17 18 19 30
02 04 05 17 20 27 31
01 11 12 14 16 23 29
04 07 11 16 18 24 26
02 04 07 14 23 25 31
05 08 09 16 18 21 29
05 07 14 15 17 18 30
08 09 11 14 16 20 28
02 05 11 12 19 26 31
03 04 06 14 19 29 31
03 04 10 18 19 23 29
02 05 08 09 26 27 29
02 04 07 14 20 29 30
04 09 13 15 19 22 24
02 07 12 15 18 24 28
02 03 16 17 21 23 24
02 08 11 16 20 24 25
01 07 08 18 21 25 26
02 08 10 14 19 22 31
03 09 10 15 16 22 31
02 06 13 16 20 24 25
07 10 12 15 17 19 26
02 04 06 16 22 25 31
01 03 08 19 23 24 28
07 08 09 18 19 22 23
03 04 13 18 19 20 29
01 13 14 17 18 20 23
02 07 08 11 23 25 30
02 10 11 14 19 23 27
05 10 13 15 17 20 26
01 03 06 15 24 26 31
09 10 11 13 16 18 29
02 06 10 19 21 23 25
07 09 11 12 16 25 26
03 04 10 12 19 28 30
02 04 13 15 19 22 31
03 04 11 16 18 23 31
07 08 12 13 17 19 30
02 07 12 13 15 26 31
01 13 14 16 17 21 24
02 06 10 18 21 24 25
05 06 07 10 22 25 31
02 03 13 14 19 25 30
06 09 11 13 20 23 24
02 08 09 12 22 26 27
01 07 09 16 22 25 26
01 05 08 16 19 28 29
02 07 14 17 18 22 26
04 08 09 13 20 23 29
03 04 14 19 20 21 25
03 06 09 14 21 23 30
05 10 11 14 18 23 25
05 08 10 15 17 22 29
04 07 11 18 21 22 23
02 10 15 16 18 22 23
06 09 10 12 18 25 26
01 02 05 12 27 28 31
02 09 11 15 17 22 30
05 11 12 14 16 21 27
03 04 13 18 20 23 25
02 04 08 13 22 27 30
06 07 08 11 22 24 28
01 07 10 19 22 23 24
01 13 14 15 18 20 25
08 09 11 13 18 23 24
02 04 08 13 23 26 30
01 04 08 17 24 25 27
01 02 14 18 19 21 31
03 05 08 09 25 26 30
03 07 10 15 20 24 27
03 04 10 18 21 23 27
03 08 10 13 15 27 30
04 08 14 16 19 21 24
03 04 06 13 23 27 30
02 08 12 17 19 22 26
02 05 06 11 22 29 31
03 08 10 11 19 27 28
01 02 07 18 19 28 31
02 11 15 16 19 20 23
03 05 13 16 18 23 28
01 02 06 20 23 25 29
05 09 10 14 20 23 25
02 06 07 08 22 30 31
01 05 10 14 19 28 29
05 08 09 18 21 22 23
03 08 12 13 16 24 30
01 07 10 13 22 24 29
01 07 10 14 20 26 28
03 07 09 17 20 22 28
02 05 07 18 20 26 28
01 04 09 16 19 26 31
04 07 12 14 15 24 30
06 09 10 16 18 20 27
01 03 06 10 27 28 31
04 07 09 17 21 22 26
07 10 11 16 18 21 23
05 08 10 13 19 22 29
03 04 10 15 21 25 28
01 02 13 14 18 27 31
02 03 14 17 18 21 31
03 09 10 15 18 20 31
04 07 10 12 16 26 31
04 07 11 15 22 23 24
02 03 09 11 24 26 31
04 06 11 12 14 28 31
06 09 10 15 20 22 24
04 07 14 16 19 22 24
03 05 12 14 15 27 30
01 03 10 18 19 26 29
02 06 13 17 21 22 25
01 06 08 10 25 26 30
03 04 12 16 17 24 30
02 07 13 17 18 23 26
01 07 12 14 16 27 29
04 06 09 14 20 22 31
09 12 13 16 17 19 20
02 04 07 15 24 25 29
03 04 07 10 25 27 30
04 09 11 13 14 25 30
01 06 08 19 20 21 31
02 07 09 19 20 23 26
07 08 10 12 13 25 31
05 07 09 17 18 22 28
02 07 11 14 23 24 25
01 05 12 14 17 27 30
02 09 13 16 19 22 25
01 02 08 10 26 29 30
01 08 09 17 18 24 29
01 07 12 13 23 24 26
06 09 10 12 15 26 28
03 05 06 10 23 29 30
01 02 13 15 18 26 31
07 08 12 15 20 21 23
05 08 10 13 15 27 28
02 03 10 19 20 25 27
03 05 06 17 22 23 30
04 07 08 14 21 25 27
06 10 11 14 17 19 29
03 11 12 14 17 24 25
04 07 11 12 19 22 31
04 06 11 12 13 29 31
01 05 13 18 19 20 30
02 07 10 12 19 25 31
01 08 12 14 19 21 31
06 07 11 14 19 20 29
03 06 12 13 21 24 27
01 04 11 18 19 23 30
03 04 07 12 19 30 31
09 12 13 14 18 19 21
03 04 11 18 21 22 27
02 05 11 15 16 28 29
02 04 07 10 24 28 31
01 06 11 14 21 25 28
03 05 13 14 22 23 26
01 02 06 16 25 27 29
01 08 12 14 20 25 26
03 07 10 11 22 24 29
02 10 14 15 16 23 26
03 09 12 15 18 20 29
04 06 09 16 20 24 27
05 08 10 16 17 22 28
07 08 10 16 20 21 24
06 09 11 14 16 22 28
02 07 14 16 19 22 26
02 06 10 13 20 27 28
02 11 13 15 16 18 31
01 02 05 16 22 29 31
01 04 16 19 21 22 23
06 11 14 16 17 18 24
04 07 10 12 17 25 31
01 06 10 18 19 22 30
01 04 07 18 22 26 28
01 08 09 13 18 26 31
02 06 07 17 23 25 26
01 04 10 15 23 25 28
05 10 13 17 19 20 22
08 12 13 16 18 19 20
02 06 09 14 19 26 30
03 08 09 12 19 24 31
02 04 08 14 23 27 28
01 05 06 17 20 26 31
04 05 12 18 20 21 26
02 12 13 15 19 21 24
06 07 12 13 14 23 31
01 06 10 11 23 27 28
03 04 14 15 19 21 30
01 04 12 16 21 23 29
03 04 13 15 20 25 26
01 08 15 17 18 19 28
05 06 08 15 20 25 27
06 09 10 12 13 25 31
04 07 08 16 17 26 28
02 03 08 15 19 29 30
02 03 09 15 22 24 31
01 03 05 19 22 26 30
06 07 08 12 20 25 28
03 10 12 14 18 24 25
06 07 09 10 21 24 29
06 09 11 12 14 26 28
04 07 12 15 19 24 25
02 03 07 15 24 25 30
06 08 09 11 22 24 26
03 07 10 15 18 23 30
04 09 10 18 20 22 23
06 07 12 14 17 23 27
01 05 12 18 21 23 26
04 06 11 13 18 23 31
03 07 12 16 17 25 26
02 07 08 12 22 26 29
04 06 10 16 19 24 27
09 10 12 13 16 22 24
02 05 16 18 20 21 24
01 06 07 14 25 26 27
02 07 09 14 22 24 28
01 06 09 15 18 28 29
01 02 08 14 23 27 31
07 08 14 16 17 20 24
01 11 12 14 17 23 28
01 03 10 18 21 26 27
01 07 10 15 20 24 29
04 06 09 16 19 23 29
01 08 13 15 20 22 27
03 06 09 14 21 22 31
02 08 11 13 19 24 29
02 03 13 15 18 24 31
02 06 11 14 21 23 29
05 06 10 15 19 20 31
03 09 12 14 19 22 27
05 08 11 14 16 24 28
05 06 10 12 13 29 31
02 06 07 17 21 25 28
03 05 10 11 23 26 28
05 11 12 14 16 20 28
02 07 08 11 24 26 28
02 03 06 17 20 28 30
02 04 07 13 19 30 31
02 04 13 17 20 21 29
05 08 10 11 22 23 27
01 02 08 15 23 27 30
01 04 07 16 22 27 29
07 08 10 11 13 28 29
04 10 13 17 18 20 24
01 04 08 15 21 28 29
02 05 13 17 22 23 24
03 09 11 14 18 22 29
02 05 08 11 20 29 31
05 08 09 12 13 28 31
02 12 13 15 18 20 26
05 10 12 17 19 20 23
02 04 10 17 19 24 30
03 08 11 14 19 23 28
03 06 08 13 21 26 29
01 02 04 19 21 28 31
03 05 06 18 20 26 28
03 04 06 09 25 29 30
06 08 09 13 16 23 31
03 07 11 12 18 24 31
07 11 12 14 16 17 29
01 08 15 16 17 22 27
07 08 12 14 20 22 23
01 06 09 11 25 26 28
02 06 14 15 18 25 26
01 06 08 13 23 27 28
04 07 09 17 19 24 26
04 07 09 10 17 29 30
04 10 13 14 19 21 25
05 12 14 16 18 20 21
05 08 12 13 19 20 29
02 03 05 11 27 28 30
02 03 06 10 25 29 31
01 03 12 15 23 24 28
01 09 11 13 14 28 30
03 11 13 14 15 22 28
01 05 14 16 20 21 29
04 05 10 11 21 26 29
05 08 10 12 16 27 28
07 08 09 15 18 19 30
01 02 06 15 23 29 30
03 05 12 13 18 24 31
02 05 07 12 23 26 31
02 03 06 13 24 27 31
02 13 15 16 19 20 21
04 08 10 14 15 25 30
06 07 08 17 19 20 29
05 10 13 14 19 21 24
03 04 11 14 20 25 29
03 08 10 13 19 24 29
03 05 08 13 20 27 30
02 03 09 18 19 27 28
05 06 08 18 20 23 26
01 04 09 13 20 28 31
03 05 06 18 21 25 28
02 04 06 14 19 30 31
01 04 05 15 25 26 30
02 04 11 16 18 24 31
01 05 14 16 22 23 25
02 05 07 12 21 28 31
01 06 09 11 22 27 30
04 05 14 15 16 22 30
02 04 09 10 24 26 31
07 11 13 14 18 21 22
03 04 11 12 22 26 28
02 03 10 17 18 26 30
07 10 13 15 19 20 22
04 09 10 12 21 23 27
03 05 11 14 22 24 27
06 10 12 15 19 20 24
04 06 10 15 16 26 29
01 08 13 19 20 21 24
02 05 09 11 23 26 30
02 05 09 14 20 27 29
02 04 13 18 19 20 30
02 10 11 16 17 19 31
01 06 15 16 19 21 28
04 09 10 13 20 24 26
02 04 06 17 21 27 29
02 05 08 17 19 27 28
04 05 09 11 24 25 28
05 07 08 15 16 27 28
06 07 08 10 18 27 30
01 02 06 19 22 25 31
02 03 06 09 25 30 31
01 08 09 16 21 23 28
01 06 09 18 19 26 27
03 04 13 17 18 21 30
01 02 04 17 22 29 31
01 04 13 19 20 23 26
03 11 12 17 19 20 24
06 08 10 11 17 23 31
03 08 10 14 17 24 30
03 04 10 14 18 26 31
02 12 14 16 19 20 23
02 04 12 13 19 25 31
04 08 10 13 19 21 31
04 11 12 13 17 18 31
03 04 13 17 20 24 25
01 07 12 16 17 24 29
02 06 08 14 21 24 31
04 07 08 16 20 24 27
09 10 12 16 17 19 23
05 06 08 10 20 26 31
06 08 10 14 21 23 24
02 05 08 14 23 24 30
02 11 13 15 16 19 30
02 03 07 12 24 28 30
04 06 07 10 22 26 31
06 08 10 15 16 22 29
03 06 10 13 15 29 30
02 04 14 17 19 24 26
02 03 10 17 21 24 29
01 05 06 07 26 30 31
04 07 10 14 15 25 31
04 05 09 10 22 25 31
03 08 09 13 18 24 31
04 08 12 13 14 27 28
05 09 11 12 16 23 30
01 04 10 18 20 26 27
01 04 13 18 20 23 27
06 08 11 15 18 23 25
06 08 10 16 19 20 27
01 06 09 13 20 27 30
01 04 13 15 23 24 26
04 08 14 15 16 18 31
04 05 12 13 15 26 31
03 09 11 12 20 24 27
03 08 12 13 14 26 30
07 08 10 14 15 25 27
06 08 11 13 15 25 28
01 06 08 11 22 27 31
02 03 08 18 20 26 29
05 08 10 12 18 26 27
03 08 13 14 17 21 30
05 07 13 15 18 20 28
07 08 11 13 20 22 25
02 04 11 13 19 28 29
01 04 05 15 24 27 30
03 05 11 16 20 22 29
04 10 14 15 17 20 26
01 06 07 19 21 22 30
04 06 07 16 17 26 30
03 10 12 16 18 20 27
05 08 09 17 18 22 27
02 04 06 18 21 26 29
04 06 10 16 17 24 29
04 10 12 16 18 21 25
08 10 11 13 17 21 26
01 05 09 14 22 25 30
07 10 14 17 18 19 21
03 09 10 13 15 26 30
02 05 06 16 23 26 28
02 03 09 16 22 25 29
04 06 11 14 17 24 30
01 08 13 15 19 20 30
02 09 12 14 18 20 31
05 07 15 18 19 20 22
02 06 09 15 21 24 29
02 03 10 16 22 24 29
02 06 08 16 22 23 29
02 07 14 18 20 22 23
06 11 12 15 17 21 24
03 05 12 17 18 20 31
03 09 12 14 19 21 28
06 08 10 13 21 23 25
03 04 05 18 21 25 30
01 07 08 14 24 25 27
02 03 10 12 25 26 28
02 09 12 15 18 19 31
02 05 11 16 17 25 30
05 10 12 13 17 18 31
06 08 11 13 15 23 30
02 07 08 18 22 24 25
01 06 14 15 19 22 29
02 08 13 16 20 23 24
01 06 09 15 24 25 26
03 05 08 14 22 24 30
03 05 12 14 20 24 28
09 10 11 13 17 20 26
04 05 08 18 20 21 30
02 03 10 19 23 24 25
02 07 14 16 17 22 28
01 02 04 11 28 29 31
02 08 09 14 21 22 30
02 05 15 16 19 21 28
04 08 10 14 17 22 31
04 08 10 16 18 21 29
09 10 13 15 17 20 22
01 05 12 14 21 26 27
03 06 08 10 25 26 28
03 08 10 16 19 20 30
03 08 12 16 19 22 26
02 05 08 14 22 24 31
04 07 12 17 19 23 24
02 07 12 13 14 28 30
05 06 07 09 22 28 29
02 08 09 15 20 24 28
05 07 11 12 13 28 30
01 07 14 15 22 23 24
02 03 07 19 20 24 31
04 07 08 10 16 30 31
02 08 12 13 14 27 30
01 05 14 16 17 26 27
02 03 05 21 22 24 29
04 07 10 12 19 23 31
04 09 11 17 20 22 23
05 07 09 19 20 22 24
03 04 08 12 24 25 30
04 05 10 17 19 22 29
02 04 10 18 19 22 31
05 07 09 12 20 26 27
02 09 11 12 17 25 30
01 03 04 20 23 27 28
01 06 10 13 19 27 30
01 03 10 14 21 28 29
05 07 15 16 17 22 24
06 10 13 14 18 22 23
01 07 10 13 16 29 30
02 11 12 14 15 23 29
02 05 15 16 17 22 29
06 07 12 14 19 21 27
02 03 05 18 23 24 31
06 10 14 16 17 20 23
02 07 08 10 23 26 30
01 02 12 15 19 26 31
06 07 12 14 16 22 29
01 04 05 18 23 24 31
04 06 07 17 20 21 31
02 04 12 16 17 24 31
03 04 11 14 18 25 31
07 08 10 15 17 20 29
03 07 11 18 20 23 24
02 06 11 18 21 23 25
02 08 15 18 19 21 23
04 09 11 12 16 23 31
01 08 11 13 22 24 27
02 05 11 15 16 27 30
01 03 06 14 24 27 31
03 06 08 11 21 27 30
02 03 09 16 19 28 29
01 03 12 16 21 24 29
01 07 08 19 20 21 30
05 07 10 17 18 24 25
03 06 11 14 15 26 31
03 04 16 18 20 21 24
01 02 04 22 23 26 28
02 07 10 16 19 23 29
08 10 12 13 16 23 24
04 07 10 13 22 24 26
02 08 13 15 18 23 27
03 08 09 11 16 28 31
05 07 10 14 20 21 29
01 02 09 16 24 25 29
03 08 09 12 18 26 30
02 09 13 14 17 21 30
01 02 07 09 28 29 30
07 09 10 17 18 19 26
01 07 11 16 18 23 30
03 05 11 12 18 26 31
04 07 10 17 18 24 26
04 06 11 12 18 27 28
03 06 08 20 21 23 25
02 09 14 15 17 24 25
01 03 14 16 20 23 29
02 04 06 11 23 29 31
05 08 11 16 18 23 25
01 02 09 17 20 26 31
03 10 14 17 18 20 24
03 04 12 14 16 27 30
05 06 07 17 22 24 25
01 05 14 15 18 24 29
01 04 05 13 25 28 30
06 08 11 14 18 20 29
04 08 12 13 20 22 27
06 09 11 12 15 26 27
03 04 07 13 20 28 31
06 07 08 12 16 27 30
04 07 10 18 20 22 25
03 11 13 14 18 21 26
03 07 08 13 18 26 31
03 05 13 16 18 21 30
01 04 11 13 23 26 28
03 04 08 11 22 27 31
04 07 08 11 18 27 31
03 09 12 13 14 26 29
02 06 10 14 22 23 29
05 07 10 16 19 22 27
01 02 05 18 25 26 29
01 03 14 16 17 24 31
03 04 05 16 21 26 31
01 05 06 18 21 25 30
01 06 14 15 17 26 27
03 06 11 16 18 24 28
02 05 08 12 23 26 30
02 03 07 18 21 25 30
02 03 05 21 24 25 26
01 08 14 15 20 22 26
07 08 10 13 15 23 30
05 08 14 15 16 18 30
01 06 13 17 18 21 30
03 04 15 18 21 22 23
05 09 12 15 17 20 28
02 03 04 18 24 27 28
02 04 08 12 24 25 31
02 04 07 13 23 26 31
03 08 12 13 21 24 25
06 08 11 12 13 25 31
01 12 15 17 18 20 23
04 07 11 12 21 23 28
02 07 09 12 20 26 30
01 04 05 14 23 29 30
01 04 08 11 22 29 31
01 05 10 13 23 26 28
03 04 10 12 19 27 31
06 07 11 16 19 22 25
05 06 12 18 19 20 26
06 08 11 12 18 24 27
08 12 13 14 16 20 23
03 07 12 13 14 26 31
04 08 10 15 18 24 27
04 08 10 18 19 23 24
03 06 14 16 18 23 26
01 04 12 15 19 26 29
08 09 13 15 19 20 22
02 03 09 17 21 24 30
04 06 09 12 19 26 30
08 09 10 13 19 23 24
03 04 11 16 22 23 27
03 06 09 17 20 22 29
01 02 05 18 23 27 30
04 05 10 14 21 23 29
02 06 12 15 19 22 30
02 03 08 19 22 24 28
02 06 13 14 19 21 31
06 10 13 14 15 17 31
01 06 08 16 21 24 30
08 10 12 13 14 19 30
03 07 11 14 20 22 29
01 08 14 15 19 20 29
05 07 10 16 17 21 30
08 09 11 15 17 18 28
04 05 08 10 24 25 30
02 04 09 12 21 27 31
02 05 14 16 18 25 26
01 02 07 12 25 29 30
04 07 09 19 20 23 24
04 11 14 16 18 20 23
02 06 10 12 18 27 31
05 06 12 13 16 26 28
09 10 12 14 15 18 28
01 06 09 12 24 26 28
03 07 12 19 20 21 24
04 06 12 18 20 21 25
03 08 12 14 16 22 31
03 04 10 19 20 22 28
06 10 12 13 18 19 28
01 05 07 17 20 26 30
02 04 09 15 21 24 31
03 09 10 12 22 24 26
01 09 14 15 19 20 28
03 07 11 14 18 23 30
01 05 08 18 19 25 30
01 10 12 15 18 19 31
02 04 12 13 19 27 29
06 07 08 13 17 27 28
04 05 07 13 22 24 31
01 07 12 13 20 25 28
03 04 07 16 20 26 30
02 05 13 14 20 25 27
04 05 06 10 25 26 30
03 06 13 15 18 23 28
05 11 14 16 18 20 22
02 03 15 19 20 23 24
02 04 10 14 19 26 31
10 11 13 14 16 19 23
04 08 10 11 20 26 27
02 03 12 16 21 25 27
01 08 11 14 21 25 26
08 11 13 14 16 18 26
04 05 12 15 17 26 27
03 06 12 13 17 24 31
01 02 08 19 23 25 28
02 05 06 19 23 25 26
05 08 12 14 17 22 28
04 09 12 13 18 19 31
03 06 09 10 23 25 30
09 10 11 16 18 19 23
03 06 10 17 20 21 29
05 10 12 14 16 22 27
05 07 10 12 13 29 30
02 08 10 12 19 25 30
02 05 06 21 23 24 25
02 05 07 14 20 27 31
03 07 10 16 18 22 30
06 07 12 14 18 21 28
05 07 09 16 20 22 27
04 08 10 12 13 29 30
02 11 13 15 18 21 26
02 09 13 14 18 21 29
02 06 11 13 15 29 30
03 06 11 14 19 22 31
01 09 14 15 20 23 24
05 08 12 13 17 21 30
02 04 07 15 23 25 30
09 11 13 14 16 21 22
02 06 12 13 20 24 29
01 04 15 16 17 26 27
02 05 12 14 16 26 31
03 08 10 15 19 20 31
07 08 09 12 13 27 30
04 08 10 13 17 23 31
01 08 12 16 22 23 24
02 07 10 12 23 24 28
06 07 09 16 17 20 31
05 12 13 16 18 20 22
02 06 11 14 19 23 31
01 02 04 19 25 26 29
01 11 12 16 17 19 30
03 09 15 16 20 21 22
04 06 13 14 20 21 28
06 08 11 12 17 25 27
04 05 13 14 19 20 31
02 03 10 16 18 27 30
02 05 15 17 20 23 24
02 08 12 17 18 24 25
05 09 10 12 21 23 26
02 05 09 15 20 27 28
01 08 10 13 15 29 30
05 08 14 16 18 20 25
06 07 13 15 16 18 31
03 09 14 16 19 21 24
01 08 10 15 17 25 30
03 09 11 14 19 24 26
01 07 10 12 23 25 28
03 04 15 17 21 22 24
04 05 08 14 20 24 31
10 12 13 14 16 19 22
02 07 08 09 19 30 31
03 08 09 16 19 23 28
01 09 12 14 18 23 29
01 10 11 13 16 27 28
02 04 09 11 22 27 31
03 08 10 11 19 26 29
03 04 12 13 23 25 26
01 09 12 15 18 20 31
02 03 15 16 17 23 30
02 07 09 16 21 24 27
02 05 08 10 23 27 31
07 10 13 16 19 20 21
01 04 10 19 21 23 28
04 05 11 13 14 28 31
02 05 11 17 22 23 26
03 07 08 12 23 26 27
02 05 06 13 22 28 30
02 04 11 14 19 26 30
01 05 08 19 22 23 28
04 06 08 19 21 22 26
01 04 12 17 23 24 25
08 09 10 14 15 22 28
04 05 12 17 19 24 25
04 06 09 16 20 25 26
03 04 11 12 16 29 31
06 08 09 16 21 22 24
02 08 10 12 23 25 26
08 10 11 17 18 19 23
01 07 12 14 16 26 30
03 04 13 16 21 24 25
03 04 10 16 20 24 29
02 06 07 14 21 26 30
02 05 09 15 22 26 27
01 04 06 14 24 27 30
02 07 13 19 20 21 24
01 05 12 13 20 26 29
03 06 10 13 19 25 30
03 06 14 18 20 21 24
03 07 09 16 22 23 26
01 06 07 17 24 25 26
02 10 14 15 16 22 27
01 05 11 14 18 28 29
01 02 05 17 25 26 30
02 06 09 16 22 23 28
06 09 11 13 21 22 24
02 03 06 11 24 29 31
01 11 14 16 18 21 25
01 07 12 13 15 28 30
06 09 10 11 13 28 29
04 07 09 11 20 27 28
02 05 07 10 22 29 31
02 07 09 15 18 27 28
05 06 15 17 18 20 25
01 07 13 16 22 23 24
01 02 09 14 21 28 31
01 07 09 16 20 24 29
02 08 10 19 20 23 24
04 07 09 12 18 27 29
02 05 06 17 20 25 31
03 09 10 18 19 20 27
03 05 12 14 17 24 31
03 07 10 14 23 24 25
05 07 10 14 20 22 28
02 04 12 16 18 23 31
08 09 10 14 18 23 24
03 10 11 13 19 24 26
01 05 09 16 20 25 30
02 04 07 16 20 27 30
01 02 13 15 24 25 26
05 07 10 15 18 22 29
01 04 06 13 23 28 31
08 09 11 12 13 24 29
03 07 09 12 22 26 27
04 05 12 17 20 23 25
03 09 10 13 21 24 26
05 09 10 16 18 19 29
08 12 13 14 17 20 22
02 08 09 10 16 30 31
02 09 13 16 20 21 25
02 07 10 11 19 26 31
06 09 10 12 17 21 31
05 08 11 12 15 26 29
02 07 11 12 19 25 30
02 03 09 16 23 24 29
01 02 16 18 22 23 24
02 04 05 12 25 28 30
02 07 08 18 19 22 30
05 06 12 16 17 24 26
01 02 14 15 19 25 30
03 04 09 14 17 29 30
03 06 09 15 22 25 26
08 10 11 14 15 17 31
02 04 07 19 20 24 30
02 10 11 15 18 19 31
04 05 07 18 21 24 27
03 06 10 12 22 25 28
01 03 06 19 22 24 31
02 03 08 16 22 26 29
06 08 09 15 19 20 29
01 02 13 19 21 24 26
02 09 13 14 16 23 29
04 07 12 13 21 23 26
03 09 10 13 18 25 28
02 03 12 14 19 26 30
01 02 06 20 24 25 28
03 10 12 14 16 23 28
03 05 09 16 22 25 26
05 06 14 15 16 22 28
01 04 09 18 19 24 31
07 08 12 14 18 19 28
03 05 13 15 20 24 26
02 04 09 16 20 24 31
01 04 05 20 23 24 29
04 05 06 15 24 25 27
01 06 12 15 23 24 25
01 04 06 15 24 26 30
05 08 13 14 20 22 24
08 09 12 13 18 19 27
04 10 11 16 18 20 27
02 04 06 19 21 25 29
06 08 12 14 18 21 27
03 07 10 16 19 22 29
03 04 12 15 18 23 31
02 06 07 12 20 29 30
06 07 11 14 16 21 31
02 04 08 17 21 26 28
02 06 12 17 18 24 27
01 08 12 14 17 24 30
03 05 13 17 18 20 30
01 06 10 18 19 24 28
07 08 11 14 21 22 23
02 05 07 08 25 29 30
02 04 05 21 23 25 26
07 08 09 14 17 24 27
02 07 12 15 20 24 26
08 09 10 14 17 20 28
02 03 10 14 18 29 30
01 06 13 17 20 21 28
05 10 12 13 16 23 27
05 07 09 18 20 22 25
03 06 09 12 23 26 27
02 08 09 16 18 23 30
01 11 13 16 19 22 24
04 07 08 14 21 22 30
02 07 09 16 19 24 29
03 06 10 14 18 24 31
02 05 13 14 15 26 31
02 07 09 10 18 29 31
06 09 10 15 18 22 26
06 08 14 17 18 21 22
02 03 06 14 24 27 30
01 07 12 13 21 24 28
04 06 08 16 21 25 26
03 06 08 16 18 26 29
03 05 12 13 20 24 29
03 07 10 12 23 25 26
05 06 09 16 20 24 26
03 10 11 13 16 25 28
01 04 13 17 18 23 30
04 09 13 14 18 19 29
04 09 10 14 21 23 25
01 05 06 12 22 29 31
03 08 11 12 21 25 26
02 03 08 17 21 25 30
01 04 15 18 21 23 24
03 05 08 15 18 26 31
05 08 10 13 18 25 27
01 06 13 14 18 23 31
01 05 11 13 22 26 28
04 09 11 13 16 24 29
04 08 11 13 15 25 30
01 08 09 18 19 25 26
04 07 09 17 19 22 28
02 06 13 18 20 22 25
01 08 13 14 19 20 31
03 11 12 14 18 21 27
06 07 08 18 19 21 27
05 11 13 17 18 20 22
06 09 13 15 20 21 22
06 08 11 12 20 24 25
03 04 14 15 19 20 31
05 06 12 14 16 26 27
02 03 11 14 18 27 31
02 07 11 14 18 26 28
01 05 10 13 20 28 29
04 10 11 15 18 21 27
01 06 09 13 20 28 29
02 04 13 15 18 24 30
05 08 09 12 20 22 30
03 07 08 16 20 21 31
02 04 09 18 20 25 28
03 07 08 14 21 22 31
02 06 07 15 21 25 30
04 05 13 14 21 22 27
01 06 14 16 18 22 29
02 04 12 15 23 24 26
04 05 09 14 21 25 28
03 09 10 17 20 22 25
05 06 13 16 18 20 28
01 13 14 15 19 20 24
03 06 09 18 20 22 28
03 04 08 12 22 26 31
04 09 10 13 21 23 26
01 03 14 18 21 24 25
01 04 13 17 22 24 25
01 06 07 16 21 24 31
05 08 11 14 18 19 31
04 08 10 17 18 24 25
05 10 12 15 17 23 24
01 07 12 16 18 21 31
04 05 06 16 21 23 31
01 04 06 14 22 28 31
05 06 07 16 19 26 27
01 08 14 17 19 20 27
03 09 10 15 22 23 24
01 08 09 18 21 23 26
02 03 07 18 20 25 31
05 09 10 16 20 22 24
04 08 09 13 20 24 28
04 06 08 17 21 24 26
02 04 05 07 27 30 31
01 08 14 16 18 23 26
06 08 13 14 20 21 24
02 08 09 12 19 25 31
01 05 08 12 20 29 31
02 09 15 16 19 21 24
05 08 10 14 21 23 25
04 05 11 14 20 23 29
03 04 09 10 22 27 31
02 05 06 20 21 24 28
02 04 08 09 22 30 31
02 07 09 13 20 25 30
01 02 05 19 21 28 30
01 05 06 12 26 27 29
04 06 09 13 20 23 31
05 09 10 15 17 20 30
04 08 09 13 21 22 29
01 09 13 15 18 22 28
02 05 12 13 21 26 27
03 04 09 11 23 26 30
04 05 08 10 25 26 28
04 08 13 14 18 24 25
01 02 03 16 25 28 31
03 04 09 16 19 24 31
02 03 11 18 21 25 26
03 04 12 13 15 28 31
03 04 09 16 20 24 30
07 09 14 17 18 19 22
02 07 12 15 19 20 31
02 04 05 21 23 24 27
02 04 05 15 25 27 28
01 02 11 16 17 29 30
04 08 14 15 19 22 24
02 07 09 10 20 28 30
01 04 11 12 18 29 31
01 02 04 15 24 29 31
02 06 08 13 19 28 30
01 04 14 15 16 26 30
01 03 12 13 24 25 28
03 04 11 14 21 26 27
02 06 08 10 21 29 30
03 10 12 15 16 21 29
05 06 12 13 17 26 27
08 10 11 16 18 19 24
04 10 13 14 17 23 25
09 10 12 15 17 19 24
01 02 04 23 24 25 27
05 06 09 12 21 25 28
02 05 14 17 20 22 26
08 09 10 12 16 23 28
03 04 07 17 22 24 29
02 05 10 15 19 27 28
04 05 12 13 17 24 31
01 05 12 16 17 25 30
07 09 10 11 16 24 29
02 06 07 16 18 26 31
02 03 14 16 17 23 31
04 05 08 17 21 24 27
02 05 13 14 19 23 30
02 04 05 14 24 27 30
01 05 06 14 19 30 31
08 10 12 13 15 22 26
04 07 09 12 20 25 29
03 05 12 16 20 23 27
09 10 11 13 14 23 26
05 09 10 16 18 20 28
02 03 06 19 23 26 27
04 07 15 16 17 22 25
06 08 09 17 19 20 27
02 03 15 18 20 22 26
02 05 09 11 25 26 28
05 08 09 12 21 23 28
02 04 10 19 21 23 27
05 07 11 12 17 26 28
02 08 10 11 23 25 27
02 11 13 14 17 21 28
03 06 09 17 20 21 30
03 08 09 10 22 24 30
06 09 11 16 17 19 28
02 05 06 15 22 27 29
03 06 07 08 21 30 31
02 08 15 17 19 20 25
03 07 11 14 18 22 31
04 10 15 16 17 20 24
02 05 06 08 27 28 30
01 03 04 17 22 29 30
02 08 12 16 18 23 27
01 10 11 13 18 24 29
01 05 11 16 18 25 30
02 05 08 19 20 22 30
01 05 10 15 16 28 31
02 04 14 15 20 23 28
04 06 08 11 22 26 29
05 06 10 12 22 23 28
09 10 12 14 18 20 23
02 03 10 14 23 25 29
06 08 10 13 18 25 26
07 10 13 15 16 22 23
03 04 07 11 23 28 30
02 04 08 17 18 28 29
01 08 09 15 19 26 28
07 08 15 16 17 21 22
01 05 08 14 21 28 29
04 06 10 19 20 23 24
03 07 08 13 22 26 27
03 10 13 16 17 23 24
01 11 14 16 17 23 24
02 04 08 12 25 27 28
03 08 11 16 18 21 29
03 06 09 12 21 24 31
02 05 07 09 26 27 30
01 04 09 12 21 28 31
06 07 08 13 18 23 31
01 05 15 16 22 23 24
01 03 08 19 20 27 28
01 02 08 19 23 24 29
04 07 08 15 20 24 28
05 09 10 16 17 22 27
01 03 07 20 21 26 28
02 05 09 11 22 26 31
04 09 10 11 20 25 27
02 05 09 18 20 23 29
04 05 12 16 18 25 26
03 08 11 18 19 22 25
06 11 14 15 19 20 21
03 07 13 14 16 26 27
01 09 15 16 19 22 24
06 07 10 14 17 25 27
02 08 12 13 16 27 28
03 04 11 16 18 26 28
09 11 12 14 15 19 26
05 06 10 17 20 23 25
02 03 12 17 21 25 26
02 05 07 12 19 30 31
06 08 12 15 18 20 27
06 08 11 13 17 23 28
03 08 09 10 22 26 28
05 06 09 11 19 26 30
02 03 10 16 23 24 28
04 06 10 12 16 27 31
03 05 06 13 20 29 30
07 09 13 16 19 20 22
03 04 08 17 23 24 27
04 06 08 11 20 26 31
02 05 08 13 22 26 30
03 04 07 19 20 23 30
01 08 14 15 19 24 25
02 03 13 16 20 25 27
05 06 11 13 21 24 26
01 05 13 18 21 22 26
03 04 10 18 22 24 25
02 08 11 13 22 24 26
03 07 08 10 23 25 30
03 08 11 13 14 27 30
04 05 09 10 21 28 29
03 12 14 15 18 20 24
01 06 09 16 19 27 28
02 10 12 15 17 24 26
05 06 10 14 15 25 31
01 05 07 20 22 23 28
07 08 11 13 21 22 24
02 07 08 13 21 25 30
01 07 10 11 18 29 30
06 08 09 11 17 27 28
05 08 15 16 17 20 25
02 08 09 11 19 26 31
05 06 12 15 19 21 28
02 06 09 17 20 23 29
01 03 08 19 20 26 29
02 05 06 16 18 28 31
02 05 08 11 21 29 30
05 08 10 12 17 23 31
01 09 10 11 16 28 31
01 04 12 14 19 25 31
06 08 12 14 16 21 29
02 03 15 16 20 23 27
02 09 12 14 17 21 31
01 02 05 18 23 26 31
04 05 10 19 20 23 25
01 07 12 15 18 26 27
05 06 11 16 18 19 31
04 05 10 16 21 22 28
02 05 08 10 21 29 31
02 03 13 16 19 24 29
02 03 10 16 22 25 28
01 06 08 09 23 28 31
03 06 09 11 23 26 28
03 07 09 11 18 28 30
06 07 10 12 19 25 27
02 05 11 18 20 24 26
02 03 08 13 24 25 31
04 06 07 15 21 26 27
04 08 09 10 22 25 28
05 06 09 12 15 29 30
03 04 11 14 19 26 29
02 07 08 13 21 24 31
01 06 07 12 24 27 29
01 04 10 19 21 25 26
04 06 12 13 21 22 28
02 03 11 15 21 26 28
02 06 13 15 21 22 27
01 02 09 12 25 26 31
01 10 12 13 16 25 29
01 02 07 14 25 27 30
02 03 08 18 21 25 29
01 08 10 11 19 27 30
07 08 09 11 16 26 29
03 10 11 14 18 24 26
04 07 12 13 16 24 30
01 04 14 17 19 20 31
06 08 10 13 15 26 28
01 07 08 10 23 28 29
02 03 14 15 18 24 30
04 06 07 17 20 25 27
05 07 11 13 20 22 28
01 05 14 18 19 24 25
04 08 13 15 18 20 28
02 04 06 15 22 26 31
03 07 08 13 23 24 28
02 04 09 14 19 28 30
05 08 12 13 20 21 27
02 04 05 18 22 24 31
01 04 06 16 21 28 30
03 06 09 18 19 21 30
03 08 10 13 21 25 26
04 06 10 12 20 25 29
06 08 11 14 20 23 24
04 08 10 15 18 22 29
03 09 13 16 18 19 28
02 08 10 13 14 29 30
04 07 15 16 17 20 27
01 07 09 14 21 24 30
01 03 12 19 20 25 26
06 09 11 15 20 22 23
03 04 14 16 17 21 31
02 09 11 14 21 23 26
03 06 12 16 19 23 27
03 05 12 17 22 23 24
06 08 10 12 19 25 26
02 03 09 16 18 28 30
01 07 11 16 18 25 28
03 06 09 16 22 23 27
04 05 11 12 23 24 27
03 06 14 15 16 21 31
03 05 13 15 16 26 28
07 08 11 15 18 19 28
05 07 10 11 20 24 29
01 04 14 17 18 25 27
03 11 14 16 19 21 22
04 06 11 13 21 23 28
03 08 09 12 15 29 30
05 06 08 12 22 23 30
01 04 05 12 25 28 31
01 03 04 18 23 26 31
02 03 08 17 21 24 31
02 09 11 16 18 24 26
01 07 08 17 19 26 28
01 05 10 13 19 28 30
05 12 14 15 17 20 23
02 04 09 18 21 23 29
06 07 08 13 18 26 28
01 04 09 14 24 26 28
01 03 12 13 24 26 27
03 09 11 13 18 24 28
05 07 12 15 16 24 27
06 08 10 12 22 23 25
04 05 11 12 23 25 26
03 04 10 14 19 27 29
04 08 11 14 17 22 30
01 10 12 15 16 24 28
07 08 09 14 18 19 31
02 08 11 14 16 27 28
10 12 14 15 16 18 21
06 08 10 11 15 26 30
03 07 08 13 22 25 28
05 10 13 14 18 22 24
04 11 15 16 17 21 22
01 08 10 13 23 25 26
04 05 12 13 22 23 27
02 07 11 15 21 24 26
01 05 08 20 22 24 26
03 10 13 17 18 20 25
04 06 07 19 20 24 26
01 02 08 17 21 26 31
03 04 13 16 21 22 27
03 04 08 12 24 27 28
04 07 09 10 21 26 29
05 06 08 12 20 27 28
04 07 10 14 16 24 31
05 07 10 12 19 23 30
01 07 10 14 20 25 29
03 04 13 15 16 25 30
05 11 15 16 18 19 22
04 05 12 14 19 23 29
02 05 08 12 22 26 31
04 06 08 20 21 23 24
03 07 10 14 19 23 30
02 03 10 18 23 24 26
01 02 11 19 23 24 26
01 04 14 15 22 23 27
03 06 12 14 19 21 31
01 08 12 13 17 24 31
02 05 07 13 21 28 30
05 12 14 15 16 18 26
02 08 09 15 19 23 30
01 07 14 16 17 21 30
01 10 11 14 19 25 26
01 08 10 13 18 27 29
05 07 08 17 18 22 29
04 06 11 13 14 28 30
04 08 09 16 18 22 29
03 08 09 11 21 24 30
03 08 10 12 22 25 26
02 08 09 13 18 25 31
02 05 09 16 20 26 28
04 06 11 15 19 22 29
02 04 12 15 17 27 29
05 07 13 14 17 20 30
03 09 12 15 16 21 30
06 08 13 14 18 23 24
05 08 11 12 17 22 31
06 07 14 16 18 21 24
04 08 09 12 18 26 29
02 08 14 18 19 20 25
03 05 08 12 23 27 28
01 02 11 15 23 26 28
01 06 07 11 22 28 31
04 09 12 14 16 20 31
05 08 12 14 19 20 28
02 07 08 14 20 24 31
06 08 12 14 21 22 23
01 06 13 15 22 24 25
02 04 07 16 22 27 28
02 06 14 18 19 21 26
01 13 14 16 17 22 23
03 05 11 18 21 22 26
02 04 09 14 18 28 31
02 08 09 12 15 29 31
03 04 10 14 19 26 30
03 04 06 08 26 28 31
03 08 09 17 19 20 30
09 10 11 14 15 20 27
04 06 13 14 19 21 29
03 07 13 15 18 22 28
05 07 12 15 16 22 29
07 08 10 14 19 20 28
08 09 12 13 18 21 25
06 07 12 17 18 21 25
05 08 13 15 16 23 26
04 08 12 14 15 24 29
01 05 09 14 16 30 31
02 07 09 17 20 23 28
01 02 12 14 19 27 31
06 07 13 15 16 23 26
04 08 10 15 18 20 31
04 06 10 14 15 26 31
02 08 09 11 21 24 31
03 04 15 19 20 22 23
01 04 06 13 23 29 30
01 03 07 20 22 25 28
08 09 10 14 16 21 28
02 04 07 13 24 26 30
02 04 10 16 23 24 27
08 10 11 14 16 22 25
03 06 12 14 20 25 26
02 05 13 16 19 25 26
01 08 13 14 16 26 28
05 08 11 15 18 23 26
02 08 12 13 21 24 26
06 08 10 11 21 23 27
05 06 14 15 19 22 25
03 04 10 12 24 26 27
04 06 07 10 21 27 31
02 05 10 11 24 26 28
03 06 07 19 20 22 29
05 12 13 14 17 20 25
02 10 14 15 18 20 27
01 07 08 09 20 30 31
03 07 09 10 19 28 30
02 03 08 10 24 29 30
01 06 12 13 22 25 27
06 08 11 13 21 23 24
01 04 10 15 19 28 29
08 09 11 14 20 21 23
02 03 09 19 21 24 28
02 07 12 16 18 25 26
02 05 12 16 18 23 30
03 08 09 19 21 22 24
03 07 11 14 22 23 26
01 07 12 14 18 26 28
02 04 10 17 19 23 31
06 08 10 13 22 23 24
06 09 11 14 15 25 26
03 04 13 18 19 21 28
04 07 13 14 19 20 29
01 08 15 17 20 22 23
01 02 05 18 24 25 31
01 12 14 16 18 20 25
01 03 08 17 21 26 30
01 09 13 14 20 23 26
06 08 09 17 18 20 28
02 10 13 14 17 24 26
03 05 12 16 19 22 29
06 09 10 14 19 20 28
05 09 10 15 18 24 25
05 13 14 15 17 20 22
01 09 12 14 15 25 30
04 09 10 12 14 26 31
02 06 12 17 18 21 30
01 02 05 16 26 27 29
01 02 09 15 22 27 30
02 10 13 14 19 22 26
02 03 08 18 19 25 31
02 06 12 13 17 27 29
05 09 11 14 16 22 29
01 05 11 12 18 29 30
02 07 10 12 24 25 26
03 06 13 16 17 22 29
05 06 10 12 18 25 30
04 06 11 13 17 24 31
02 05 15 16 18 21 29
03 05 10 15 18 24 31
05 06 07 16 20 22 30
01 11 14 15 19 20 26
02 05 09 18 20 25 27
02 07 08 12 17 29 31
02 04 06 15 23 26 30
02 03 12 16 19 26 28
06 08 12 13 20 22 25
03 04 10 15 19 25 30
02 06 07 18 21 25 27
02 05 08 10 25 26 30
03 05 11 16 19 22 30
08 10 12 13 15 19 29
02 08 10 13 15 27 31
03 07 10 14 21 23 28
01 06 10 11 18 29 31
02 05 16 17 18 21 27
06 07 10 17 18 19 29
01 06 07 16 19 26 31
04 07 13 17 19 22 24
02 03 12 19 21 24 25
07 09 11 14 18 19 28
04 09 11 14 16 21 31
05 06 11 14 19 22 29
06 12 14 15 16 20 23
01 03 10 17 20 26 29
02 04 12 16 19 26 27
03 07 12 16 17 23 28
07 08 10 12 16 25 28
04 09 10 13 15 24 31
06 10 12 13 15 24 26
03 04 11 16 19 23 30
04 09 13 18 19 20 23
02 05 10 13 21 26 29
01 03 10 18 22 25 27
06 09 11 12 15 24 29
05 07 08 12 21 26 27
02 04 05 13 24 28 30
03 10 11 14 19 21 28
04 08 10 13 21 23 27
04 08 09 16 19 24 26
02 07 12 16 20 24 25
04 06 13 14 20 24 25
01 06 09 14 22 24 30
02 04 09 13 19 28 31
03 10 13 14 18 21 27
02 08 09 10 20 27 30
01 07 11 16 17 24 30
02 05 06 12 22 28 31
03 06 10 14 21 24 28
03 04 08 10 24 26 31
01 10 11 13 17 26 28
02 06 12 13 19 25 29
02 09 11 17 20 23 24
06 08 10 11 19 21 31
04 09 11 17 18 19 28
04 07 09 14 19 22 31
06 07 11 12 15 25 30
03 07 11 13 18 24 30
01 04 09 12 23 27 30
02 04 05 14 22 29 30
04 07 09 11 20 26 29
04 05 12 14 21 23 27
02 07 09 12 18 27 31
02 08 09 13 20 26 28
05 07 11 16 17 20 30
03 04 12 13 18 26 30
04 05 09 11 23 24 30
02 03 14 16 18 22 31
01 03 14 18 19 22 29
01 06 08 13 23 24 31
01 06 14 17 18 22 28
02 03 16 17 19 22 27
01 08 12 15 20 23 27
03 10 14 18 19 20 22
06 07 08 17 19 21 28
01 06 11 15 18 26 29
07 09 11 14 20 22 23
04 11 12 15 19 22 23
01 05 14 17 18 24 27
02 04 10 17 21 23 29
02 07 13 16 17 22 29
03 07 12 16 21 23 24
03 05 10 17 20 23 28
05 09 11 12 16 22 31
01 03 05 21 22 26 28
06 07 10 11 15 27 30
02 07 09 12 23 24 29
01 08 14 15 20 23 25
03 10 11 13 15 26 28
02 08 12 16 18 19 31
01 04 16 17 19 20 29
05 09 10 12 14 27 29
02 06 14 16 19 22 27
01 04 12 17 18 23 31
05 06 08 18 20 22 27
07 09 10 16 17 18 29
04 10 14 15 18 22 23
04 08 09 12 19 23 31
06 09 11 14 20 21 25
02 05 13 16 19 22 29
01 04 06 17 20 27 31
03 11 16 17 18 20 21
04 06 08 18 19 22 29
04 10 13 15 16 23 25
02 06 13 19 20 22 24
02 07 11 15 18 23 30
06 08 14 16 17 21 24
02 03 06 18 20 27 30
06 09 13 14 16 18 30
06 07 12 14 18 22 27
02 04 08 13 23 25 31
03 08 09 11 17 28 30
02 09 11 13 15 26 30
02 07 12 17 18 19 31
08 10 11 12 14 25 26
06 09 12 13 17 20 29
04 08 10 16 17 24 27
04 06 07 12 20 27 30
01 06 13 14 20 23 29
06 07 08 14 18 26 27
06 09 12 16 17 22 24
02 07 10 15 18 25 29
07 08 12 13 20 21 25
02 05 12 15 16 27 29
02 04 09 15 20 27 29
06 07 09 10 20 25 29
02 03 08 19 20 24 30
04 09 12 15 19 23 24
08 10 13 15 18 19 23
02 07 13 18 20 22 24
02 03 09 15 22 26 29
03 07 10 13 18 24 31
03 10 16 17 18 20 22
05 06 08 14 20 25 28
01 10 12 14 17 23 29
07 08 11 13 16 23 28
02 03 12 15 21 26 27
06 08 09 10 22 23 28
03 07 08 09 23 26 30
06 09 13 14 20 21 23
01 09 12 17 20 23 24
06 10 13 15 19 21 22
07 08 13 16 17 22 23
02 04 16 17 20 23 24
04 07 11 14 22 23 25
03 09 10 13 17 24 30
04 06 11 16 18 22 29
07 09 10 17 18 21 24
01 06 08 19 21 25 26
05 07 09 10 22 23 30
03 06 10 12 20 27 28
01 06 08 17 22 25 27
01 06 07 18 21 25 28
01 07 13 16 18 23 28
03 05 12 14 18 23 31
05 07 12 14 15 24 29
02 09 12 15 16 21 31
01 03 12 17 18 25 30
02 06 11 14 16 27 30
06 09 10 13 18 21 29
03 06 08 14 16 28 31
03 06 14 15 21 22 25
05 08 11 16 19 22 25
05 06 13 16 17 18 31
02 08 10 15 18 24 29
02 08 11 14 22 23 26
01 06 08 17 22 24 28
01 05 12 16 20 23 29
03 10 12 17 19 20 25
04 09 14 16 19 21 23
02 03 13 14 20 25 29
01 03 08 15 20 29 30
02 09 10 11 23 25 26
03 07 10 12 21 24 29
03 05 09 16 20 22 31
07 09 11 13 16 20 30
01 05 08 21 22 23 26
06 08 11 17 20 21 23
02 07 13 14 15 25 30
04 06 11 12 21 23 29
01 04 05 19 22 24 31
03 05 08 09 24 28 29
03 04 06 11 23 28 31
01 07 09 16 22 24 27
03 07 10 16 20 22 28
01 06 15 17 19 22 26
01 03 06 21 22 25 28
06 12 15 16 17 19 21
05 09 10 15 18 22 27
01 02 06 18 24 26 29
03 09 11 12 21 24 26
04 13 14 16 17 20 22
09 11 13 14 16 20 23
02 06 12 14 15 26 31
02 03 10 16 17 28 30
03 05 12 18 21 23 24
06 08 13 16 18 21 24
02 03 14 15 16 26 30
04 07 10 15 17 25 28
03 05 14 15 16 23 30
03 04 06 15 22 25 31
03 06 12 17 19 23 26
03 07 08 11 22 25 30
03 04 10 19 21 23 26
03 07 10 12 19 24 31
02 06 11 15 23 24 25
02 03 09 13 24 26 29
01 05 13 17 20 22 28
02 07 08 14 22 25 28
03 07 08 15 22 23 28
03 08 09 11 23 24 28
04 07 10 16 20 23 26
08 10 12 14 15 20 27
03 07 10 14 16 26 30
03 05 10 15 16 27 30
02 03 11 15 16 28 31
02 07 10 11 23 25 28
01 06 14 16 17 21 31
05 08 13 18 19 21 22
03 05 13 14 15 26 30
01 04 09 20 23 24 25
05 07 08 10 20 27 29
05 11 13 14 17 22 24
01 08 11 13 23 24 26
04 06 09 17 19 24 27
05 11 12 13 17 20 28
03 04 11 12 17 29 30
01 05 14 18 19 20 29
04 07 08 11 22 23 31
01 09 12 15 16 25 28
01 03 12 19 21 24 26
05 07 12 16 18 20 28
07 08 09 12 19 24 27
01 08 13 14 17 23 30
02 05 14 16 20 21 28
06 08 11 13 16 24 28
01 04 11 15 23 24 28
01 10 14 17 19 20 25
05 06 13 16 19 22 25
01 04 12 17 18 24 30
06 10 11 14 18 19 28
03 09 12 16 18 19 29
01 07 12 15 18 23 30
05 06 11 18 21 22 23
04 08 09 11 20 24 30
03 07 09 18 20 21 28
01 06 09 18 21 23 28
02 04 12 13 15 29 31
02 10 11 13 14 27 29
05 06 11 12 19 24 29
01 09 12 14 15 24 31
02 05 09 20 21 23 26
04 08 13 18 19 21 23
02 13 15 16 18 20 22
02 04 08 14 17 30 31
02 09 10 13 23 24 25
02 03 10 14 22 26 29
01 09 10 12 16 28 30
05 06 11 14 21 22 27
01 09 13 16 18 20 29
02 09 11 17 18 19 30
03 04 09 20 21 22 27
03 04 09 13 20 28 29
04 07 13 14 16 22 30
02 06 13 15 20 24 26
05 08 10 13 19 20 31
03 06 14 18 20 22 23
01 09 12 16 17 21 30
03 04 10 13 20 27 29
02 07 12 18 19 22 26
02 10 13 15 19 20 27
01 04 07 13 24 26 31
03 08 10 17 19 21 28
03 04 10 15 21 24 29
02 04 13 16 17 23 31
05 11 13 14 16 23 24
04 07 09 13 21 22 30
05 09 12 14 15 24 27
01 04 09 15 23 24 30
03 09 13 16 19 22 24
02 06 09 16 21 25 27
07 11 12 13 15 20 28
07 09 12 15 18 20 25
03 07 11 12 14 29 30
04 06 09 14 19 25 29
01 06 13 14 21 24 27
01 06 14 17 19 22 27
02 06 07 13 22 27 29
01 02 08 19 20 26 30
02 04 08 15 23 24 30
05 12 14 15 16 19 25
01 06 09 16 23 25 26
08 09 10 12 15 22 30
05 07 10 12 17 26 29
09 10 11 14 16 21 25
03 05 11 18 20 24 25
04 07 13 17 18 23 24
03 04 08 11 24 26 30
03 07 10 14 20 25 27
03 05 08 12 19 29 30
06 10 12 15 18 19 26
04 07 08 14 20 26 27
03 08 09 11 18 27 30
02 10 12 14 16 23 29
08 09 11 13 19 20 26
03 04 08 16 23 24 28
01 03 09 10 24 28 31
04 05 12 15 19 21 30
02 04 12 15 19 23 31
05 06 07 12 24 25 27
04 07 10 13 17 25 30
01 10 13 16 18 21 27
02 06 14 15 16 24 29
01 06 09 18 19 24 29
02 05 07 12 20 29 31
02 03 06 12 24 29 30
05 06 08 12 21 25 29
04 10 13 14 16 20 29
08 11 13 14 18 19 23
02 04 09 16 19 27 29
02 03 07 18 23 26 27
01 04 06 15 23 26 31
04 07 16 17 18 20 24
02 07 09 17 21 24 26
04 05 07 19 22 24 25
01 07 14 18 19 20 27
03 10 12 15 16 24 26
04 10 12 15 17 19 29
07 11 12 14 19 20 23
01 03 15 16 22 24 25
05 07 10 12 18 25 29
02 06 09 17 22 24 26
01 05 16 18 19 22 25
02 04 15 17 19 22 27
04 06 12 14 19 25 26
03 05 12 13 19 24 30
08 09 10 14 20 22 23
02 03 15 17 18 23 28
06 09 10 17 18 20 26
01 05 13 14 20 24 29
01 03 11 13 24 26 28
01 02 06 22 23 24 28
05 08 09 11 18 25 30
07 08 10 12 16 22 31
02 06 07 14 23 24 30
02 05 10 17 20 23 29
01 11 15 16 18 22 23
03 07 08 17 18 25 28
02 08 09 17 19 20 31
05 06 09 15 16 25 30
02 07 10 13 14 29 31
01 07 14 16 18 22 28
03 09 12 18 19 21 24
04 08 11 13 21 24 25
06 08 09 13 18 23 29
01 08 13 14 21 24 25
07 10 13 14 18 20 24
02 06 08 14 19 28 29
03 04 11 18 20 24 26
03 10 15 17 18 21 22
06 07 10 11 17 24 31
08 09 13 15 18 21 22
03 10 11 12 19 24 27
07 08 10 12 19 23 27
03 04 06 13 21 29 30
04 06 09 17 20 21 29
01 04 08 18 21 25 29
05 08 11 12 18 23 29
02 05 15 16 18 24 26
03 06 07 08 23 28 31
03 04 13 15 21 24 26
04 05 09 18 20 21 29
01 06 11 14 20 25 29
01 02 15 16 21 24 27
02 12 13 14 19 20 26
01 03 11 16 24 25 26
01 02 16 17 18 24 28
01 04 08 17 18 27 31
02 07 13 15 21 22 26
05 10 12 13 18 21 27
02 09 14 16 20 22 23
05 06 10 14 15 26 30
02 08 09 10 19 27 31
04 06 11 14 16 25 30
04 11 14 15 17 22 23
01 05 12 16 17 27 28
05 12 13 15 16 19 26
03 04 12 19 21 22 25
03 05 12 17 20 24 25
02 12 15 16 17 19 25
02 08 09 17 19 21 30
02 06 07 11 25 27 28
01 03 12 17 20 25 28
02 08 09 11 20 26 30
02 03 04 12 27 28 30
02 05 10 12 19 28 30
02 06 10 11 17 29 31
01 08 11 15 16 26 29
05 07 09 18 19 20 28
01 04 09 11 24 26 31
05 07 12 15 16 21 30
01 05 13 14 22 23 28
03 04 09 15 22 24 29
04 05 09 15 22 24 27
01 03 08 19 20 25 30
04 07 09 12 21 23 30
01 09 14 16 19 22 25
06 07 12 13 17 22 29
02 03 09 10 24 27 31
01 06 10 16 18 24 31
04 07 13 14 15 22 31
04 07 08 17 19 22 29
06 08 09 18 19 22 24
01 07 08 12 24 26 28
04 07 08 10 20 27 30
03 06 13 18 20 21 25
04 05 14 15 18 19 31
01 05 08 13 22 27 30
02 03 11 17 21 24 28
02 04 06 18 19 28 29
03 06 12 14 20 23 28
01 02 06 09 27 30 31
01 07 10 16 19 24 29
01 03 12 15 18 26 31
02 06 12 15 19 23 29
01 07 10 18 19 23 28
02 03 07 16 23 25 30
04 05 06 12 22 26 31
02 09 10 14 20 23 28
03 06 11 17 18 23 28
06 09 12 17 19 20 23
04 10 12 16 17 23 24
04 05 08 19 20 21 29
02 04 05 14 24 28 29
01 08 15 18 19 21 24
05 10 11 13 15 24 28
01 09 13 14 17 22 30
02 05 15 17 18 20 29
03 07 14 16 17 22 27
03 05 13 18 20 23 24
01 08 09 18 21 24 25
03 04 12 17 18 22 30
01 05 08 15 23 26 28
02 12 13 16 17 18 28
04 08 10 13 20 24 27
01 07 08 16 22 25 27
01 06 08 16 23 24 28
09 11 12 13 15 20 26
02 07 14 16 17 20 30
03 04 12 13 16 27 31
05 06 10 14 20 24 27
02 04 09 11 24 26 30
04 06 08 13 20 24 31
05 07 10 11 16 26 31
01 06 13 19 20 22 25
02 04 08 10 25 28 29
06 09 11 12 14 24 30
04 06 12 14 20 23 27
04 09 12 17 18 22 24
01 06 09 18 19 25 28
04 07 14 15 21 22 23
04 08 14 16 17 21 26
01 10 13 17 18 21 26
01 08 12 13 15 26 31
03 05 10 11 20 28 29
01 06 08 16 21 25 29
01 02 09 16 21 27 30
02 06 10 14 20 25 29
02 05 11 16 22 23 27
06 09 12 13 14 21 31
07 10 11 14 15 18 31
01 06 15 18 19 22 25
06 08 11 14 16 23 28
01 10 14 16 18 19 28
01 02 08 18 24 26 27
02 10 15 16 19 21 23
02 04 07 19 23 24 27
02 04 09 10 23 28 30
01 08 13 15 21 22 26
02 06 13 15 17 26 27
09 10 11 14 15 17 30
03 08 14 15 18 20 28
02 03 07 16 19 29 30
04 06 12 16 19 24 25
01 10 16 17 19 20 23
04 06 13 14 15 24 30
01 05 10 18 23 24 25
07 09 10 15 20 22 23
04 06 13 18 20 21 24
04 09 12 13 19 23 26
04 12 13 16 17 21 23
04 09 10 12 20 23 28
04 06 08 11 24 26 27
04 08 11 16 18 23 26
04 07 08 12 22 23 30
01 03 14 16 19 24 29
01 08 13 17 19 20 28
03 08 09 15 18 23 30
02 04 09 19 22 23 27
01 03 08 17 18 29 30
03 05 08 11 22 26 31
07 08 09 12 17 26 27
02 04 15 17 20 23 25
02 05 11 14 20 26 28
02 07 10 13 18 27 29
02 08 09 17 19 23 28
05 09 12 14 15 20 31
03 06 11 13 14 28 31
02 05 06 19 20 26 28
03 08 09 14 20 21 31
02 07 12 14 19 22 30
04 12 14 16 17 19 24
05 06 11 18 19 21 26
01 08 09 13 20 26 29
02 13 15 16 17 21 22
05 08 10 12 16 26 29
04 07 08 15 17 27 28
06 09 10 16 17 20 28
07 09 10 12 13 26 29
03 05 08 13 24 25 28
03 05 13 18 21 22 24
01 08 10 17 19 21 30
01 02 12 15 23 26 27
03 05 07 18 20 22 31
01 09 14 17 18 19 28
02 04 10 13 24 26 27
05 06 09 10 21 25 30
09 11 12 13 16 21 24
01 05 09 14 23 24 30
06 08 10 12 18 23 29
03 06 09 16 21 25 26
02 07 10 12 16 29 30
02 09 12 15 18 20 30
03 10 12 14 15 23 29
05 09 11 16 17 22 26
03 05 06 11 22 28 31
04 07 09 10 22 24 30
03 04 05 19 22 24 29
03 04 13 14 20 25 27
01 14 15 17 18 20 21
02 07 09 16 20 23 29
06 07 10 14 16 23 30
01 04 10 13 22 27 29
09 10 12 15 16 20 24
02 03 11 17 18 24 31
02 04 12 16 17 26 29
02 11 13 14 16 21 29
05 08 09 11 21 22 30
03 06 08 17 20 21 31
06 07 08 16 18 25 26
03 05 09 13 18 28 30
01 02 06 17 21 28 31
03 04 11 13 18 28 29
02 03 12 17 19 26 27
01 03 10 16 19 28 29
03 05 06 13 24 25 30
04 11 13 15 18 20 25
07 08 10 15 18 19 29
01 04 05 14 25 26 31
01 04 13 18 21 23 26
02 09 13 16 17 22 27
04 09 12 16 17 21 27
01 03 09 18 22 25 28
03 04 11 14 20 26 28
01 04 13 16 20 23 29
09 10 12 13 17 21 24
05 08 11 14 17 24 27
01 03 04 21 24 26 27
02 09 10 11 17 26 31
01 07 11 14 16 27 30
03 05 10 11 24 25 28
03 06 08 18 19 21 31
03 08 11 13 15 26 30
01 02 14 18 19 22 30
04 07 10 12 16 27 30
02 07 08 11 19 28 31
02 12 13 16 18 20 25
05 09 10 12 18 22 30
01 06 12 15 18 25 29
06 08 11 15 19 22 25
05 12 13 15 17 20 24
03 07 12 16 18 23 27
01 05 06 16 19 29 30
07 10 14 15 18 20 22
01 04 16 17 21 22 25
04 08 09 16 19 22 28
04 05 09 15 20 25 28
02 09 16 17 19 20 23
01 05 06 11 26 28 29
06 11 12 13 18 21 25
01 02 03 16 25 29 30
02 06 15 17 19 21 26
05 07 10 12 19 25 28
01 02 05 13 26 28 31
06 07 13 15 20 22 23
05 11 12 13 17 22 26
01 03 07 18 23 26 28
04 09 12 14 16 21 30
04 05 13 18 20 21 25
03 06 10 14 22 23 28
01 08 14 16 19 22 26
03 04 06 14 23 25 31
02 03 10 17 20 25 29
04 07 10 14 17 25 29
02 05 13 16 18 22 30
01 04 07 21 22 25 26
01 09 10 12 18 26 30
05 06 11 15 19 24 26
01 04 13 17 22 23 26
03 11 14 15 16 22 25
01 07 08 15 20 25 30
02 05 12 15 19 26 27
02 03 12 14 21 26 28
02 06 10 16 17 24 31
03 09 10 14 21 24 25
02 05 09 12 19 28 31
02 05 09 18 19 22 31
02 06 14 17 19 22 26
02 07 09 12 17 28 31
03 09 11 12 14 26 31
02 03 13 14 21 26 27
02 09 10 14 17 23 31
02 08 09 11 23 25 28
01 08 11 12 17 26 31
03 04 09 13 22 26 29
02 04 05 20 21 26 28
03 08 12 17 18 23 25
01 03 10 19 20 26 27
02 04 08 16 21 26 29
02 06 07 13 20 28 30
04 09 11 18 19 22 23
04 05 11 16 21 23 26
04 05 07 15 22 24 29
02 05 11 14 19 25 30
03 07 10 14 15 27 30
07 08 13 15 17 18 28
02 06 07 15 22 26 28
09 10 11 13 16 22 25
01 07 14 16 18 24 26
01 04 09 12 23 28 29
03 08 10 13 20 25 27
06 08 11 14 16 24 27
03 08 09 12 20 26 28
05 08 09 10 17 28 29
01 08 12 14 16 27 28
02 11 13 16 18 22 24
06 07 13 14 16 19 31
01 02 06 12 25 29 31
08 09 14 16 18 20 21
01 02 07 09 26 30 31
01 12 15 16 18 21 23
01 07 09 10 22 26 31
02 09 14 15 19 20 27
01 02 17 18 20 23 25
07 09 10 15 18 22 25
04 06 11 14 16 27 28
08 10 11 14 15 21 27
01 08 10 15 19 23 30
02 05 09 18 20 24 28
07 08 11 13 14 23 30
02 05 13 17 20 21 28
02 03 09 14 21 27 30
01 06 10 16 17 25 31
03 08 11 13 20 25 26
07 08 09 13 19 20 30
02 06 15 17 19 20 27
05 06 09 11 18 28 29
02 06 09 15 21 22 31
03 07 08 09 24 27 28
05 07 10 12 16 25 31
03 08 13 15 20 23 24
06 07 09 15 20 22 27
05 07 10 12 21 23 28
03 04 13 16 18 22 30
02 03 11 15 18 28 29
04 06 07 18 21 24 26
01 04 09 14 21 27 30
02 04 08 19 20 25 28
06 09 11 12 16 24 28
05 07 11 14 20 21 28
04 11 12 17 19 20 23
01 05 08 13 24 25 30
01 08 10 11 16 29 31
03 05 14 15 19 20 30
04 07 10 16 22 23 24
04 06 09 16 19 21 31
08 09 10 15 20 21 23
01 03 12 14 19 26 31
01 05 12 17 18 23 30
06 08 13 15 18 20 26
04 07 11 16 21 22 25
02 03 10 14 19 27 31
02 07 10 18 19 23 27
01 05 07 18 22 26 27
03 04 15 16 20 22 26
06 08 09 11 20 23 29
02 04 13 17 21 23 26
03 08 10 16 19 22 28
01 11 14 16 19 22 23
06 11 12 15 18 20 24
04 05 10 12 18 28 29
01 06 12 13 15 29 30
03 06 07 10 20 29 31
04 05 07 17 22 25 26
01 03 14 15 20 25 28
05 06 08 16 18 23 30
03 08 11 14 15 25 30
01 04 08 10 26 28 29
04 06 09 13 14 29 31
07 08 09 12 18 24 28
02 05 12 17 19 21 30
01 06 07 17 18 28 29
02 04 13 16 22 24 25
01 04 12 16 19 26 28
04 05 08 18 19 24 28
02 06 07 13 23 24 31
02 06 11 16 19 25 27
04 10 12 14 15 23 28
05 07 10 14 17 24 29
01 07 13 18 21 22 24
02 08 09 13 17 27 30
03 10 15 16 19 21 22
01 02 15 17 21 24 26
01 06 12 15 21 23 28
01 04 07 17 21 26 30
05 09 10 18 19 21 24
07 08 11 12 20 23 25
03 08 09 19 20 22 25
05 09 11 14 15 22 30
02 05 08 09 25 27 30
01 11 14 15 16 18 31
04 10 13 14 16 22 27
02 05 06 13 21 28 31
06 08 10 11 13 27 31
03 05 10 17 20 25 26
03 07 11 13 14 28 30
01 03 05 18 22 28 29
10 11 14 15 17 18 21
03 04 10 18 21 24 26
07 08 09 12 18 25 27
02 07 11 18 20 23 25
01 07 09 13 22 24 30
01 09 10 13 18 24 31
01 04 11 14 19 27 30
02 07 09 17 18 26 27
03 04 13 14 16 25 31
02 04 13 18 20 23 26
06 09 11 13 17 20 30
03 07 12 14 15 24 31
01 08 15 16 17 21 28
04 06 12 13 14 27 30
03 06 07 09 23 28 30
02 08 12 14 17 25 28
01 05 12 15 16 28 29
03 08 12 15 19 21 28
01 07 11 13 20 26 28
02 06 14 15 19 21 29
07 08 09 12 14 27 29
05 12 15 16 18 19 21
01 02 08 09 27 28 31
01 08 12 13 21 25 26
03 07 12 16 19 20 29
01 02 09 16 20 28 30
02 03 07 13 25 26 30
03 13 14 16 19 20 21
01 02 09 18 19 27 30
04 07 08 12 20 24 31
05 07 08 11 14 30 31
01 04 08 16 23 24 30
03 04 08 10 22 29 30
05 09 12 15 16 21 28
03 05 12 14 15 26 31
02 03 07 20 21 25 28
03 09 10 11 15 28 30
02 04 09 15 22 24 30
02 06 07 11 21 29 30
05 09 12 13 16 20 31
03 04 13 18 21 22 25
01 10 12 14 15 26 28
08 09 10 16 19 20 24
06 07 11 15 21 22 24
04 09 11 13 21 22 26
03 13 15 16 18 20 21
01 08 11 13 14 29 30
01 05 11 16 18 26 29
01 10 12 13 17 25 28
01 05 14 17 21 22 26
01 08 09 19 20 24 25
08 09 10 13 18 21 27
03 06 10 17 22 23 25
01 12 13 16 18 22 24
03 08 09 13 16 26 31
03 07 10 13 20 24 29
04 07 08 10 21 27 29
01 03 09 16 22 24 31
04 06 12 15 22 23 24
01 02 15 16 20 23 29
02 04 12 17 19 24 28
01 09 12 16 18 20 30
02 05 12 17 18 24 28
02 05 07 18 21 26 27
01 03 10 13 25 26 28
01 12 13 14 17 21 28
06 07 12 13 21 22 25
02 08 09 13 15 28 31
01 10 11 14 15 26 29
02 06 14 19 20 22 23
04 09 11 15 19 22 26
07 08 13 15 18 20 25
01 05 11 15 18 26 30
04 05 10 18 19 21 29
01 04 15 16 20 22 28
04 08 09 12 22 23 28
01 06 08 17 18 26 30
03 10 14 15 17 23 24
03 08 11 12 19 25 28
02 04 10 15 18 28 29
04 09 12 14 18 24 25
03 05 10 12 22 26 28
01 04 08 16 22 24 31
06 07 12 14 20 23 24
02 05 11 13 20 26 29
01 06 12 13 23 24 27
01 12 14 15 16 19 29
03 08 10 15 18 24 28
06 08 10 16 17 19 30
05 06 11 16 19 23 26
01 05 11 16 23 24 26
01 07 10 13 23 24 28
04 07 09 12 13 30 31
02 08 10 14 22 23 27
04 08 10 17 20 22 25
06 09 10 18 19 21 23
03 04 09 11 21 28 30
06 07 08 12 16 26 31
05 07 11 12 20 23 28
03 04 11 16 21 22 29
06 07 10 14 20 24 25
01 08 13 15 16 23 30
01 04 07 19 21 24 30
02 04 11 12 19 27 31
04 06 09 14 20 23 30
02 03 15 16 19 22 29
01 05 09 18 20 22 31
01 02 12 13 24 25 29
02 06 09 20 21 23 25
03 07 12 14 20 21 29
08 10 12 13 14 24 25
05 08 10 15 17 23 28
01 02 04 14 26 29 30
04 06 11 14 18 26 27
01 04 06 19 23 24 29
06 07 08 10 17 28 30
02 08 13 16 19 20 28
01 02 08 11 24 29 31
08 09 11 13 16 20 29
04 09 10 14 15 23 31
03 08 12 14 17 21 31
02 06 07 17 18 27 29
05 08 10 14 17 25 27
01 10 12 14 18 25 26
03 10 11 12 17 24 29
03 04 08 18 20 25 28
02 06 12 14 20 25 27
03 05 11 18 19 20 30
05 06 12 13 20 24 26
02 06 07 21 22 23 25
08 10 11 15 17 21 24
02 09 14 15 19 21 26
06 11 13 14 19 21 22
02 03 11 15 22 24 29
02 06 09 10 18 30 31
07 08 13 16 18 21 23
04 06 11 14 19 24 28
03 06 12 15 19 20 31
01 09 10 15 20 24 27
04 06 08 11 20 28 29
02 03 08 12 25 26 30
02 10 11 15 18 23 27
05 11 12 16 18 21 23
02 04 12 16 22 23 27
02 03 09 14 22 26 30
02 07 14 15 16 25 27
04 07 08 09 17 30 31
02 07 09 15 22 24 27
01 04 16 17 19 22 27
01 08 13 15 20 23 26
01 07 09 20 22 23 24
02 04 09 13 24 25 29
01 04 13 14 19 25 30
06 10 13 17 18 20 22
04 09 11 15 19 20 28
03 04 08 10 24 28 29
02 06 09 12 19 27 31
01 08 09 16 19 25 28
01 07 08 14 15 30 31
05 08 13 14 18 20 28
01 08 09 16 18 25 29
03 06 09 14 20 23 31
02 07 08 14 21 23 31
02 06 10 15 17 26 30
04 08 14 15 17 20 28
04 10 12 13 15 24 28
02 06 09 12 22 25 30
02 09 11 15 18 25 26
01 02 05 18 22 27 31
03 07 09 11 20 26 30
06 09 10 13 17 20 31
02 05 07 18 19 27 28
02 03 07 11 24 29 30
01 06 08 16 20 25 30
01 08 13 16 21 22 25
02 04 13 16 19 21 31
01 07 08 09 26 27 28
04 05 10 12 20 27 28
01 04 05 15 22 29 30
04 08 09 14 18 25 28
02 05 10 11 18 29 31
03 04 07 12 22 28 30
02 03 05 14 24 28 30
04 05 14 16 18 21 28
01 03 15 18 20 24 25
01 08 09 15 22 23 28
03 04 09 18 21 22 29
06 08 10 15 17 22 28
04 05 07 10 22 27 31
02 08 09 14 19 25 29
01 02 08 11 25 29 30
04 05 09 11 22 24 31
02 08 10 15 19 23 29
03 11 12 15 16 21 28
07 08 10 16 18 19 28
04 07 09 17 18 24 27
01 06 08 10 24 26 31
04 05 14 15 19 21 28
02 04 11 18 22 23 26
01 03 09 19 20 26 28
02 07 09 17 18 25 28
06 10 11 14 18 22 25
02 04 11 17 18 23 31
08 11 13 14 15 22 23
01 06 10 15 19 25 30
08 09 10 15 16 19 29
06 07 12 13 18 20 30
02 07 12 15 16 23 31
01 03 12 15 21 26 28
04 07 14 15 17 20 29
05 06 09 12 22 25 27
01 04 11 19 20 25 26
01 08 12 17 20 23 25
02 09 11 18 19 23 24
01 05 12 14 18 25 31
04 09 12 15 16 24 26
01 05 06 17 20 27 30
01 05 06 13 23 28 30
01 05 12 18 20 24 26
07 09 10 13 14 24 29
05 08 09 12 20 25 27
02 07 12 17 19 24 25
06 08 11 13 20 21 27
06 07 12 17 19 22 23
04 07 08 17 20 23 27
01 07 08 10 24 27 29
05 12 13 14 18 20 24
04 05 12 13 20 25 27
01 09 10 16 18 21 31
01 03 12 16 22 25 27
02 05 06 17 20 27 29
05 11 14 17 18 20 21
02 06 14 17 18 22 27
06 07 13 14 17 23 26
05 08 10 13 17 23 30
05 10 12 14 17 23 25
04 10 12 13 15 23 29
01 02 04 18 24 27 30
01 02 16 17 21 24 25
02 03 14 17 18 24 28
02 06 09 16 23 24 26
05 08 11 16 17 18 31
02 07 08 17 22 24 26
04 06 08 15 20 25 28
05 09 15 17 18 20 22
01 09 10 18 19 23 26
05 06 08 14 22 25 26
01 08 10 13 17 26 31
03 08 13 14 16 21 31
01 06 12 15 19 25 28
02 06 08 19 20 21 30
01 10 16 17 18 21 23
03 10 14 16 19 20 24
03 08 09 11 19 26 30
04 07 08 12 22 24 29
03 05 10 12 16 29 31
05 11 13 16 18 20 23
06 07 12 14 20 22 25
02 09 14 15 17 22 27
04 08 09 12 16 28 29
01 08 09 12 15 30 31
02 05 07 16 22 23 31
01 03 17 18 20 21 26
02 06 11 14 17 26 30
01 05 06 18 21 27 28
05 09 11 12 14 25 30
09 10 11 14 15 16 31
05 08 11 13 16 22 31
05 07 10 13 20 23 28
03 07 08 09 21 28 30
03 08 09 12 18 27 29
02 03 15 16 20 22 28
03 04 12 13 20 25 29
03 07 12 14 15 25 30
03 04 09 17 20 24 29
02 05 10 14 18 28 29
02 03 07 17 22 26 29
06 08 09 11 20 21 31
03 07 11 12 14 28 31
02 05 07 19 20 24 29
04 07 11 14 15 25 30
06 09 10 12 17 22 30
01 04 10 17 20 26 28
04 07 08 18 19 22 28
07 09 10 12 15 23 30
04 06 09 19 20 21 27
06 07 08 10 20 26 29
02 07 13 14 15 24 31
04 08 12 16 18 21 27
03 04 09 12 24 25 29
05 12 13 16 17 20 23
04 05 14 15 18 24 26
01 12 14 16 19 21 23
03 06 08 09 25 26 29
03 05 06 11 23 28 30
06 07 15 16 17 22 23
04 07 09 13 22 24 27
04 07 11 13 18 23 30
01 06 10 13 18 27 31
03 05 07 12 20 28 31
01 03 11 17 18 26 30
04 12 14 17 18 19 22
04 06 15 16 18 22 25
01 02 06 19 25 26 27
02 03 09 16 20 27 29
05 06 12 14 20 23 26
06 08 10 15 16 21 30
03 12 14 15 19 21 22
03 09 10 14 19 23 28
03 08 09 17 18 22 29
01 09 13 14 20 24 25
02 03 04 09 27 30 31
01 05 09 19 22 24 26
02 07 09 12 23 26 27
11 12 14 15 17 18 19
03 08 15 18 19 21 22
01 08 10 17 19 24 27
01 07 14 16 17 22 29
02 09 13 15 18 21 28
02 07 12 14 15 27 29
05 07 09 10 20 25 30
03 05 15 16 21 22 24
01 05 07 16 22 27 28
01 05 08 19 21 24 28
06 08 10 14 16 21 31
02 05 06 16 24 26 27
03 05 11 12 20 26 29
02 05 11 18 19 23 28
01 10 13 15 19 20 28
05 06 09 16 19 21 30
03 04 06 19 20 24 30
06 09 12 13 19 23 24
04 08 12 14 17 23 28
03 07 09 18 19 20 30
08 09 10 17 18 19 25
03 10 13 15 18 19 28
03 08 10 16 21 23 25
05 08 11 13 18 25 26
02 04 05 15 23 27 30
01 06 07 12 21 29 30
03 08 11 13 14 26 31
02 05 09 15 21 24 30
04 11 13 14 18 20 26
03 06 14 15 21 23 24
03 04 05 11 24 28 31
04 07 14 15 18 20 28
02 06 15 17 20 22 24
01 06 07 17 20 25 30
02 04 09 16 24 25 26
04 09 11 14 19 23 26
08 09 10 12 16 20 31
01 04 09 20 22 23 27
01 07 10 18 21 23 26
01 03 10 17 23 24 28
01 02 15 16 17 27 28
04 06 14 17 19 20 26
02 08 14 15 20 21 26
04 11 12 13 18 19 29
01 07 14 16 19 20 29
01 04 14 16 17 23 31
04 05 13 14 17 23 30
02 06 11 17 19 20 31
01 03 13 18 21 24 26
06 07 12 15 16 21 29
02 04 08 17 21 23 31
01 04 15 19 20 23 24
03 06 12 14 21 23 27
03 04 09 16 21 22 31
03 04 11 18 21 24 25
03 04 12 17 22 23 25
04 06 08 20 21 22 25
03 08 12 17 20 21 25
01 08 14 15 19 21 28
03 08 10 17 19 22 27
02 08 10 14 21 25 26
03 05 09 10 23 26 30
03 04 11 18 19 21 30
02 06 11 13 19 24 31
03 11 13 17 18 20 24
01 04 14 16 17 24 30
02 08 14 15 16 25 26
02 08 09 16 20 21 30
05 10 11 14 17 21 28
04 10 12 15 16 23 26
01 06 13 14 19 24 29
01 08 11 15 19 22 30
01 03 12 14 23 25 28
06 07 08 15 20 22 28
06 07 09 14 19 24 27
01 03 09 16 18 29 30
03 08 12 15 16 21 31
03 05 10 12 20 27 29
04 07 10 13 15 27 30
03 08 11 13 20 24 27
03 07 12 15 21 22 26
03 06 10 16 17 24 30
02 12 13 14 18 22 25
01 03 07 12 24 28 31
03 06 12 13 15 27 30
02 09 13 16 19 20 27
05 08 13 14 15 21 30
01 04 14 15 19 22 31
03 07 12 14 20 22 28
04 10 13 15 16 17 31
02 07 10 15 16 25 31
01 06 11 15 21 24 28
01 02 13 15 17 28 30
04 08 12 14 15 23 30
01 07 09 12 18 28 31
02 04 07 12 24 28 29
03 06 10 19 21 22 25
06 09 12 14 18 19 28
02 08 09 12 17 27 31
02 08 09 13 17 28 29
04 11 13 15 19 20 24
04 07 13 15 20 23 24
02 07 08 13 15 30 31
01 02 09 17 21 26 30
06 08 13 14 16 23 26
01 13 14 17 18 21 22
08 10 13 15 17 18 25
05 08 11 12 21 23 26
05 09 12 16 19 21 24
03 04 10 16 21 24 28
05 06 10 13 22 23 27
04 05 13 17 21 22 24
03 08 12 14 20 22 27
06 08 09 18 19 21 25
05 07 08 09 22 26 29
01 06 09 10 21 28 31
04 08 10 14 21 23 26
04 05 10 13 17 27 30
02 05 07 17 22 24 29
02 08 15 18 19 20 24
01 07 08 13 18 29 30
02 07 14 15 17 20 31
02 07 13 15 16 22 31
01 10 13 15 19 22 26
01 03 06 14 25 26 31
03 07 10 11 18 28 29
03 07 10 11 23 24 28
01 04 12 18 19 23 29
04 09 10 13 16 23 31
05 09 11 13 14 24 30
01 02 03 17 25 28 30
02 09 15 16 17 21 26
03 05 15 16 18 19 30
01 06 07 13 20 28 31
03 08 09 12 18 25 31
03 06 07 08 23 29 30
02 04 07 10 24 29 30
05 07 08 16 18 25 27
06 07 09 17 18 19 30
07 10 12 14 15 22 26
02 07 09 16 19 23 30
05 09 11 15 18 22 26
01 13 14 16 19 20 23
06 08 12 14 17 22 27
01 03 08 13 24 26 31
02 03 16 18 19 20 28
04 07 09 10 19 27 30
06 07 12 13 17 24 27
03 05 10 11 19 28 30
05 07 08 09 20 27 30
04 08 09 10 22 23 30
08 09 11 15 16 22 25
05 06 12 13 21 22 27
01 05 13 15 18 26 28
01 02 07 17 25 26 28
03 11 13 16 18 19 26
01 03 10 17 22 24 29
08 09 10 15 17 19 28
02 03 12 14 18 26 31
04 06 09 11 22 23 31
03 08 12 15 21 23 24
02 07 12 16 21 23 25
01 09 10 12 23 25 26
02 07 15 16 18 22 26
01 07 08 12 21 26 31
03 04 14 16 19 24 26
04 08 10 13 14 28 29
02 04 05 10 25 29 31
06 10 11 14 17 18 30
01 02 03 22 24 26 28
06 08 12 13 21 22 24
03 10 11 17 18 23 24
07 09 13 14 16 17 30
03 04 05 14 22 28 30
07 09 10 11 18 21 30
01 11 15 17 18 20 24
01 07 08 13 23 26 28
05 07 08 10 22 26 28
01 02 04 13 27 29 30
04 10 13 16 18 22 23
02 07 10 13 18 25 31
02 08 11 13 15 28 29
01 05 08 20 22 23 27
04 06 11 12 19 23 31
01 08 13 16 18 23 27
01 06 14 16 17 25 27
01 06 08 15 21 25 30
07 10 11 12 18 23 25
02 04 06 13 23 28 30
01 03 04 19 22 27 30
01 02 08 18 23 25 29
06 09 10 11 18 22 30
04 05 07 12 23 25 30
02 05 07 18 21 22 31
04 07 10 11 21 25 28
01 04 12 13 17 28 31
07 09 11 12 17 24 26
04 07 09 12 22 23 29
02 04 10 16 23 25 26
04 10 13 15 17 22 25
09 10 12 15 16 18 26
03 08 10 19 20 22 24
01 06 09 18 20 23 29
05 07 10 17 19 20 28
05 07 08 15 17 26 28
01 03 06 12 25 28 31
08 10 12 15 16 21 24
02 06 08 13 22 27 28
07 08 11 16 18 19 27
03 06 07 13 22 27 28
03 09 12 13 14 25 30
02 03 04 17 24 27 29
02 04 05 19 21 26 29
08 09 12 15 19 20 23
04 09 11 13 20 22 27
02 04 05 19 20 25 31
02 08 09 17 18 24 28
03 06 11 17 19 20 30
01 08 11 14 20 23 29
01 07 11 14 22 25 26
02 03 10 14 19 28 30
04 07 08 15 21 24 27
02 05 16 17 18 22 26
05 06 11 15 19 22 28
02 04 05 13 24 27 31
03 05 08 10 23 27 30
01 04 06 15 19 30 31
02 04 11 16 21 25 27
03 04 13 19 20 22 25
02 06 09 10 22 27 30
03 05 08 15 17 28 30
06 07 09 16 18 22 28
01 07 16 18 20 21 23
02 03 10 19 20 24 28
02 07 10 16 19 21 31
01 06 07 18 21 22 31
01 06 11 15 16 28 29
02 03 07 19 21 24 30
02 03 06 17 23 26 29
03 04 10 15 19 24 31
04 06 08 12 22 23 31
02 08 10 12 14 29 31
09 10 11 14 17 20 25
03 08 09 18 20 21 27
04 09 11 13 18 20 31
04 07 14 16 17 20 28
03 05 13 16 20 21 28
03 08 12 14 20 24 25
07 08 13 15 16 17 30
01 03 14 17 22 24 25
04 08 14 15 17 21 27
04 07 09 10 22 23 31
01 02 09 17 23 24 30
03 05 13 14 19 22 30
02 04 08 15 21 25 31
02 08 09 15 19 24 29
02 06 07 18 20 22 31
06 07 12 14 17 22 28
02 05 08 13 23 24 31
01 03 05 12 26 29 30
07 09 15 16 17 20 22
02 04 10 13 18 29 30
07 09 10 12 14 23 31
06 07 10 15 17 22 29
02 03 13 14 18 26 30
06 07 08 17 18 23 27
01 03 13 14 19 26 30
02 08 14 17 20 22 23
02 04 12 14 19 27 28
01 02 14 16 18 27 28
03 08 12 15 17 23 28
01 07 09 13 18 28 30
02 06 08 11 23 25 31
01 06 10 14 23 24 28
04 05 13 14 20 23 27
01 02 03 19 24 28 29
04 06 12 14 15 25 30
06 08 10 15 18 23 26
01 09 10 16 20 23 27
02 05 11 15 19 24 30
03 05 12 15 17 24 30
02 05 07 19 22 24 27
02 05 11 12 16 29 31
03 09 10 12 20 24 28
01 03 14 16 23 24 25
03 07 13 16 17 22 28
01 04 15 16 22 23 25
06 09 10 12 21 23 25
02 07 09 13 14 30 31
02 03 05 17 24 25 30
04 07 12 18 20 22 23
04 08 12 13 16 22 31
02 05 06 15 20 28 30
06 08 13 14 16 21 28
04 05 10 14 17 27 29
01 04 08 15 17 30 31
04 06 11 15 16 25 29
02 07 12 14 18 24 29
03 07 10 14 20 23 29
01 09 11 15 18 24 28
01 04 07 18 20 27 29
01 04 09 19 22 23 28
01 05 12 13 23 24 28
04 12 14 15 17 21 23
03 07 09 12 20 26 29
03 09 12 16 20 22 24
06 09 11 12 21 23 24
01 08 11 16 19 21 30
01 04 15 18 20 22 26
05 06 07 16 17 25 30
07 08 10 16 17 19 29
02 05 08 20 21 24 26
02 04 13 18 19 21 29
04 06 07 16 20 23 30
01 05 09 20 22 23 26
01 08 09 15 18 26 29
03 09 10 16 18 20 30
03 04 08 17 20 23 31
03 07 10 16 22 23 25
02 09 10 16 17 21 31
03 05 10 16 18 26 28
04 05 10 16 20 21 30
01 10 12 15 17 23 28
01 11 12 13 15 26 28
04 06 12 14 15 24 31
02 13 14 15 19 20 23
04 07 10 11 18 27 29
03 04 06 12 23 28 30
02 09 11 16 21 23 24
02 04 07 17 23 26 27
03 11 12 15 16 24 25
01 06 08 17 18 27 29
04 10 16 17 18 20 21
04 09 12 13 17 24 27
03 05 13 14 16 25 30
05 08 11 18 19 21 24
02 03 04 19 22 25 31
01 09 13 14 18 20 31
01 12 14 16 17 21 25
01 04 13 16 21 23 28
05 06 10 13 19 23 30
07 08 09 12 18 21 31
01 08 13 17 18 20 29
01 02 04 14 27 28 30
05 09 10 12 19 23 28
02 03 12 15 23 24 27
02 06 07 12 24 26 29
01 06 08 11 21 29 30
02 03 10 15 19 27 30
06 12 13 14 18 20 23
06 09 11 15 17 22 26
01 04 08 19 21 25 28
01 05 08 19 20 22 31
01 04 10 17 19 27 28
04 05 10 17 18 25 27
04 08 12 13 20 23 26
08 11 12 13 17 20 25
01 11 12 13 16 24 29
06 07 10 11 15 26 31
01 02 12 17 18 26 30
02 12 13 16 19 20 24
02 03 08 18 22 24 29
02 05 14 16 20 23 26
01 04 09 15 22 25 30
02 04 07 16 20 26 31
03 07 11 12 21 24 28
03 07 10 12 19 25 30
02 04 08 11 23 27 31
03 04 10 12 18 29 30
05 06 13 15 20 23 24
02 04 06 17 22 27 28
01 02 04 18 23 27 31
04 06 11 17 19 20 29
05 08 09 15 16 25 28
03 07 10 13 18 25 30
06 08 09 12 20 25 26
05 06 09 14 21 25 26
02 04 14 16 19 20 31
02 06 08 12 18 29 31
01 07 10 16 19 22 31
01 11 12 16 17 24 25
02 03 08 16 22 25 30
03 08 11 16 20 23 25
03 06 09 17 22 23 26
01 11 12 13 18 25 26
05 06 14 16 17 21 27
01 02 07 22 23 25 26
04 07 09 12 21 22 31
01 02 07 19 21 26 30
01 09 10 13 19 26 28
08 10 11 13 17 18 29
08 09 12 16 18 19 24
03 06 09 12 22 26 28
06 08 13 16 19 21 23
03 07 08 18 22 23 25
06 08 11 14 17 24 26
02 04 09 18 19 24 30
03 04 06 16 24 26 27
03 12 13 16 17 21 24
02 06 09 13 21 25 30
02 03 09 14 21 26 31
01 09 14 16 17 22 27
03 04 07 14 20 28 30
01 12 14 15 16 20 28
03 05 09 14 20 25 30
04 07 10 13 20 23 29
03 04 10 12 23 25 29
01 06 08 19 21 23 28
03 04 14 18 20 21 26
03 04 10 14 17 28 30
02 10 13 14 17 22 28
02 10 12 16 17 18 31
06 08 09 16 19 21 27
02 03 05 17 18 30 31
02 05 11 13 17 28 30
01 04 06 12 24 28 31
03 08 09 18 20 22 26
05 08 11 12 19 20 31
04 08 09 11 22 23 29
07 09 11 15 16 22 26
04 10 12 15 17 20 28
04 06 10 11 23 24 28
02 09 11 13 20 25 26
03 10 12 15 18 22 26
02 03 15 17 18 21 30
02 05 09 18 20 21 31
03 07 12 16 18 22 28
02 07 08 15 18 25 31
01 03 11 14 24 26 27
01 04 06 19 22 24 30
02 05 12 15 17 26 29
04 07 08 13 22 24 28
03 07 10 13 14 29 30
01 03 05 17 22 28 30
03 04 06 12 23 27 31
03 05 17 18 20 21 22
04 06 09 13 21 23 30
02 04 07 16 21 26 30
05 06 12 17 18 20 28
01 05 13 15 18 24 30
02 10 13 14 15 25 27
04 08 12 18 19 20 25
01 02 09 19 23 24 28
01 02 06 19 23 25 30
01 09 12 13 22 24 25
04 06 08 11 22 27 28
06 12 13 15 19 20 21
02 11 14 15 17 21 26
04 05 06 21 22 23 25
02 06 08 15 18 28 29
10 11 12 14 15 18 26
02 04 06 10 26 27 31
05 10 12 13 14 23 29
03 04 05 14 23 27 30
01 04 12 14 19 26 30
03 06 09 15 20 22 31
04 05 07 11 18 30 31
02 06 08 16 22 25 27
04 08 11 15 21 23 24
04 09 10 11 17 24 31
02 03 15 17 20 21 28
03 07 10 12 19 27 28
02 04 15 16 21 23 25
02 03 11 15 18 26 31
01 08 10 18 19 23 27
10 11 12 15 16 18 24
04 06 15 16 19 20 26
05 08 11 14 20 21 27
02 07 11 12 23 25 26
02 04 07 14 24 26 29
01 08 13 14 19 23 28
02 08 11 15 21 23 26
01 04 09 16 22 24 30
05 09 10 12 18 25 27
06 08 09 12 18 25 28
02 06 12 14 19 23 30
07 08 10 13 16 21 31
07 08 10 17 19 21 24
03 06 08 18 19 23 29
01 06 15 16 17 24 27
03 05 12 16 17 23 30
01 03 06 18 23 24 31
01 07 09 16 17 26 30
01 03 09 16 20 27 30
04 06 12 16 20 23 25
02 04 09 11 23 26 31
02 03 07 16 23 24 31
01 02 06 18 24 27 28
03 04 08 14 22 27 28
03 09 12 17 18 20 27
05 06 09 10 22 23 31
01 02 07 19 23 24 30
03 04 10 13 19 28 29
01 04 13 14 15 28 31
02 09 15 16 17 20 27
03 08 09 12 15 28 31
02 05 09 16 19 25 30
03 05 11 15 18 24 30
02 09 13 14 19 22 27
06 08 12 17 18 22 23
04 05 08 19 21 24 25
01 08 09 16 21 25 26
03 04 05 21 22 25 26
02 03 10 11 25 27 28
01 03 04 16 23 28 31
01 02 05 20 23 27 28
02 05 11 14 19 24 31
02 03 05 17 23 26 30
06 07 15 17 18 21 22
01 02 17 18 21 23 24
04 08 12 18 19 22 23
05 11 13 15 16 18 28
03 09 12 16 20 21 25
04 07 10 13 21 23 28
02 04 05 14 25 27 29
01 08 09 11 22 24 31
04 07 10 14 16 27 28
05 06 08 16 17 26 28
05 08 10 11 18 24 30
05 07 11 16 21 22 24
05 07 08 14 20 25 27
05 08 09 15 18 23 28
02 04 08 21 22 23 26
03 08 11 17 20 22 25
02 05 11 14 23 24 27
03 06 08 16 21 23 29
01 11 13 16 18 22 25
02 03 16 17 18 23 27
04 06 11 13 21 24 27
05 09 13 14 19 22 24
02 05 08 19 21 23 28
07 08 11 12 13 24 31
07 08 10 14 17 23 27
03 09 10 16 20 21 27
03 04 10 14 16 29 30
02 08 10 13 17 25 31
02 05 07 16 23 26 27
05 07 12 13 18 21 30
01 03 05 18 25 26 28
02 03 14 18 20 23 26
03 08 10 12 19 26 28
02 05 08 17 21 22 31
01 02 05 08 29 30 31
03 05 06 13 22 27 30
01 07 13 16 20 21 28
02 03 07 14 21 29 30
02 06 11 15 17 27 28
04 07 11 12 13 29 30
01 03 05 14 25 28 30
03 07 10 16 20 24 26
06 11 14 15 16 21 23
02 06 15 16 18 24 25
01 06 07 09 22 30 31
02 05 08 13 21 27 30
01 05 12 17 22 23 26
02 10 13 16 19 22 24
01 08 09 13 18 27 30
02 08 15 16 18 19 28
02 08 13 17 20 21 25
01 05 08 15 22 24 31
02 05 09 17 22 25 26
02 07 09 17 20 25 26
03 09 10 13 16 24 31
01 09 10 14 18 25 29
06 07 10 11 19 24 29
03 06 08 18 21 23 27
02 06 09 14 21 26 28
04 06 07 17 19 24 29
02 06 09 17 22 23 27
01 08 14 15 18 20 30
01 10 11 14 15 27 28
01 06 11 16 18 24 30
01 09 10 16 22 23 25
03 04 14 16 18 20 31
02 06 13 14 15 26 30
04 06 08 13 23 24 28
04 07 08 12 21 23 31
05 07 13 14 20 23 24
02 03 10 18 22 24 27
05 06 11 15 16 24 29
01 06 13 14 21 25 26
03 07 08 10 23 24 31
01 11 13 14 17 22 28
06 08 12 13 15 22 30
06 07 11 15 16 21 30
01 03 07 19 20 26 30
03 07 12 14 19 20 31
06 10 12 13 19 22 24
04 06 13 17 21 22 23
04 09 14 17 19 20 23
09 10 12 15 17 18 25
04 06 07 09 24 26 30
02 10 12 16 17 19 30
02 05 10 17 19 25 28
01 07 08 12 23 24 31
02 03 08 16 18 29 30
03 06 13 18 19 21 26
07 08 10 14 20 22 25
06 09 14 15 16 21 25
07 11 12 15 17 18 26
02 08 09 15 20 21 31
08 10 12 15 17 18 26
02 04 05 08 28 29 30
01 02 06 15 25 27 30
05 10 13 15 17 22 24
06 09 12 15 16 23 25
05 08 09 14 20 21 29
01 03 11 18 23 24 26
01 04 11 17 23 24 26
03 08 11 13 19 24 28
03 05 12 17 20 21 28
06 09 11 12 20 23 25
03 06 12 14 15 25 31
01 06 07 15 22 27 28
02 05 14 15 17 25 28
01 11 14 15 18 19 28
02 04 07 12 26 27 28
01 09 12 15 16 22 31
02 04 16 17 19 22 26
03 07 10 12 18 26 30
02 04 08 11 21 29 31
01 04 08 11 23 29 30
03 05 06 13 20 28 31
03 05 07 12 21 28 30
01 03 09 18 20 25 30
02 07 10 16 18 22 31
01 04 09 16 20 27 29
02 06 14 15 21 23 25
04 05 10 14 15 28 30
05 08 10 16 21 22 24
05 11 12 16 17 22 23
01 12 13 15 17 20 28
04 08 10 15 18 25 26
07 08 11 16 18 21 25
02 09 13 16 17 23 26
03 05 06 17 20 25 30
06 09 10 12 22 23 24
01 03 13 15 18 26 30
01 11 12 17 18 23 24
02 05 10 16 21 23 29
03 07 10 12 22 24 28
02 08 12 13 19 24 28
03 05 06 10 22 29 31
06 09 12 14 17 21 27
03 12 13 16 17 18 27
04 10 11 13 14 25 29
05 06 10 17 18 22 28
02 09 10 15 18 24 28
04 11 12 13 17 20 29
09 10 11 13 16 20 27
04 10 12 13 18 22 27
03 09 10 13 20 24 27
05 11 12 13 16 22 27
01 08 14 16 17 24 26
01 05 08 09 26 28 29
04 08 12 17 18 21 26
02 07 10 19 20 23 25
03 08 12 16 18 22 27
02 07 08 17 19 25 28
03 10 12 14 17 21 29
05 06 08 14 21 24 28
03 08 10 12 21 25 27
07 09 12 14 15 22 27
05 06 08 17 21 22 27
02 06 08 10 25 27 28
02 04 10 15 22 26 27
05 10 12 13 19 20 27
02 09 14 17 19 22 23
04 07 09 13 19 24 30
02 03 11 18 19 24 29
03 08 11 14 21 24 25
01 10 15 18 19 20 23
02 03 07 14 22 28 30
01 12 13 17 18 21 24
04 06 13 16 20 22 25
02 08 09 10 23 25 29
04 09 14 17 18 20 24
02 03 07 17 24 26 27
04 11 14 16 17 21 23
05 08 14 15 17 22 25
02 06 09 15 21 25 28
01 06 13 18 21 22 25
05 06 12 17 18 22 26
03 09 11 12 20 25 26
01 03 08 10 25 29 30
01 04 12 13 22 26 28
03 09 10 11 23 24 26
04 08 10 15 20 22 27
02 06 11 13 22 24 28
02 08 09 18 19 23 27
03 08 12 16 18 20 29
07 10 12 14 19 21 23
03 04 11 17 18 23 30
07 08 09 12 17 24 29
03 06 13 16 18 23 27
03 06 07 17 23 24 26
01 02 12 14 18 29 30
07 10 13 14 19 21 22
03 09 14 18 19 20 23
02 09 13 15 16 22 29
02 06 07 18 20 23 30
04 06 10 16 19 25 26
02 03 11 14 22 26 28
03 10 12 16 17 23 25
07 08 10 11 13 26 31
01 04 09 16 20 26 30
04 07 10 11 17 26 31
09 10 12 13 15 18 29
04 06 11 14 19 21 31
04 08 11 13 15 24 31
03 05 10 12 23 24 29
02 07 11 13 18 24 31
01 06 09 14 20 27 29
02 04 07 13 21 28 31
04 08 09 13 19 24 29
01 05 10 17 20 24 29
04 08 10 14 20 23 27
02 04 08 13 24 27 28
02 06 07 13 19 29 30
01 02 14 15 19 26 29
04 11 14 15 18 21 23
05 06 13 14 15 22 31
01 05 08 11 25 26 30
02 05 10 13 23 24 29
02 06 13 16 19 23 27
02 07 09 14 21 23 30
08 09 10 13 17 20 29
01 06 12 17 18 22 30
03 07 12 15 18 23 28
04 09 13 18 19 21 22
06 08 11 16 19 22 24
06 09 10 12 17 23 29
03 11 13 16 18 20 25
05 06 13 16 17 22 27
01 06 11 12 17 28 31
04 08 11 17 18 22 26
03 06 08 12 22 25 30
02 05 06 16 22 24 31
02 10 14 17 18 20 25
04 06 12 13 19 23 29
02 07 09 12 21 25 30
01 08 12 14 18 26 27
05 09 12 13 19 20 28
01 06 14 15 20 22 28
02 04 08 15 20 28 29
01 05 13 18 20 24 25
06 07 08 17 18 20 30
01 04 13 16 19 22 31
08 10 12 14 16 21 25
05 08 10 11 17 25 30
02 09 10 12 18 25 30
03 04 08 18 20 24 29
04 08 10 16 21 22 25
01 06 08 11 24 26 30
06 07 08 15 17 25 28
02 07 11 14 17 26 29
06 08 11 13 14 24 30
01 02 07 18 22 26 30
05 09 11 12 18 21 30
04 06 13 14 17 22 30
05 09 12 13 20 21 26
03 08 10 14 19 21 31
01 04 06 14 23 27 31
02 04 12 17 19 23 29
01 03 10 15 18 29 30
01 09 10 16 18 24 28
08 10 11 14 16 17 30
02 05 07 15 16 30 31
06 07 11 15 18 22 27
01 04 10 13 23 27 28
01 12 14 15 16 21 27
07 08 11 17 19 20 24
02 10 12 14 16 25 27
03 06 10 17 19 22 29
01 07 12 14 19 23 30
02 07 08 16 20 22 31
02 03 04 12 26 28 31
05 07 10 16 17 22 29
02 03 08 16 20 27 30
03 06 07 19 20 21 30
02 08 12 14 17 22 31
01 04 11 14 16 29 31
06 08 11 12 14 27 28
06 07 11 13 18 21 30
05 08 12 16 17 22 26
03 05 10 16 18 23 31
02 07 10 15 20 24 28
05 11 13 14 19 20 24
02 08 13 16 18 22 27
02 06 07 16 24 25 26
03 05 13 16 18 25 26
06 08 10 12 15 27 28
02 05 06 17 21 25 30
01 02 16 18 19 20 30
05 06 11 17 18 21 28
09 10 12 13 14 22 26
01 06 08 17 19 26 29
02 04 14 15 19 24 28
03 06 08 11 19 28 31
06 09 11 14 18 19 29
05 10 13 16 17 22 23
02 05 09 15 16 29 30
07 10 11 13 15 22 28
05 07 10 12 22 24 26
06 08 11 16 17 19 29
03 08 11 14 16 26 28
01 06 12 13 15 28 31
03 06 10 14 16 27 30
02 04 06 12 23 28 31
06 07 10 11 20 23 29
02 03 13 14 18 25 31
01 03 12 16 19 24 31
01 04 12 14 18 26 31
02 09 10 13 18 24 30
07 08 09 13 17 22 30
02 05 12 16 17 23 31
02 03 13 14 16 28 30
05 08 14 15 18 20 26
01 02 03 23 24 26 27
01 03 05 20 22 26 29
01 04 06 18 24 26 27
05 06 10 13 23 24 25
01 07 10 16 19 23 30
01 10 13 15 16 23 28
06 08 09 11 12 29 31
02 04 15 18 19 20 28
02 06 08 14 22 23 31
03 05 12 13 20 26 27
06 09 10 13 21 22 25
05 06 08 09 21 28 29
08 10 14 15 17 20 22
08 10 12 14 15 23 24
04 10 13 14 15 21 29
03 06 13 14 20 22 28
02 08 09 18 22 23 24
01 12 13 16 17 22 25
01 04 05 14 25 28 29
01 06 11 18 19 23 28
02 05 07 15 20 26 31
04 09 13 16 19 21 24
02 08 12 13 18 26 27
01 02 13 14 21 27 28
02 06 08 18 19 22 31
02 03 09 17 18 27 30
03 08 09 12 20 25 29
01 06 12 17 18 25 27
04 05 09 12 23 24 29
02 08 09 14 22 24 27
06 08 13 16 18 20 25
08 09 11 16 18 19 25
07 08 12 15 16 22 26
03 06 07 16 22 23 29
03 11 13 14 18 20 27
02 03 15 19 21 22 24
01 02 07 18 21 26 31
02 09 10 12 23 24 26
02 06 09 12 19 28 30
01 03 13 14 20 27 28
04 05 15 16 21 22 23
01 05 13 18 22 23 24
02 09 10 15 18 25 27
06 10 12 15 17 19 27
02 04 10 16 17 26 31
02 07 10 14 20 25 28
06 09 11 18 19 20 23
03 05 08 18 20 24 28
02 08 11 16 17 21 31
03 06 12 16 19 24 26
02 05 14 17 20 23 25
01 04 16 18 20 23 24
03 11 12 14 16 19 31
04 06 11 15 22 23 25
05 07 10 12 16 26 30
03 06 08 11 23 27 28
04 05 12 17 20 22 26
02 05 10 18 21 24 26
04 05 06 12 24 26 29
02 06 08 17 20 22 31
08 09 10 12 17 20 30
05 08 11 16 17 21 28
02 07 08 09 25 26 29
01 02 13 18 21 25 26
03 08 11 15 20 24 25
03 10 13 14 16 22 28
02 09 13 16 19 23 24
04 06 07 10 18 30 31
02 07 13 16 21 23 24
04 06 08 10 17 30 31
06 08 09 11 13 28 31
09 10 13 15 16 21 22
02 07 13 15 19 20 30
02 04 05 19 23 24 29
07 09 12 14 17 21 26
02 05 12 13 22 24 28
02 06 07 17 20 24 30
02 04 13 14 17 25 31
02 04 14 16 19 21 30
08 10 11 13 19 20 25
01 06 07 15 24 26 27
03 04 06 11 24 27 31
03 04 09 16 21 24 29
01 06 07 17 18 27 30
01 09 11 13 22 24 26
01 04 13 18 19 23 28
04 08 11 14 20 23 26
04 08 11 12 15 25 31
01 05 08 15 20 26 31
01 02 13 17 18 24 31
03 04 07 19 20 22 31
03 04 11 14 15 28 31
05 08 11 14 15 23 30
01 03 13 16 18 24 31
03 04 10 13 19 27 30
06 09 13 14 19 21 24
01 04 08 18 19 27 29
04 09 11 12 19 23 28
02 07 11 14 20 23 29
04 10 11 15 17 19 30
02 10 12 15 18 19 30
01 07 09 16 18 27 28
05 06 08 20 21 22 24
02 04 10 16 19 24 31
03 04 13 16 19 21 30
03 06 07 12 22 25 31
03 04 09 12 23 26 29
01 04 06 14 25 26 30
01 05 12 14 19 26 29
03 06 10 12 24 25 26
02 09 15 17 18 20 25
05 08 10 15 16 21 31
04 08 10 14 19 20 31
01 05 08 16 22 25 29
01 05 08 18 19 27 28
05 07 09 12 20 22 31
02 03 14 15 22 24 26
01 08 10 15 16 26 30
06 11 13 15 18 21 22
01 04 10 19 23 24 25
04 10 11 15 19 20 27
02 04 07 18 22 26 27
02 03 09 17 19 26 30
07 09 12 13 19 20 26
04 09 12 13 20 22 26
06 07 12 17 19 21 24
02 04 11 13 19 26 31
02 06 11 14 20 25 28
07 08 11 12 21 23 24
04 09 10 15 18 22 28
06 09 12 15 17 21 26
06 07 10 13 15 25 30
04 06 12 17 19 21 27
01 04 07 14 25 27 28
01 03 06 20 23 25 28
01 09 10 11 23 24 28
01 02 09 17 22 24 31
03 08 11 15 19 20 30
02 07 13 14 18 21 31
04 06 08 14 19 26 29
04 07 08 09 24 26 28
03 06 08 16 18 24 31
04 06 11 12 14 29 30
04 05 08 14 22 23 30
02 04 06 10 24 29 31
02 04 12 18 19 20 31
05 07 11 16 18 21 28
02 09 14 17 20 21 23
05 06 07 11 21 26 30
03 07 11 12 23 24 26
04 10 11 16 18 19 28
01 03 08 16 20 27 31
04 10 11 13 19 21 28
01 08 09 13 20 27 28
08 09 11 14 18 19 27
02 07 15 16 17 24 25
03 06 09 16 19 24 29
02 07 10 12 18 26 31
09 11 13 14 16 19 24
06 09 10 14 16 25 26
03 06 12 14 22 24 25
06 09 11 14 18 20 28
06 08 12 16 17 19 28
01 04 08 13 24 25 31
08 11 12 14 15 20 26
02 07 13 16 19 22 27
08 09 12 13 15 21 28
03 08 11 14 18 23 29
06 07 11 15 17 20 30
01 04 11 12 19 28 31
01 03 07 14 23 28 30
05 09 10 18 19 22 23
01 10 15 17 18 22 23
01 06 10 14 19 27 29
06 08 09 13 18 22 30
01 05 17 18 20 21 24
05 06 12 14 20 21 28
06 07 09 10 17 27 30
02 03 08 18 23 25 27
02 06 12 13 20 25 28
02 04 07 19 21 23 30
06 09 13 15 16 21 26
02 07 13 15 20 23 26
08 09 13 14 19 20 23
01 05 12 18 19 20 31
01 07 14 18 20 21 25
01 09 10 11 17 28 30
05 11 13 14 18 22 23
03 06 13 14 17 26 27
03 05 08 19 20 21 30
06 07 10 11 19 23 30
03 04 14 15 18 22 30
04 09 10 17 19 22 25
04 09 11 13 19 24 26
02 05 07 15 24 26 27
02 10 14 15 18 23 24
05 06 11 14 16 26 28
06 08 12 17 18 19 26
04 08 11 12 14 26 31
05 11 14 15 18 19 24
03 07 14 18 20 21 23
03 05 10 18 19 22 29
01 04 12 19 20 23 27
05 06 11 12 16 27 29
03 07 13 14 17 24 28
02 07 09 14 22 23 29
04 10 13 15 16 22 26
01 02 06 16 24 28 29
01 12 14 16 17 19 27
02 06 11 15 19 22 31
02 11 15 17 18 20 23
04 06 11 14 19 22 30
02 07 08 15 20 26 28
01 04 13 17 21 22 28
01 02 05 16 23 29 30
03 05 06 13 25 26 28
02 11 14 16 17 18 28
01 05 06 10 26 28 30
03 11 12 14 17 23 26
04 07 09 17 18 22 29
01 03 13 15 22 24 28
03 06 09 14 20 24 30
09 11 12 14 16 19 25
02 04 06 11 26 27 30
02 06 07 15 20 27 29
02 04 06 16 23 25 30
01 03 12 18 19 25 28
01 04 08 16 20 26 31
01 02 07 14 22 29 31
02 03 13 15 20 26 27
01 03 04 15 24 28 31
01 03 09 12 25 26 30
02 06 10 13 23 25 27
02 07 11 13 20 24 29
04 05 11 18 19 20 29
01 04 15 16 19 22 29
02 03 13 14 19 26 29
04 05 12 13 19 22 31
04 09 15 17 19 20 22
03 04 11 16 18 24 30
02 07 10 15 21 23 28
01 04 07 12 26 27 29
02 06 09 18 19 24 28
02 03 14 17 21 24 25
03 04 16 17 21 22 23
04 07 11 14 21 23 26
03 06 10 16 18 25 28
02 07 10 17 19 25 26
02 04 09 14 20 27 30
02 07 10 14 15 27 31
05 10 13 14 18 21 25
03 07 08 12 19 27 30
02 05 06 07 25 30 31
02 05 06 19 21 25 28
01 05 13 18 19 22 28
06 08 10 12 21 24 25
04 05 13 15 18 23 28
02 04 12 14 17 26 31
01 04 13 15 18 24 31
03 09 10 12 15 27 30
06 07 09 12 17 27 28
08 10 12 13 16 17 30
02 03 08 10 25 27 31
05 08 15 16 18 21 23
07 08 10 12 21 23 25
01 02 09 15 20 28 31
04 06 10 19 20 22 25
04 10 12 13 19 20 28
01 04 08 12 22 29 30
04 08 11 14 16 24 29
06 07 12 14 19 22 26
01 05 11 14 22 26 27
04 13 14 15 17 21 22
03 08 09 16 18 22 30
06 07 10 12 16 25 30
06 07 10 14 19 21 29
01 05 09 15 18 28 30
01 02 04 19 22 28 30
01 03 17 18 20 23 24
04 08 11 17 19 20 27
07 11 12 14 15 23 24
08 09 11 14 15 19 30
01 07 08 18 19 22 31
03 06 11 12 15 29 30
01 04 09 12 22 27 31
01 09 12 13 14 27 30
04 08 16 17 18 21 22
01 08 10 16 18 24 29
04 08 11 13 20 21 29
02 08 09 16 18 26 27
08 09 11 14 15 18 31
04 06 13 15 21 22 25
04 06 09 14 17 27 29
03 08 12 14 15 23 31
06 08 09 12 18 24 29
05 07 10 13 15 26 30
01 04 12 16 19 24 30
06 10 11 13 19 22 25
03 08 09 14 18 23 31
02 07 15 16 19 20 27
02 04 09 19 21 25 26
03 08 11 15 21 22 26
05 06 12 15 18 20 30
02 03 10 17 19 26 29
03 05 09 12 16 30 31
03 04 08 14 20 27 30
01 04 13 17 20 23 28
01 07 12 15 19 22 30
03 10 12 15 16 19 31
02 05 07 11 24 27 30
03 04 07 09 26 27 30
02 11 12 14 18 23 26
03 04 05 12 23 29 30
04 05 12 14 17 25 29
02 03 04 21 24 25 27
03 04 07 21 22 24 25
01 04 05 22 23 25 26
03 05 14 15 20 22 27
01 09 11 14 18 25 28
01 03 16 18 19 21 28
08 09 12 14 18 19 26
01 09 11 12 18 24 31
08 11 12 13 15 19 28
01 12 15 16 18 20 24
02 03 09 16 21 25 30
05 06 08 18 20 24 25
05 08 11 14 18 24 26
01 06 11 17 20 23 28
05 06 08 13 21 25 28
02 07 10 13 19 27 28
01 06 12 13 20 25 29
01 09 14 16 20 21 25
03 11 14 16 17 21 24
01 09 12 14 18 21 31
06 07 12 13 15 22 31
02 05 06 20 21 23 29
04 09 11 12 13 27 30
02 06 08 12 17 30 31
01 02 16 19 20 23 25
02 08 10 17 20 24 25
04 11 13 16 19 20 23
02 04 09 16 22 26 27
09 10 13 16 17 20 21
01 06 14 19 20 21 25
08 09 10 12 13 26 28
04 09 11 14 16 22 30
04 06 15 16 19 21 25
03 09 12 15 19 22 26
09 10 11 13 15 22 26
05 09 10 11 20 23 28
04 08 10 11 14 29 30
01 06 07 16 17 28 31
03 06 08 11 18 29 31
03 07 10 14 18 24 30
04 05 08 12 22 24 31
07 09 10 12 15 25 28
01 06 08 16 24 25 26
03 04 07 16 22 23 31
06 08 11 15 17 18 31
04 05 10 15 18 25 29
02 07 11 17 18 25 26
01 03 14 17 22 23 26
01 09 10 13 15 28 30
03 05 09 14 22 24 29
03 08 10 14 16 24 31
03 09 12 15 16 22 29
06 08 09 15 18 22 28
04 05 14 17 18 21 27
02 09 10 13 17 27 28
04 05 12 15 18 25 27
03 09 10 11 14 28 31
10 12 13 15 16 19 21
02 08 15 17 18 19 27
01 03 04 16 24 27 31
01 05 11 17 22 24 26
04 08 11 13 22 23 25
03 04 11 12 24 25 27
03 07 09 16 19 22 30
04 05 07 09 22 29 30
01 07 08 18 19 23 30
01 06 10 14 17 27 31
06 10 12 15 16 18 29
02 04 06 12 23 29 30
01 04 08 16 21 26 30
01 06 07 09 26 28 29
05 06 10 12 17 25 31
03 08 11 16 19 21 28
07 08 11 15 20 21 24
02 06 09 10 21 27 31
01 08 12 16 19 20 30
01 02 13 18 21 24 27
08 10 12 13 19 20 24
03 09 10 15 18 23 28
03 09 10 14 18 22 30
02 06 13 17 19 20 29
04 09 13 14 17 22 27
07 09 10 13 19 20 28
08 09 11 13 14 20 31
04 06 07 17 20 24 28
04 06 11 14 20 23 28
02 09 10 15 18 23 29
03 05 09 18 20 22 29
03 04 09 12 22 26 30
04 08 11 12 21 23 27
01 04 09 18 19 26 29
01 03 06 09 28 29 30
03 04 09 17 22 24 27
04 06 12 16 19 21 28
01 03 10 17 22 25 28
04 06 09 11 22 24 30
03 06 12 14 19 22 30
02 07 09 14 20 24 30
09 11 12 14 15 22 23
09 11 12 13 18 19 24
02 13 14 16 19 20 22
03 06 12 13 17 25 30
02 06 11 14 18 26 29
06 08 09 17 19 21 26
03 09 10 18 19 22 25
02 04 07 13 21 29 30
03 05 12 18 20 22 26
03 05 06 14 23 25 30
05 11 13 16 19 20 22
03 05 10 15 19 24 30
04 07 09 12 22 25 27
02 10 12 13 17 24 28
02 07 12 14 19 21 31
04 08 10 15 18 21 30
02 05 09 16 21 23 30
03 04 05 17 22 25 30
05 08 13 14 15 23 28
04 07 11 12 21 25 26
05 08 10 16 18 24 25
03 06 08 13 21 24 31
03 09 11 14 20 21 28
02 06 11 19 20 23 25
02 07 09 18 19 21 30
04 09 14 15 17 20 27
01 05 09 11 22 28 30
01 07 10 13 22 25 28
02 03 10 15 17 29 30
01 07 11 14 20 25 28
01 04 09 10 24 28 30
01 03 08 16 19 29 30
04 09 12 13 14 25 29
03 08 09 12 21 24 29
09 10 11 14 18 19 25
05 07 08 10 23 25 28
01 02 11 18 19 24 31
05 08 11 17 20 21 24
01 03 09 14 22 26 31
02 05 09 10 23 28 29
05 08 09 16 20 22 26
04 09 13 14 19 21 26
02 06 09 12 24 26 27
02 06 08 19 21 24 26
03 04 13 14 18 26 28
03 06 09 12 15 30 31
02 04 13 15 20 24 28
03 04 10 16 21 23 29
02 11 14 16 17 19 27
02 11 13 14 18 22 26
05 11 13 15 18 20 24
02 03 06 21 22 24 28
02 08 09 14 18 26 29
03 09 14 16 20 21 23
02 03 14 18 19 22 28
04 08 09 15 20 21 29
03 04 08 13 18 29 31
04 07 09 14 20 24 28
08 09 12 13 19 20 25
06 07 09 12 20 21 31
02 07 13 16 18 20 30
01 06 13 15 20 22 29
02 06 08 12 22 25 31
03 04 12 17 19 20 31
01 03 04 14 25 28 31
07 08 10 16 18 22 25
03 08 10 11 19 25 30
04 07 12 14 18 23 28
01 02 05 20 23 26 29
05 09 11 14 19 22 26
01 02 05 19 20 28 31
02 04 09 11 25 26 29
04 05 15 16 17 24 25
05 07 14 15 20 22 23
04 11 12 13 16 22 28
06 10 12 14 18 21 25
08 10 11 13 16 21 27
02 12 13 14 16 19 30
02 05 09 12 22 26 30
03 05 08 16 21 23 30
02 08 11 13 19 25 28
03 09 10 11 19 26 28
04 05 15 18 19 21 24
04 10 12 13 16 25 26
02 04 11 19 20 23 27
01 02 14 19 22 23 25
03 06 09 10 23 24 31
05 07 10 13 18 25 28
01 06 11 16 19 25 28
03 05 09 19 20 22 28
01 05 07 08 27 28 30
03 05 10 13 17 28 30
05 07 12 14 15 26 27
02 04 13 18 21 22 26
01 04 09 13 21 28 30
05 06 11 12 19 25 28
04 10 12 13 17 22 28
02 06 12 15 18 22 31
02 07 09 14 23 24 27
08 09 10 15 16 18 30
04 07 12 13 16 23 31
04 07 09 18 19 22 27
02 04 10 11 25 26 28
04 06 11 13 19 24 29
06 09 12 13 18 19 29
04 06 09 14 21 23 29
07 10 12 16 17 19 25
05 06 10 13 18 23 31
03 06 08 16 22 25 26
02 09 12 13 14 27 29
03 06 12 15 19 21 30
06 10 11 14 19 21 25
02 04 08 12 23 27 30
03 04 07 17 18 27 30
07 09 10 16 18 19 27
02 03 13 16 18 24 30
04 05 14 15 17 20 31
02 04 13 15 22 24 26
04 06 12 14 17 23 30
05 10 12 16 19 21 23
05 07 12 13 21 22 26
04 10 13 14 15 23 27
04 08 13 16 18 23 24
06 11 14 15 17 21 22
07 08 09 14 18 21 29
04 05 10 12 19 27 29
04 06 10 16 17 22 31
02 04 12 13 24 25 26
04 06 11 12 19 24 30
02 06 12 14 19 22 31
01 04 06 09 26 29 31
02 07 15 16 17 21 28
05 11 12 16 17 18 27
03 04 11 14 18 26 30
02 03 13 14 17 26 31
02 03 13 15 21 24 28
04 06 07 09 23 27 30
01 03 06 13 26 28 29
05 09 10 12 13 26 31
04 09 12 13 20 23 25
04 08 13 15 21 22 23
03 04 12 14 22 25 26
02 09 10 12 17 26 30
03 12 13 15 16 20 27
07 08 13 14 16 18 30
03 08 11 12 23 24 25
05 06 09 12 22 23 29
04 09 11 12 16 26 28
06 11 13 15 16 21 24
01 02 03 21 25 26 28
02 05 08 18 22 24 27
03 08 10 16 22 23 24
03 10 11 15 16 22 29
01 06 11 13 20 27 28
05 07 12 15 18 20 29
01 04 06 20 23 24 28
02 03 05 12 26 28 30
04 11 12 13 18 22 26
08 11 13 15 16 18 25
01 07 08 17 18 26 29
01 02 04 18 24 26 31
01 08 10 14 22 25 26
03 04 12 16 19 21 31
02 04 08 13 21 27 31
02 04 10 12 19 28 31
02 12 13 14 17 19 29
02 12 14 16 17 20 25
03 10 12 14 16 25 26
03 05 11 17 20 22 28
01 08 13 18 19 21 26
02 03 07 16 22 27 29
03 08 13 14 16 24 28
01 03 14 18 22 23 25
06 10 13 15 19 20 23
01 05 15 16 18 20 31
02 03 16 18 19 22 26
03 09 10 14 16 23 31
07 10 12 15 16 19 27
08 11 12 13 17 21 24
02 06 11 14 19 26 28
02 08 12 14 19 23 28
03 04 06 16 23 26 28
02 05 10 11 23 26 29
02 08 11 15 19 25 26
01 06 07 18 21 23 30
02 03 09 11 24 28 29
01 03 08 13 25 26 30
04 06 13 18 20 22 23
02 04 08 13 24 25 30
03 09 13 15 18 20 28
02 05 07 13 20 28 31
05 10 11 15 18 23 24
01 06 09 10 23 28 29
01 04 11 16 17 26 31
02 11 12 13 16 25 27
04 08 10 15 19 21 29
01 04 12 13 21 27 28
07 08 10 15 19 22 25
02 07 11 16 17 25 28
06 07 10 13 14 26 30
01 04 08 09 23 30 31
02 08 10 14 19 23 30
02 10 14 16 19 22 23
03 04 11 12 19 28 29
02 08 15 17 18 20 26
03 06 12 13 18 24 30
06 12 13 14 18 21 22
06 08 12 13 17 20 30
02 11 12 13 15 26 27
04 05 12 17 19 22 27
01 08 13 15 17 22 30
01 03 08 18 20 27 29
05 07 11 16 18 22 27
01 05 09 18 21 22 30
01 04 08 14 22 27 30
05 06 11 12 18 25 29
03 05 15 16 17 20 30
02 10 13 15 16 21 29
05 09 10 17 18 19 28
03 11 15 16 18 21 22
02 04 09 11 24 25 31
01 02 04 19 23 26 31
02 08 10 15 22 23 26
04 08 15 16 18 20 25
01 02 05 09 28 30 31
02 12 14 15 18 22 23
03 06 13 14 19 20 31
02 07 12 14 16 24 31
04 07 08 14 20 23 30
03 05 10 18 19 20 31
04 06 07 16 20 24 29
03 06 11 17 18 20 31
02 05 14 17 19 22 27
03 08 13 18 19 21 24
02 03 11 17 22 25 26
02 10 13 16 18 23 24
03 05 09 14 21 24 30
01 08 12 13 14 27 31
02 04 12 14 18 27 29
02 09 15 17 19 20 24
02 08 10 15 21 23 27
03 05 06 08 23 30 31
02 04 14 15 22 23 26
04 06 08 14 21 25 28
01 04 13 16 17 24 31
02 07 09 20 21 23 24
03 06 09 10 20 27 31
03 04 08 14 21 26 30
01 04 10 16 17 27 31
02 09 12 14 17 25 27
03 06 08 10 23 25 31
02 06 09 12 20 27 30
08 10 13 14 17 21 23
01 08 10 12 15 29 31
02 05 07 14 21 27 30
02 04 14 15 18 22 31
03 04 06 12 22 28 31
03 04 12 17 21 23 26
01 09 15 16 18 19 28
01 06 15 16 17 22 29
05 07 12 16 21 22 23
03 08 11 14 20 24 26
04 05 14 15 16 25 27
02 05 06 19 20 23 31
05 06 08 11 21 26 29
06 07 08 16 18 22 29
01 11 12 15 18 23 26
01 11 12 13 16 25 28
01 03 10 12 25 27 28
04 06 09 12 19 27 29
06 09 12 13 16 24 26
03 05 10 13 23 24 28
04 09 10 14 19 23 27
01 04 12 15 22 23 29
06 12 13 14 19 20 22
04 12 15 16 18 20 21
04 08 09 13 18 23 31
02 07 13 14 18 22 30
03 08 10 14 20 24 27
02 08 09 16 18 22 31
07 10 11 14 15 19 30
01 04 07 17 20 26 31
05 09 14 15 18 20 25
01 02 04 14 25 29 31
01 05 06 10 25 28 31
03 04 08 12 20 29 30
01 02 15 16 21 23 28
03 06 12 17 20 23 25
04 09 10 12 18 23 30
03 06 07 09 20 30 31
01 02 07 13 24 29 30
02 04 07 17 22 26 28
02 05 12 18 20 23 26
02 04 09 17 20 25 29
07 09 12 16 17 22 23
04 09 12 18 19 21 23
02 09 13 14 18 22 28
01 12 13 14 18 23 25
01 09 10 14 18 23 31
02 04 07 18 22 24 29
01 03 12 17 22 25 26
02 04 12 13 18 27 30
01 08 11 15 18 24 29
04 05 11 18 20 22 26
03 04 05 17 23 24 30
03 06 10 15 20 25 27
02 06 07 13 23 27 28
04 12 14 15 16 19 26
05 06 11 16 17 21 30
02 09 13 15 16 20 31
02 06 10 18 19 25 26
03 08 12 17 20 22 24
07 10 12 13 18 21 25
04 06 10 12 23 25 26
02 03 04 16 25 26 30
01 04 10 18 21 25 27
02 06 13 15 19 20 31
06 07 09 12 22 23 27
05 11 12 16 17 21 24
02 03 12 15 16 27 31
01 05 06 17 22 26 29
01 04 12 15 19 25 30
03 05 07 13 22 26 30
01 05 12 19 22 23 24
02 07 13 15 20 24 25
03 06 07 10 21 29 30
02 05 11 16 21 23 28
09 10 11 14 16 19 27
05 07 11 12 18 23 30
04 06 11 15 18 24 28
02 03 04 13 26 27 31
01 09 14 16 17 19 30
01 05 06 15 20 29 30
02 04 06 16 24 25 29
03 06 09 16 22 24 26
02 07 12 14 18 26 27
03 04 07 13 22 26 31
04 05 11 12 19 26 29
05 06 12 16 18 23 26
04 12 14 15 17 19 25
02 04 15 17 18 22 28
05 06 09 16 22 23 25
03 04 06 13 22 27 31
02 04 11 15 23 25 26
07 08 13 15 20 21 22
02 05 13 14 20 24 28
03 08 09 13 15 28 30
06 07 09 13 19 22 30
01 04 09 18 22 23 29
02 03 12 15 17 26 31
04 06 12 13 20 24 27
02 04 11 16 17 26 30
07 10 12 15 19 20 23
01 09 14 16 18 22 26
05 06 08 10 22 25 30
04 06 07 12 21 26 30
01 06 14 16 18 21 30
04 10 12 13 19 22 26
05 06 11 13 18 25 28
02 04 06 14 22 27 31
01 09 10 15 19 24 28
03 10 13 14 18 22 26
07 11 12 13 16 22 25
01 04 09 21 22 23 26
04 06 07 11 22 26 30
02 09 11 13 16 25 30
04 08 12 13 19 20 30
02 04 09 17 18 27 29
01 04 09 14 21 26 31
02 03 10 11 25 26 29
01 06 16 17 19 22 25
02 07 09 14 21 26 27
04 06 10 14 19 26 27
05 06 10 12 18 26 29
05 09 10 12 17 25 28
01 03 12 15 19 26 30
06 07 09 10 20 23 31
07 09 12 15 16 21 26
03 05 06 21 22 24 25
06 07 14 15 16 21 27
04 06 07 13 15 30 31
06 09 12 14 16 23 26
01 05 06 09 26 29 30
07 08 09 11 18 23 30
06 09 11 12 18 24 26
03 04 11 18 20 21 29
02 03 10 16 18 28 29
06 07 13 16 19 22 23
03 08 10 12 18 26 29
04 07 08 13 20 24 30
01 02 15 19 22 23 24
06 07 10 14 16 24 29
03 04 11 16 21 25 26
04 11 13 17 18 21 22
03 08 14 17 18 22 24
05 09 10 12 17 24 29
02 03 04 19 23 26 29
02 04 15 18 20 21 26
06 08 10 12 13 27 30
03 05 15 18 20 21 24
01 08 09 14 20 25 29
01 02 10 15 18 29 31
04 05 11 14 17 25 30
03 07 12 17 18 19 30
04 10 11 12 16 25 28
02 03 15 17 19 20 30
04 05 07 12 23 24 31
02 04 09 14 21 26 30
02 08 10 17 18 25 26
03 07 13 14 21 22 26
01 04 05 13 24 29 30
01 03 07 16 20 28 31
01 07 08 16 20 23 31
05 08 09 12 18 26 28
07 08 09 11 16 27 28
01 06 07 11 24 26 31
04 07 10 15 20 22 28
02 06 12 14 17 24 31
07 09 11 14 17 18 30
01 03 15 18 22 23 24
03 04 09 10 23 27 30
03 04 10 17 20 25 27
01 10 12 13 19 25 26
04 05 07 14 20 25 31
01 03 14 19 20 23 26
01 04 15 16 19 25 26
02 04 13 16 20 25 26
04 05 09 19 21 22 26
06 09 10 12 20 24 25
01 11 14 16 17 22 25
01 04 07 12 22 29 31
03 04 11 16 17 24 31
06 08 13 14 17 18 30
07 08 10 18 19 21 23
02 07 09 15 20 24 29
01 07 08 14 17 28 31
01 04 06 20 22 25 28
03 04 11 15 19 24 30
02 03 07 12 26 27 29
01 03 09 16 23 26 28
02 07 11 16 19 25 26
02 05 07 15 20 28 29
01 03 04 12 27 28 31
06 09 12 13 18 20 28
03 06 12 14 15 26 30
01 11 14 17 18 20 25
01 08 10 11 24 25 27
01 03 04 21 23 26 28
03 07 12 15 20 23 26
04 08 10 16 20 21 27
03 04 10 16 19 23 31
01 04 07 15 24 25 30
03 06 09 11 22 25 30
01 09 10 13 22 24 27
01 06 10 18 21 23 27
04 05 12 16 19 21 29
02 05 16 17 19 22 25
01 07 08 12 23 25 30
06 08 09 15 19 21 28
02 10 13 15 16 23 27
06 11 12 13 15 24 25
01 03 10 16 22 25 29
04 08 10 13 19 24 28
02 04 14 17 19 22 28
03 08 15 17 20 21 22
08 10 13 14 19 20 22
02 05 06 17 22 26 28
03 08 10 17 21 22 25
02 04 11 16 19 24 30
07 08 11 13 16 21 30
01 05 07 16 20 26 31
01 02 10 16 18 29 30
02 06 08 11 24 27 28
02 05 13 15 17 24 30
01 06 07 10 22 29 31
01 10 14 15 16 20 30
03 06 14 15 20 22 26
02 08 11 16 19 20 30
07 09 12 16 17 21 24
03 04 08 14 19 28 30
03 08 12 14 15 24 30
05 06 07 17 20 21 30
03 07 08 15 18 25 30
02 03 15 19 20 21 26
08 09 10 15 18 20 26
01 02 05 18 23 28 29
01 06 07 15 22 26 29
02 08 12 18 19 23 24
03 10 12 15 19 21 26
07 09 13 14 20 21 22
03 04 07 08 26 28 30
03 05 08 18 20 25 27
01 06 07 20 21 23 28
02 06 12 17 18 22 29
03 06 09 18 21 23 26
03 08 11 14 21 22 27
05 09 10 11 19 24 28
03 08 10 14 22 24 25
02 04 09 15 23 24 29
04 05 11 13 19 24 30
02 03 07 19 20 27 28
01 12 13 14 17 24 25
01 09 12 16 17 24 27
01 02 09 13 24 26 31
01 05 08 13 23 26 30
03 06 10 12 19 27 29
01 08 09 14 21 25 28
02 06 07 15 21 26 29
08 09 12 13 16 22 26
01 04 06 13 24 28 30
02 11 12 15 19 23 24
02 04 09 17 22 24 28
03 10 12 14 18 22 27
05 07 08 15 20 21 30
06 09 12 16 17 21 25
02 05 08 16 18 28 29
06 09 11 13 16 23 28
04 11 12 17 18 21 23
05 08 10 15 16 24 28
08 11 14 15 17 20 21
04 05 10 15 19 22 31
04 07 12 13 18 24 28
01 08 13 17 20 21 26
02 04 12 18 20 23 27
02 07 11 12 19 24 31
06 08 09 12 22 23 26
04 06 11 13 20 24 28
02 10 12 14 19 23 26
05 08 09 13 18 23 30
02 08 09 13 22 24 28
02 06 10 14 19 24 31
02 03 05 16 24 26 30
04 05 10 19 20 22 26
01 08 15 16 21 22 23
04 06 08 16 21 24 27
03 05 10 13 19 26 30
05 08 09 10 19 25 30
06 07 08 11 17 28 29
02 04 11 13 18 27 31
04 08 11 15 20 21 27
01 03 06 22 23 24 27
01 06 12 16 19 24 28
01 04 05 15 23 28 30
06 12 13 14 17 21 23
02 04 07 15 25 26 27
01 12 14 16 18 19 26
02 07 08 17 19 23 30
01 02 03 20 25 27 28
05 08 10 14 15 26 28
01 02 13 14 19 28 29
02 08 14 16 17 21 28
02 10 13 15 16 19 31
03 05 08 11 25 26 28
07 09 12 14 20 21 23
03 08 11 14 15 24 31
05 09 10 11 13 28 30
01 05 06 21 23 24 26
06 09 12 13 17 19 30
04 06 11 17 21 22 25
07 08 09 13 18 23 28
01 11 14 15 16 21 28
01 08 09 16 19 23 30
06 07 09 17 18 22 27
03 06 11 13 22 24 27
03 04 10 11 18 29 31
03 05 14 15 18 23 28
03 04 08 12 23 26 30
02 06 08 17 21 24 28
04 08 11 13 17 22 31
03 08 14 15 21 22 23
02 03 11 12 25 26 27
02 08 09 16 18 25 28
02 05 11 18 20 23 27
01 06 08 14 20 26 31
04 07 08 12 19 27 29
02 06 09 14 16 29 30
05 08 09 17 18 21 28
05 10 13 15 16 20 27
03 05 12 15 20 24 27
02 05 09 16 22 25 27
02 04 14 18 20 23 25
03 10 14 15 19 21 24
01 05 13 14 22 25 26
01 04 10 18 23 24 26
02 06 12 17 19 22 28
07 08 09 12 20 23 27
01 06 09 16 22 24 28
06 09 11 14 19 23 24
01 09 12 13 19 24 28
02 11 13 14 17 18 31
02 06 14 16 17 22 29
01 03 13 18 22 24 25
01 04 10 15 18 28 30
02 05 07 11 22 29 30
05 06 10 11 19 25 30
05 10 12 14 18 23 24
03 04 11 17 19 22 30
06 08 12 14 18 19 29
03 05 08 13 22 24 31
02 05 08 15 24 25 27
04 08 09 19 20 21 25
06 08 12 13 14 23 30
02 10 13 14 18 19 30
03 12 13 16 17 20 25
02 05 06 11 25 27 30
04 08 09 12 18 24 31
01 05 08 17 18 27 30
04 07 08 12 22 26 27
02 05 10 18 19 21 31
06 08 11 14 19 22 26
05 08 10 12 19 22 30
07 08 09 17 18 22 25
02 06 07 12 20 28 31
01 04 15 16 20 21 29
03 04 14 15 20 21 29
01 10 14 15 17 19 30
02 07 11 15 22 23 26
01 06 09 14 20 26 30
02 05 09 10 22 28 30
02 04 12 13 19 26 30
02 07 09 10 23 26 29
02 05 10 16 17 25 31
04 09 10 11 14 28 30
02 07 08 13 22 26 28
01 09 12 13 14 26 31
04 08 11 12 16 26 29
01 05 09 16 22 24 29
02 05 09 15 24 25 26
02 04 09 11 22 28 30
04 05 08 09 23 28 29
02 06 14 16 17 20 31
02 05 10 16 18 26 29
02 07 09 12 24 25 27
01 04 06 18 23 24 30
01 04 06 16 22 27 30
05 08 11 16 18 19 29
04 09 10 14 18 23 28
01 08 12 13 15 28 29
01 10 13 18 19 20 25
01 08 09 15 20 24 29
03 04 06 18 21 24 30
02 03 13 16 17 24 31
07 08 11 12 13 25 30
02 04 10 15 19 25 31
02 04 14 16 19 25 26
03 04 11 13 20 26 29
02 06 09 14 22 23 30
05 06 09 11 14 30 31
04 05 06 16 22 25 28
04 05 09 15 21 24 28
02 03 10 14 20 28 29
01 08 09 15 20 23 30
03 11 14 15 16 23 24
01 07 08 16 21 23 30
02 05 10 13 23 26 27
05 07 12 16 19 22 25
01 05 12 15 19 26 28
07 11 12 13 15 22 26
01 08 11 16 18 25 27
03 10 13 15 16 20 29
05 08 12 16 19 20 26
01 05 12 15 19 24 30
01 05 10 11 24 26 29
01 03 09 20 22 24 27
06 09 10 14 18 21 28
03 09 13 18 19 20 24
04 05 13 16 20 23 25
04 07 11 16 17 22 29
05 08 13 16 20 21 23
03 05 13 14 18 25 28
02 03 14 17 19 22 29
03 08 09 12 17 27 30
10 11 13 15 16 19 22
02 05 11 14 17 27 30
03 09 12 16 19 20 27
02 04 07 17 21 26 29
02 03 05 14 25 26 31
03 10 12 17 18 19 27
05 06 10 12 22 24 27
01 02 14 17 18 24 30
05 07 08 16 21 22 27
01 06 12 13 21 25 28
03 07 10 15 22 24 25
01 07 10 18 22 23 25
02 03 07 18 19 27 30
02 03 14 15 21 22 29
02 05 09 12 18 29 31
05 07 10 12 20 23 29
01 03 08 11 24 29 30
03 12 13 14 18 20 26
03 04 06 21 22 23 27
06 08 12 13 17 23 27
01 03 16 19 21 22 24
03 05 09 12 19 28 30
05 08 11 12 19 25 26
02 06 13 14 16 26 29
01 03 09 17 20 26 30
02 03 05 11 26 28 31
04 06 09 18 21 22 26
01 06 10 14 16 28 31
02 05 08 19 20 23 29
01 07 12 16 19 25 26
01 04 15 18 20 23 25
03 04 10 17 19 23 30
05 07 08 15 18 22 31
01 06 08 13 23 26 29
01 06 11 14 17 26 31
01 04 07 19 20 27 28
01 02 05 20 24 26 28
06 10 12 13 15 19 31
05 09 11 15 16 24 26
01 03 12 14 19 27 30
04 08 10 11 21 25 27
05 06 12 17 20 22 24
01 10 14 15 17 21 28
01 06 13 18 19 23 26
02 08 10 13 20 26 27
03 08 11 14 19 22 29
03 06 11 13 20 25 28
05 06 12 14 19 24 26
02 06 11 18 20 24 25
02 03 14 15 20 23 29
02 11 15 16 18 20 24
02 07 10 18 20 23 26
05 08 12 17 20 21 23
02 07 12 14 22 23 26
02 07 16 17 19 21 24
06 07 12 16 17 23 25
01 06 13 16 21 24 25
05 06 09 14 19 24 29
02 06 08 18 19 26 27
04 07 10 13 19 23 30
02 06 11 15 18 23 31
03 04 05 21 22 24 27
01 09 12 13 20 24 27
02 04 08 15 22 25 30
02 10 13 16 18 20 27
05 08 12 14 18 22 27
01 02 11 17 23 24 28
04 08 10 18 19 22 25
01 06 08 15 21 26 29
03 07 12 13 15 26 30
04 10 11 15 17 21 28
01 02 08 16 19 29 31
06 09 10 13 18 20 30
03 04 08 20 21 24 26
02 07 08 12 16 30 31
03 04 12 15 17 24 31
01 06 09 17 18 27 28
03 11 15 16 18 20 23
02 07 09 13 19 26 30
01 08 10 13 19 24 31
07 09 10 16 19 22 23
03 06 07 12 23 26 29
02 03 05 16 19 30 31
02 03 08 17 20 27 29
08 09 11 13 17 20 28
02 04 12 16 20 23 29
01 05 06 15 20 28 31
01 02 03 14 27 29 30
03 06 13 16 18 21 29
04 11 12 16 19 21 23
03 04 07 17 20 25 30
04 07 10 16 19 21 29
03 07 12 15 18 20 31
06 07 10 12 18 22 31
02 04 13 15 20 23 29
03 11 12 14 18 19 29
04 06 11 13 18 26 28
06 10 12 14 15 21 28
06 08 10 13 15 23 31
04 06 11 14 17 26 28
06 11 12 15 16 19 27
04 05 14 15 17 25 26
01 07 08 09 24 28 29
01 08 12 15 20 24 26
01 06 08 14 21 26 30
03 07 12 16 19 23 26
03 07 10 12 14 29 31
03 05 06 12 19 30 31
01 06 14 17 18 24 26
03 04 13 15 17 24 30
01 03 08 11 26 28 29
02 07 08 14 17 27 31
03 04 12 15 18 24 30
03 04 09 18 19 24 29
03 08 10 12 20 24 29
02 05 06 18 22 26 27
01 06 08 13 19 28 31
01 02 09 14 22 27 31
05 11 13 14 16 21 26
06 08 10 17 19 20 26
01 08 09 14 17 28 29
07 12 13 14 17 19 24
06 07 10 13 18 22 30
02 09 10 15 20 23 27
04 05 12 14 17 24 30
01 08 14 15 16 24 28
01 06 08 21 22 23 25
02 08 10 16 22 23 25
04 07 10 12 20 25 28
02 03 10 13 24 26 28
03 05 10 16 19 22 31
02 04 07 15 22 27 29
03 04 05 15 20 28 31
03 04 05 14 21 29 30
03 05 10 18 21 23 26
02 07 08 11 21 26 31
02 03 11 18 21 24 27
01 04 06 16 22 28 29
04 06 12 16 19 23 26
02 04 09 13 23 26 29
01 05 14 15 18 23 30
01 05 09 12 24 26 29
03 05 08 17 20 23 30
02 04 12 13 16 28 31
01 03 08 09 24 30 31
06 08 09 11 20 22 30
09 11 12 13 16 20 25
07 08 10 13 21 22 25
01 06 08 16 18 27 30
02 07 10 16 20 23 28
05 06 09 13 22 25 26
01 08 12 15 19 20 31
04 05 12 14 18 22 31
02 05 06 17 24 25 27
01 05 06 15 22 27 30
04 05 11 14 19 23 30
03 10 11 14 19 24 25
02 06 09 13 20 25 31
04 09 11 12 18 23 29
01 04 12 13 19 28 29
05 08 10 17 18 23 25
02 03 13 16 17 26 29
05 06 07 16 17 27 28
05 09 14 15 18 21 24
09 10 11 13 15 20 28
04 05 11 12 15 28 31
03 07 12 14 16 24 30
04 06 10 13 14 29 30
03 05 08 11 24 25 30
02 04 09 17 19 27 28
04 08 14 17 19 20 24
04 06 07 18 20 24 27
02 04 12 16 20 25 27
03 05 12 14 16 26 30
01 02 12 14 23 25 29
02 03 15 17 20 23 26
01 06 09 11 20 28 31
01 03 11 16 17 28 30
04 13 14 15 17 20 23
02 07 12 15 19 24 27
07 08 10 12 13 26 30
06 08 09 17 18 21 27
04 07 10 17 18 23 27
04 05 07 17 18 27 28
04 09 10 12 18 25 28
01 03 13 14 17 28 30
06 11 12 14 17 21 25
02 06 10 19 22 23 24
02 03 11 14 19 27 30
03 09 10 16 17 22 29
07 08 11 12 15 22 31
03 06 13 15 18 25 26
01 06 08 16 17 27 31
01 03 11 18 20 24 29
02 08 11 13 23 24 25
03 06 10 12 17 28 30
02 07 08 11 19 29 30
05 08 11 16 18 21 27
04 09 12 16 17 19 29
03 04 07 17 22 26 27
01 08 10 17 19 20 31
04 10 11 14 19 23 25
04 11 12 15 16 23 25
02 07 10 14 17 26 30
02 07 08 19 20 23 27
03 06 07 19 22 23 26
04 05 12 15 16 26 28
03 09 10 11 18 25 30
04 08 09 10 21 26 28
01 05 09 20 21 24 26
06 07 11 14 17 25 26
06 09 13 15 16 17 30
03 05 14 15 21 22 26
02 05 09 19 20 24 27
01 05 11 16 22 24 27
03 11 13 15 18 22 24
01 02 10 18 19 26 30
03 05 08 17 20 22 31
03 07 08 16 20 22 30
01 06 09 15 22 23 30
06 10 12 13 14 23 28
03 04 09 14 21 26 29
02 06 08 17 22 25 26
03 11 14 15 16 21 26
04 05 06 19 22 24 26
09 10 13 16 18 19 21
01 03 14 18 21 23 26
03 04 06 08 26 29 30
04 05 14 19 20 21 23
01 03 14 15 18 24 31
04 09 10 14 16 22 31
03 08 09 11 18 26 31
02 06 07 17 18 26 30
08 09 11 14 15 20 29
01 07 12 16 18 24 28
01 12 13 14 19 22 25
05 07 13 18 20 21 22
05 09 13 16 20 21 22
01 04 06 14 24 28 29
01 04 05 14 24 28 30
03 07 12 13 18 25 28
03 09 10 14 15 25 30
04 12 14 15 18 20 23
01 09 10 12 18 25 31
02 09 12 15 17 24 27
02 09 13 18 19 20 25
04 07 10 16 17 24 28
05 09 12 17 19 20 24
05 06 09 14 21 22 29
02 05 07 13 20 29 30
02 05 06 21 22 23 27
05 10 12 13 16 22 28
04 05 10 12 15 29 31
02 05 09 11 24 25 30
05 10 11 13 19 20 28
09 10 12 15 18 19 23
05 07 12 15 19 22 26
01 03 15 18 19 20 30
04 05 14 16 17 24 26
01 11 13 16 17 20 28
04 09 11 15 18 20 29
02 06 10 18 19 20 31
03 09 12 14 17 22 29
02 04 12 13 21 26 28
04 09 10 12 13 27 31
02 07 08 14 21 26 28
07 08 10 13 21 23 24
01 04 14 16 20 23 28
02 06 09 13 17 29 30
08 10 13 14 15 18 28
02 04 12 17 18 24 29
01 02 14 15 21 26 27
01 08 10 17 22 23 25
04 05 12 17 21 23 24
02 03 11 19 22 24 25
02 07 13 16 21 22 25
02 07 12 13 16 25 31
02 03 10 17 18 25 31
02 05 12 13 14 29 31
04 05 08 14 23 24 28
07 10 13 14 17 18 27
02 09 10 14 17 24 30
04 06 11 16 17 25 27
08 10 12 15 16 18 27
02 04 06 15 25 26 28
01 06 11 12 19 27 30
02 10 14 16 17 22 25
02 05 13 17 18 21 30
02 05 12 14 18 25 30
01 06 12 13 21 24 29
07 10 12 15 16 17 29
02 03 04 17 24 26 30
01 06 07 13 21 28 30
01 02 07 08 28 29 31
05 10 12 14 16 21 28
01 03 10 18 21 24 29
06 08 11 13 18 21 29
02 04 07 11 24 28 30
04 05 08 10 21 28 30
07 09 11 12 13 24 30
02 06 08 16 20 25 29
01 06 08 13 21 27 30
04 09 11 12 19 25 26
03 04 06 08 27 28 30
05 07 09 12 21 22 30
04 08 11 16 19 20 28
04 06 12 13 20 23 28
05 08 09 16 18 19 31
03 12 14 15 19 20 23
05 06 10 11 18 25 31
08 09 11 13 14 22 29
01 02 06 13 25 29 30
07 10 11 14 15 21 28
03 04 06 12 25 26 30
02 06 11 12 15 29 31
05 06 09 13 20 22 31
01 09 13 14 16 23 30
03 04 11 16 21 23 28
02 03 05 21 23 24 28
07 12 13 15 16 17 26
06 07 09 10 19 27 28
05 06 08 15 18 23 31
04 06 10 17 20 21 28
01 03 12 14 22 25 29
04 05 09 12 22 24 30
10 11 13 15 16 18 23
02 08 12 14 18 23 29
05 07 10 17 18 20 29
01 04 05 13 24 28 31
04 05 11 18 20 23 25
02 04 07 09 25 29 30
02 08 09 15 21 25 26
06 08 11 15 16 24 26
01 06 09 18 20 21 31
01 03 04 20 23 26 29
03 04 10 19 21 24 25
10 12 14 15 17 18 20
04 11 12 15 17 21 26
04 10 11 17 18 21 25
02 04 07 16 21 27 29
06 07 10 14 18 24 27
03 04 08 13 22 26 30
01 06 08 14 24 25 28
01 03 06 18 21 28 29
04 06 10 12 17 27 30
02 08 13 18 19 21 25
08 12 14 15 16 20 21
06 08 09 11 17 26 29
05 08 15 17 18 20 23
05 07 10 14 18 24 28
04 08 10 17 18 19 30
04 11 12 16 18 22 23
01 02 10 16 24 25 28
03 06 10 12 21 25 29
01 02 08 17 19 28 31
03 05 10 16 21 22 29
01 06 13 14 21 22 29
01 05 08 16 20 26 30
01 05 12 16 18 23 31
04 06 11 14 15 25 31
06 11 12 13 18 22 24
09 10 12 15 16 21 23
01 02 08 15 23 26 31
02 06 15 16 18 20 29
06 08 09 11 16 26 30
03 04 06 18 22 23 30
01 04 10 17 19 24 31
02 08 09 18 20 23 26
01 06 11 15 22 23 28
01 09 14 16 18 19 29
03 08 14 16 17 18 30
03 04 10 18 20 22 29
01 08 12 18 19 23 25
01 04 06 11 26 27 31
05 06 10 12 21 23 29
07 10 14 15 19 20 21
03 10 13 17 18 21 24
03 04 07 12 21 28 31
01 05 10 16 22 24 28
02 07 08 12 20 26 31
02 03 08 17 23 25 28
05 09 12 13 14 24 29
07 10 11 13 16 20 29
02 04 07 14 18 30 31
06 09 12 14 18 21 26
02 04 17 18 20 22 23
05 06 08 13 18 25 31
01 11 14 15 18 21 26
02 06 16 17 19 22 24
03 04 13 16 22 23 25
03 07 12 15 20 24 25
02 04 06 07 26 30 31
02 03 06 17 19 29 30
03 06 09 18 20 21 29
09 11 12 13 15 18 28
01 06 08 16 22 24 29
02 05 14 15 17 23 30
02 04 09 14 16 30 31
04 07 08 11 20 27 29
01 04 10 17 18 27 29
07 08 09 16 17 18 31
03 08 09 11 21 26 28
03 06 10 13 15 28 31
02 04 13 15 16 26 30
01 08 09 12 20 25 31
05 07 09 12 20 25 28
03 04 10 13 21 26 29
02 04 06 17 21 26 30
03 04 07 18 23 24 27
07 08 09 14 19 20 29
04 09 11 12 17 22 31
05 07 08 11 18 28 29
01 04 14 16 18 24 29
01 05 06 17 24 26 27
05 08 09 16 19 20 29
02 06 14 16 19 23 26
03 05 11 14 22 25 26
02 05 10 18 21 23 27
03 09 10 16 18 21 29
02 03 06 12 25 27 31
01 06 11 13 18 27 30
02 11 14 15 16 20 28
02 05 09 16 22 23 29
04 09 10 14 18 21 30
02 11 13 14 16 23 27
04 09 10 11 21 25 26
05 08 09 18 19 20 27
05 10 11 17 18 22 23
03 04 07 20 21 23 28
02 05 10 16 17 27 29
03 08 11 16 21 22 25
06 07 08 10 17 27 31
03 11 12 15 16 19 30
01 06 10 12 23 25 29
03 09 11 14 18 23 28
02 04 06 11 26 28 29
04 06 08 15 21 24 28
02 04 15 16 20 23 26
05 06 08 10 22 27 28
01 11 13 14 17 24 26
03 04 11 15 22 23 28
01 07 08 16 19 26 29
01 09 10 15 16 25 30
02 07 14 15 19 24 25
06 07 08 11 19 27 28
03 07 08 15 20 22 31
01 08 09 18 22 23 25
06 09 11 15 18 21 26
03 08 15 18 19 20 23
05 06 08 12 24 25 26
04 05 12 14 19 21 31
01 02 07 17 24 25 30
03 04 05 17 22 24 31
01 02 07 19 24 26 27
01 03 13 16 22 24 27
02 07 09 11 16 30 31
03 06 14 17 20 22 24
06 09 10 14 17 19 31
01 02 11 16 24 25 27
02 07 09 10 23 24 31
03 04 07 15 22 24 31
07 09 10 17 18 20 25
10 11 13 16 17 18 21
04 06 09 12 22 26 27
03 06 08 11 24 26 28
03 05 09 16 20 23 30
03 09 13 15 20 22 24
02 06 10 14 17 26 31
03 04 12 17 20 21 29
03 04 12 14 15 27 31
07 09 10 12 13 24 31
02 08 11 14 20 25 26
01 05 07 16 22 25 30
02 09 11 13 14 26 31
03 09 11 16 19 20 28
02 04 13 19 21 22 25
05 06 10 11 17 26 31
01 04 10 18 19 25 29
01 03 04 13 27 28 30
04 07 12 14 15 23 31
03 04 10 17 23 24 25
01 09 12 14 19 25 26
02 05 09 17 20 26 27
05 08 09 17 18 20 29
03 07 12 15 22 23 24
05 07 08 10 18 28 30
03 10 14 17 19 21 22
01 09 13 18 19 22 24
02 04 06 11 24 28 31
02 03 08 19 21 25 28
01 08 13 16 19 23 26
01 09 10 17 20 24 25
01 06 09 14 22 23 31
03 04 06 20 21 23 29
01 04 12 17 19 23 30
01 05 14 15 16 24 31
01 03 06 13 24 28 31
04 09 10 16 17 24 26
03 04 05 15 20 29 30
02 06 15 16 18 22 27
03 05 10 13 24 25 26
06 07 08 16 17 24 28
01 05 06 16 21 27 30
06 08 09 10 20 25 28
02 09 13 16 17 19 30
04 07 10 14 19 22 30
06 07 10 12 18 25 28
03 08 09 12 21 25 28
03 09 11 13 14 26 30
04 06 14 17 19 22 24
01 11 13 14 18 22 27
02 06 12 16 17 24 29
02 07 10 14 21 23 29
05 07 08 17 21 22 26
01 08 09 16 19 22 31
07 09 12 13 18 20 27
04 08 10 13 19 23 29
05 09 11 16 18 22 25
03 04 10 16 22 24 27
01 08 09 14 19 26 29
05 11 12 15 16 19 28
01 12 13 16 17 23 24
03 08 11 14 19 20 31
02 04 05 19 21 25 30
03 09 12 14 16 21 31
03 06 12 17 21 22 25
01 11 12 15 16 23 28
04 06 14 15 17 24 26
03 09 10 15 18 21 30
04 05 06 12 24 25 30
01 02 11 14 25 26 27
02 03 12 15 18 26 30
06 08 09 13 16 26 28
10 11 14 15 17 19 20
02 05 09 10 24 25 31
05 06 09 16 17 26 27
05 06 07 12 22 25 29
06 12 14 15 17 20 22
03 06 11 12 23 24 27
01 03 10 17 19 26 30
01 05 08 09 22 30 31
04 07 08 14 17 27 29
02 08 13 14 21 22 26
08 10 11 15 17 22 23
07 08 11 13 18 23 26
02 04 07 14 22 28 29
05 09 10 14 19 21 28
03 08 10 18 19 23 25
02 03 08 12 24 26 31
04 10 12 15 17 23 25
01 06 09 17 18 26 29
03 04 06 12 24 27 30
01 03 08 11 26 27 30
07 08 09 12 15 27 28
03 04 06 16 22 25 30
06 09 10 12 15 23 31
01 08 09 15 18 27 28
01 02 13 17 23 24 26
03 06 09 12 19 27 30
04 06 10 14 23 24 25
05 06 11 12 21 24 27
02 09 11 16 17 24 27
05 08 09 15 19 20 30
02 08 09 15 17 27 28
01 04 13 14 18 25 31
03 06 10 12 23 24 28
02 05 06 13 25 26 29
03 10 12 13 16 24 28
08 10 12 16 18 19 23
04 05 11 15 18 23 30
10 12 13 15 17 19 20
02 04 14 17 18 22 29
04 06 07 11 24 26 28
04 07 10 14 17 26 28
05 10 12 13 17 21 28
03 10 13 14 19 21 26
04 05 11 14 18 24 30
03 08 10 13 18 25 29
01 02 09 18 21 25 30
03 09 11 15 18 20 30
03 06 09 13 16 28 31
01 03 16 17 20 21 28
10 12 13 14 16 18 23
03 04 10 18 19 21 31
01 02 09 15 23 26 30
02 03 04 13 26 28 30
04 10 12 15 16 21 28
03 05 10 13 18 27 30
05 06 08 12 20 26 29
03 08 09 12 19 27 28
02 05 13 14 19 22 31
01 05 08 19 20 23 30
01 05 09 13 22 26 30
05 09 12 16 17 20 27
03 05 07 10 22 28 31
01 05 11 16 18 27 28
05 07 12 16 19 20 27
03 06 09 20 21 22 25
03 05 08 15 18 27 30
04 05 13 14 16 23 31
04 06 11 17 21 23 24
01 10 14 16 19 21 25
03 05 06 19 20 23 30
07 09 12 14 15 24 25
03 05 12 16 21 24 25
07 08 09 17 19 22 24
02 03 08 15 22 26 30
02 06 11 15 21 24 27
01 03 09 10 26 28 29
03 11 13 14 18 22 25
02 03 14 15 22 23 27
01 04 05 16 24 25 31
01 08 09 16 19 26 27
02 06 07 16 23 25 27
05 06 09 13 21 22 30
01 04 07 11 24 29 30
01 03 11 16 22 24 29
05 06 09 15 21 22 28
03 06 10 15 21 23 28
04 08 14 16 20 21 23
04 05 07 11 24 25 30
02 04 10 12 23 26 29
02 09 10 14 22 23 26
04 07 09 17 20 21 28
01 03 04 19 23 26 30
03 08 11 12 15 26 31
07 09 10 12 19 23 26
01 06 11 14 18 26 30
02 09 10 14 17 25 29
05 07 10 12 20 24 28
06 07 10 11 16 25 31
02 06 13 18 20 23 24
06 10 11 12 15 23 29
03 04 17 18 20 21 23
04 06 12 14 15 26 29
02 05 13 16 17 26 27
03 06 12 15 18 21 31
01 08 11 12 23 25 26
03 05 07 16 22 26 27
03 08 09 17 20 21 28
02 11 12 13 16 24 28
04 06 11 13 23 24 25
03 07 10 13 22 25 26
01 02 16 17 19 25 26
06 09 10 11 18 21 31
02 03 08 14 22 28 29
05 07 11 14 22 23 24
08 11 13 14 15 20 25
03 09 10 16 17 20 31
09 10 11 13 16 19 28
01 03 08 14 20 29 31
03 08 13 14 20 21 27
02 05 14 17 18 22 28
02 03 13 16 19 26 27
01 06 14 16 19 20 30
03 04 11 15 18 24 31
03 06 11 13 20 24 29
02 03 15 17 20 24 25
02 06 08 19 22 23 26
02 10 13 16 19 21 25
01 05 12 16 21 24 27
04 07 13 16 17 18 31
03 04 14 17 20 22 26
03 04 06 12 22 29 30
01 06 12 14 19 23 31
05 06 12 16 19 20 28
04 07 13 14 18 19 31
04 11 13 15 18 22 23
03 06 13 15 17 22 30
06 08 09 18 20 21 24
06 09 11 15 16 24 25
08 12 14 15 18 19 20
02 08 14 15 18 22 27
02 03 06 19 21 25 30
03 13 14 16 17 21 22
01 05 08 17 20 25 30
01 08 09 17 18 23 30
01 06 09 16 17 26 31
02 07 12 14 20 23 28
03 05 12 14 19 24 29
05 06 07 17 18 26 27
04 08 10 14 22 23 25
02 04 07 10 26 27 30
05 08 11 13 20 24 25
02 08 10 15 19 24 28
01 08 12 15 17 23 30
01 08 09 14 20 26 28
01 02 05 14 25 28 31
03 12 14 16 18 21 22
01 02 09 15 22 26 31
04 08 14 15 18 19 28
01 02 06 12 27 28 30
04 11 13 15 16 23 24
01 03 04 20 21 28 29
05 08 09 16 19 21 28
03 07 09 14 19 24 30
03 04 12 13 18 25 31
02 05 13 17 20 24 25
05 06 07 12 20 25 31
01 02 11 17 18 26 31
04 07 09 14 19 26 27
01 02 09 16 22 25 31
05 06 09 13 16 26 31
02 05 14 15 17 26 27
03 06 11 13 21 24 28
01 10 13 14 18 21 29
04 08 10 12 20 25 27
04 12 13 16 18 21 22
04 06 12 16 17 25 26
01 07 12 14 18 23 31
02 05 09 16 21 24 29
01 06 07 16 18 27 31
01 06 09 15 22 24 29
05 06 10 13 21 22 29
01 06 08 14 22 26 29
03 05 08 16 18 26 30
05 06 11 12 22 23 27
02 07 13 15 18 21 30
03 07 10 12 18 25 31
08 10 12 13 15 17 31
06 07 08 11 16 27 31
02 04 05 18 22 25 30
04 08 11 12 19 23 29
01 08 11 13 18 26 29
01 03 16 17 18 20 31
01 12 13 14 19 21 26
02 04 11 17 18 26 28
03 08 13 14 18 21 29
02 05 13 14 20 23 29
02 05 07 19 20 25 28
06 12 14 15 18 20 21
10 11 13 14 15 18 25
01 06 10 13 21 27 28
02 05 07 15 22 24 31
03 06 09 13 21 26 28
01 07 15 16 18 22 27
08 11 12 13 15 21 26
07 09 10 15 19 20 26
01 08 13 16 17 23 28
03 05 06 08 25 29 30
01 05 15 17 18 20 30
08 09 11 12 15 25 26
02 09 14 16 18 19 28
07 08 09 18 19 20 25
02 11 14 17 18 21 23
02 07 08 14 21 24 30
03 06 12 15 20 21 29
07 08 11 15 18 21 26
01 02 09 16 24 26 28
02 06 09 11 21 27 30
02 06 13 15 18 22 30
05 06 09 12 20 23 31
01 04 12 17 19 26 27
03 04 05 15 21 28 30
01 02 11 16 23 25 28
04 08 10 15 17 25 27
02 08 10 16 17 25 28
02 04 08 12 22 27 31
04 05 11 12 19 25 30
07 10 13 14 19 20 23
04 11 13 15 16 21 26
03 07 11 13 18 26 28
03 07 09 14 20 24 29
07 09 10 15 17 22 26
01 05 12 14 23 25 26
04 05 06 11 24 25 31
01 04 07 20 21 25 28
02 05 06 15 23 26 29
08 09 11 15 16 18 29
02 03 16 17 19 23 26
01 02 04 20 25 26 28
05 10 11 13 16 22 29
05 10 13 14 15 21 28
04 06 07 16 18 27 28
08 09 10 15 18 22 24
02 10 13 16 17 23 25
02 05 09 12 20 28 30
02 04 05 15 22 27 31
08 10 12 14 19 20 23
01 02 15 17 22 23 26
02 09 10 14 15 25 31
02 08 11 14 16 26 29
04 07 09 10 21 27 28
04 09 10 12 17 23 31
06 08 09 11 15 28 29
05 08 12 13 16 22 30
06 07 08 15 21 22 27
06 09 10 13 14 24 30
04 06 13 14 20 22 27
06 08 09 13 20 22 28
03 10 11 17 18 21 26
04 07 11 15 20 21 28
03 07 10 14 19 24 29
02 04 13 14 15 28 30
01 02 04 17 25 27 30
04 09 13 17 20 21 22
02 04 06 16 23 26 29
04 08 09 17 19 21 28
04 10 11 16 19 21 25
03 07 09 10 18 28 31
03 04 13 15 20 23 28
05 06 12 14 15 24 30
06 12 14 15 16 19 24
04 07 11 14 15 27 28
01 05 10 12 24 26 28
01 04 06 19 22 23 31
03 07 13 14 16 23 30
05 08 09 15 18 21 30
02 06 15 18 20 21 24
01 05 06 17 22 27 28
04 06 12 13 18 23 30
03 08 11 12 14 27 31
03 07 08 09 20 28 31
01 04 07 14 21 29 30
01 08 10 13 19 26 29
02 03 15 16 19 20 31
04 09 12 13 18 22 28
02 03 12 14 24 25 26
05 08 10 18 19 20 26
01 04 12 13 20 27 29
01 03 16 18 19 20 29
06 07 12 15 16 22 28
01 07 08 10 23 26 31
04 05 07 11 24 27 28
04 05 07 08 25 28 29
02 11 13 16 17 22 25
02 03 08 12 26 27 28
02 08 10 13 22 24 27
01 10 11 16 19 24 25
02 05 09 18 21 25 26
08 09 10 14 17 19 29
03 04 07 16 21 24 31
04 05 07 15 21 24 30
03 06 09 16 17 26 29
05 08 11 12 17 23 30
01 10 14 17 18 20 26
05 09 10 16 21 22 23
04 07 12 15 21 23 24
04 05 09 17 22 24 25
04 05 13 14 18 21 31
02 06 10 15 22 23 28
01 03 10 14 23 26 29
04 06 07 14 19 27 29
02 07 09 13 18 28 29
05 11 12 16 19 20 23
04 09 11 13 20 23 26
02 04 13 16 19 22 30
01 05 06 21 22 24 27
01 03 09 20 23 24 26
04 06 08 14 21 26 27
06 07 10 14 22 23 24
01 02 09 11 25 28 30
02 07 09 15 20 26 27
03 04 08 12 21 27 31
03 04 14 15 21 22 27
03 05 08 12 21 28 29
02 03 06 17 22 25 31
02 08 11 14 21 23 27
08 09 10 13 18 22 26
06 07 10 11 14 27 31
04 08 11 12 16 27 28
05 10 13 14 15 23 26
02 05 12 13 19 26 29
07 11 12 14 15 17 30
02 05 10 16 22 24 27
01 05 08 14 22 25 31
04 05 07 10 23 27 30
01 12 13 15 16 18 31
03 04 13 15 18 22 31
06 10 11 12 18 19 30
07 08 10 12 15 25 29
01 04 06 10 26 28 31
07 09 10 12 14 25 29
02 06 12 16 19 23 28
01 02 16 17 19 21 30
01 02 10 17 23 25 28
05 06 08 10 20 28 29
01 05 06 11 26 27 30
04 06 13 16 17 19 31
06 09 11 16 18 22 24
01 02 11 13 25 26 28
03 05 10 16 22 24 26
02 08 13 15 17 21 30
02 08 09 17 19 24 27
01 10 13 16 17 20 29
04 06 12 13 20 22 29
03 04 05 16 22 25 31
01 02 05 10 28 29 31
05 07 10 19 20 21 24
02 07 15 16 18 20 28
03 06 11 14 21 24 27
02 06 09 15 20 26 28
02 05 10 16 21 24 28
03 08 09 15 21 22 28
03 10 11 16 19 20 27
07 09 13 14 17 22 24
07 10 13 14 18 21 23
01 07 09 10 21 28 30
05 08 10 14 15 23 31
01 03 06 13 24 29 30
01 04 09 15 20 28 29
06 08 13 16 17 18 28
05 06 07 15 18 27 28
02 07 08 12 19 27 31
05 06 08 19 20 22 26
01 05 10 16 17 26 31
02 03 07 14 24 27 29
03 10 11 16 18 19 29
01 06 12 17 19 25 26
04 06 08 11 24 25 28
07 10 12 14 15 19 29
05 07 11 15 18 20 30
05 06 09 10 19 26 31
02 04 07 14 21 28 30
01 02 10 13 25 26 29
08 11 14 15 16 18 24
04 07 13 16 17 19 30
04 08 13 14 17 20 30
01 09 11 16 22 23 24
01 10 14 15 16 22 28
03 08 11 16 18 23 27
01 08 09 12 19 27 30
05 06 10 13 19 22 31
05 10 11 12 14 26 28
02 03 09 19 22 25 26
04 08 09 12 18 27 28
05 09 10 18 20 21 23
02 09 12 13 16 26 28
03 08 10 13 17 24 31
01 02 12 16 23 24 28
02 04 12 17 18 25 28
04 07 08 13 20 23 31
05 07 10 15 17 24 28
01 04 13 16 21 25 26
01 08 09 16 22 24 26
02 06 09 11 19 28 31
02 03 14 15 19 22 31
02 05 13 16 17 23 30
03 05 09 20 21 22 26
03 06 13 17 20 22 25
03 05 07 19 20 22 30
01 04 07 08 27 28 31
03 04 08 19 20 24 28
02 04 06 18 21 27 28
03 04 09 13 20 26 31
01 05 07 18 22 23 30
01 02 14 16 17 26 30
01 03 12 17 23 24 26
03 07 08 15 21 22 30
04 09 12 17 18 19 27
02 03 14 16 20 24 27
02 05 11 16 18 23 31
03 06 13 15 16 26 27
06 08 10 12 17 22 31
01 06 10 13 23 24 29
02 10 11 15 16 24 28
02 06 14 15 22 23 24
03 05 13 16 20 24 25
03 04 08 13 22 25 31
02 08 10 11 24 25 26
02 06 10 13 21 25 29
03 04 12 16 20 23 28
05 10 12 15 18 19 27
02 05 07 08 26 28 30
06 07 09 11 16 27 30
04 06 09 14 23 24 26
05 08 11 16 17 22 27
04 08 10 18 19 20 27
03 07 12 18 20 21 25
03 04 12 14 17 25 31
03 07 12 13 16 25 30
02 05 09 17 20 22 31
03 08 10 14 21 23 27
04 05 12 14 19 22 30
01 03 11 14 18 29 30
02 05 08 11 23 27 30
01 06 16 18 19 21 25
01 10 12 17 19 23 24
03 07 13 15 20 22 26
01 04 05 15 24 28 29
03 07 12 13 16 24 31
04 05 08 15 21 23 30
02 07 08 12 22 24 31
03 04 10 12 21 27 29
01 06 10 14 20 27 28
02 04 09 18 19 25 29
03 06 08 16 20 26 27
05 06 12 14 22 23 24
07 08 13 14 16 17 31
06 08 12 17 18 21 24
02 07 14 18 19 22 24
02 04 07 19 20 25 29
05 08 09 10 19 27 28
02 04 07 12 21 29 31
01 07 14 17 19 20 28
03 11 12 14 18 23 25
08 10 11 12 16 19 30
05 09 11 12 14 24 31
02 04 05 13 25 26 31
02 06 07 14 22 27 28
03 07 09 12 20 24 31
04 05 09 15 21 22 30
08 10 12 15 17 20 24
01 06 12 15 17 27 28
01 02 06 17 25 26 29
01 08 11 16 19 23 28
04 08 14 17 18 20 25
01 03 07 20 22 24 29
02 03 05 08 27 30 31
05 06 12 13 19 22 29
02 08 09 10 21 26 30
01 08 12 13 20 25 27
02 04 05 15 20 29 31
06 10 12 13 14 22 29
02 04 07 15 23 24 31
02 04 13 14 16 27 30
02 06 10 15 20 24 29
01 04 09 18 20 25 29
06 10 13 14 19 21 23
04 05 13 15 19 20 30
05 07 14 15 19 22 24
04 07 12 13 19 21 30
03 05 12 14 21 23 28
04 09 11 16 17 19 30
02 08 12 16 17 21 30
02 05 09 13 21 26 30
04 05 12 13 17 25 30
07 10 13 14 15 20 27
01 09 10 12 17 26 31
05 08 12 14 20 21 26
05 06 08 11 21 25 30
01 06 09 10 24 26 30
04 07 09 16 21 22 27
04 08 12 15 18 22 27
03 04 12 14 18 27 28
04 06 12 14 17 22 31
04 08 10 13 14 26 31
04 06 09 11 22 26 28
04 06 07 12 22 27 28
01 02 09 18 23 24 29
07 08 09 14 20 21 27
01 04 13 18 19 22 29
03 04 08 15 21 24 31
01 02 08 16 21 27 31
04 07 11 13 21 24 26
01 03 04 13 26 29 30
01 07 12 16 19 21 30
04 05 10 14 20 26 27
01 11 13 16 18 19 28
09 10 15 16 17 19 20
04 06 11 13 22 23 27
02 03 05 19 20 28 29
02 04 10 14 17 28 31
03 07 10 12 15 28 31
01 07 08 16 18 26 30
02 08 11 16 17 25 27
05 06 07 13 22 23 30
06 09 10 11 21 24 25
04 09 11 14 16 24 28
03 06 13 15 16 25 28
04 09 12 13 21 22 25
01 02 03 14 26 29 31
02 03 07 10 27 28 29
01 06 14 16 17 24 28
07 10 13 14 16 22 24
02 03 06 14 21 29 31
03 06 10 18 22 23 24
01 05 12 16 21 23 28
05 08 13 14 17 18 31
05 08 10 12 17 25 29
08 09 11 12 18 23 25
01 03 06 15 22 29 30
01 03 14 16 21 24 27
03 08 12 17 18 19 29
02 06 07 12 24 27 28
01 06 13 16 18 24 28
04 08 10 13 18 24 29
02 04 13 14 20 25 28
03 05 12 13 21 24 28
09 10 12 13 14 17 31
01 03 10 19 23 24 26
03 08 12 17 19 20 27
03 06 13 14 18 21 31
03 06 08 14 20 24 31
04 06 12 15 16 22 31
04 07 12 15 16 25 27
02 07 12 15 18 22 30
04 06 12 18 21 22 23
01 02 14 17 21 25 26
05 08 12 16 19 21 25
05 09 10 13 16 23 30
03 08 13 14 21 22 25
02 06 10 17 22 24 25
02 05 10 13 18 27 31
06 07 08 11 18 27 29
06 08 10 13 14 24 31
07 08 10 15 20 22 24
05 08 11 15 16 22 29
03 06 10 14 20 26 27
04 05 06 16 22 23 30
04 08 12 16 20 21 25
07 10 11 13 14 23 28
03 04 12 17 20 24 26
06 07 11 14 16 25 27
05 08 11 13 15 26 28
02 07 08 10 25 26 28
05 08 11 13 18 22 29
04 13 14 16 18 20 21
06 07 12 17 18 22 24
02 04 10 13 22 27 28
02 03 07 18 19 28 29
01 04 12 16 19 25 29
04 05 10 13 20 25 29
01 02 11 17 19 26 30
04 07 09 16 17 26 27
02 06 12 14 17 26 29
04 05 11 12 19 24 31
05 08 09 11 15 28 30
04 09 10 14 17 23 29
02 04 09 12 22 26 31
02 04 07 17 20 25 31
02 06 14 16 20 23 25
01 04 07 20 22 23 29
01 05 08 13 22 28 29
06 07 12 13 18 22 28
03 05 10 15 22 24 27
02 07 10 15 23 24 25
02 05 08 12 24 25 30
04 09 12 15 17 22 27
04 08 11 15 18 19 31
04 06 08 16 17 27 28
07 08 10 13 14 23 31
07 10 12 13 19 21 24
04 06 09 15 21 25 26
04 08 09 14 20 21 30
01 02 15 16 17 25 30
06 08 12 14 19 21 26
05 08 10 12 19 23 29
03 04 05 14 22 27 31
02 09 14 16 17 21 27
02 03 09 12 24 26 30
06 08 12 15 20 21 24
05 09 11 14 20 21 26
06 08 11 13 19 21 28
03 05 06 13 21 28 30
07 08 11 16 17 22 25
02 03 04 10 28 29 30
02 12 13 14 18 19 28
01 03 08 20 22 25 27
03 10 14 16 18 22 23
01 04 08 16 23 26 28
04 09 10 11 14 27 31
04 05 11 13 20 24 29
02 05 07 14 23 24 31
03 04 05 11 25 28 30
01 10 11 14 18 25 27
02 03 10 17 20 26 28
03 05 10 12 17 28 31
06 12 13 15 18 20 22
06 08 09 11 19 26 27
02 06 13 17 18 23 27
03 05 12 13 18 27 28
03 07 10 11 16 29 30
02 07 08 14 22 23 30
01 04 16 18 20 22 25
01 02 07 20 23 25 28
03 08 14 17 20 21 23
02 04 09 10 23 27 31
02 05 14 18 19 20 28
01 04 08 13 24 26 30
02 10 12 14 18 19 31
02 07 14 15 17 25 26
07 08 10 12 20 24 25
01 02 09 18 23 25 28
02 06 07 12 25 26 28
03 08 10 12 22 24 27
06 07 12 13 17 23 28
02 09 11 16 20 23 25
03 07 13 16 18 22 27
02 06 10 16 19 25 28
06 09 11 14 19 22 25
02 03 08 20 21 25 27
07 08 11 14 17 24 25
02 03 05 14 25 27 30
04 06 07 16 21 25 27
04 06 08 09 20 29 30
01 04 14 17 18 22 30
03 07 10 13 14 28 31
04 05 11 15 19 24 28
01 02 14 15 20 26 28
04 10 13 14 17 19 29
01 08 12 13 15 27 30
02 07 11 15 16 27 28
01 02 05 22 23 26 27
06 07 08 13 20 21 31
04 08 09 17 18 21 29
03 12 15 16 18 20 22
04 06 10 14 17 24 31
07 08 12 15 18 22 24
02 05 08 16 20 27 28
04 09 13 17 19 20 24
01 03 14 15 23 24 26
04 07 14 16 18 20 27
02 03 05 19 21 26 30
02 10 14 16 18 21 25
02 05 07 12 24 27 29
02 04 12 17 20 25 26
01 06 11 13 24 25 26
02 05 07 09 22 30 31
01 08 10 16 21 23 27
02 06 13 19 20 21 25
01 09 12 15 18 25 26
01 05 16 17 19 22 26
02 04 06 13 22 28 31
01 05 06 21 22 23 28
06 08 10 12 18 25 27
02 03 12 17 18 26 28
04 07 12 13 17 24 29
04 06 14 16 18 21 27
02 05 08 10 25 27 29
03 11 12 15 19 22 24
01 03 12 14 24 25 27
01 06 11 15 22 24 27
02 06 08 11 22 27 30
04 05 10 17 20 21 29
03 04 10 18 22 23 26
03 05 06 12 25 26 29
06 08 09 10 21 23 29
03 06 10 13 21 24 29
05 07 13 16 20 22 23
04 10 12 13 15 25 27
01 03 06 18 23 27 28
06 08 13 15 16 17 31
02 10 13 16 17 18 30
04 08 12 16 17 21 28
03 07 08 11 20 26 31
03 06 09 14 21 24 29
02 04 05 18 21 25 31
02 08 10 16 17 22 31
02 05 06 17 23 26 27
03 04 10 14 22 26 27
03 08 09 14 19 22 31
06 07 08 11 21 23 30
02 04 08 20 21 25 26
01 05 14 15 16 25 30
04 07 14 16 17 19 29
05 06 07 17 20 24 27
04 05 08 15 22 25 27
08 10 11 16 17 21 23
02 03 07 09 24 30 31
09 11 13 15 16 20 22
05 10 13 14 15 20 29
01 06 13 15 16 24 31
06 09 12 13 20 22 24
04 08 11 18 19 21 25
01 05 06 13 24 26 31
03 05 12 14 20 25 27
01 12 13 14 16 23 27
02 09 10 12 16 27 30
02 05 14 15 19 25 26
04 05 10 15 16 26 30
01 06 11 17 19 22 30
02 06 07 16 18 28 29
02 08 09 13 14 29 31
06 09 12 13 16 22 28
01 06 14 15 16 25 29
06 07 10 15 18 22 28
04 09 10 16 19 20 28
07 09 12 15 17 22 24
01 07 08 17 22 25 26
02 05 10 18 19 24 28
02 07 08 13 20 27 29
03 06 08 12 18 29 30
01 09 11 12 17 26 30
02 11 13 14 17 19 30
03 04 05 14 23 26 31
05 08 11 13 14 25 30
02 07 10 12 16 28 31
01 09 10 11 18 26 31
02 03 12 16 18 24 31
02 03 05 10 26 29 31
03 06 12 15 17 23 30
06 07 11 12 18 22 30
02 07 14 17 19 23 24
03 09 10 11 18 24 31
03 04 06 15 22 26 30
04 06 10 14 16 27 29
03 04 08 12 22 27 30
04 06 15 16 20 22 23
04 05 09 14 19 24 31
01 04 09 14 20 28 30
02 07 09 10 24 25 29
05 10 12 13 16 24 26
02 05 06 17 22 25 29
02 06 07 12 19 29 31
04 09 11 13 18 22 29
07 08 11 12 14 26 28
02 04 05 16 23 26 30
07 08 10 12 20 23 26
03 06 07 08 26 27 29
03 04 13 17 19 20 30
05 06 10 12 23 24 26
02 03 05 13 24 29 30
01 02 06 21 23 25 28
02 03 13 15 19 24 30
02 05 10 18 22 23 26
01 07 11 15 18 26 28
04 08 15 18 19 20 22
02 11 14 15 17 23 24
04 09 11 14 15 23 30
05 06 09 10 20 27 29
02 04 11 15 18 25 31
02 12 14 15 17 18 28
01 07 11 13 18 26 30
06 10 12 15 16 23 24
04 10 12 14 17 18 31
06 08 11 13 18 23 27
07 09 10 11 14 27 28
01 04 12 17 20 23 29
07 10 11 15 19 20 24
08 09 10 13 20 22 24
04 10 11 12 15 26 28
03 09 11 12 17 24 30
02 03 09 14 17 30 31
02 07 12 15 16 26 28
02 03 05 17 22 26 31
05 06 12 15 18 24 26
03 04 12 16 21 23 27
03 07 08 12 22 24 30
05 08 12 14 15 21 31
02 09 12 14 17 22 30
02 04 12 13 18 28 29
05 06 08 09 23 26 29
05 07 08 15 20 24 27
02 06 07 19 21 25 26
04 08 09 14 22 24 25
01 03 12 14 22 26 28
02 05 11 12 23 26 27
01 08 09 13 23 24 28
01 05 08 16 22 23 31
03 05 10 14 21 25 28
01 05 10 12 19 28 31
04 09 13 14 19 22 25
04 05 10 11 20 26 30
03 04 06 14 22 27 30
02 05 09 14 21 25 30
01 03 13 16 20 24 29
01 04 06 17 21 26 31
07 08 12 16 17 19 27
02 08 13 14 17 22 30
03 06 14 16 17 23 27
01 09 10 12 23 24 27
04 05 12 15 17 23 30
02 05 14 19 21 22 23
03 07 11 12 20 24 29
06 10 12 13 17 19 29
02 07 15 16 19 21 26
02 06 07 11 25 26 29
03 06 12 14 17 24 30
01 06 09 12 24 25 29
01 02 16 18 21 23 25
01 04 09 10 24 27 31
01 05 08 15 19 28 30
01 04 13 18 20 21 29
02 05 09 17 20 23 30
06 07 08 16 18 24 27
05 08 11 13 20 23 26
02 04 10 13 23 26 28
02 05 12 15 18 24 30
05 06 11 13 21 22 28
01 03 10 15 20 28 29
01 09 13 14 16 22 31
02 04 15 16 18 25 26
04 12 13 15 16 21 25
05 12 14 15 17 18 25
03 09 11 16 20 22 25
01 09 12 13 18 24 29
01 05 08 12 22 27 31
04 07 10 11 19 27 28
02 05 13 14 17 24 31
02 08 10 15 16 26 29
02 06 09 12 23 25 29
05 06 10 19 21 22 23
01 07 11 14 23 24 26
01 09 16 18 19 20 23
04 08 10 15 16 25 28
03 08 10 15 16 26 28
01 05 09 16 22 23 30
01 04 08 12 23 27 31
04 10 13 14 18 20 27
07 08 10 12 15 26 28
02 06 07 17 22 24 28
05 06 09 11 22 23 30
01 12 14 15 17 21 26
04 09 12 13 19 21 28
02 09 10 16 17 22 30
01 03 07 20 23 24 28
08 09 12 14 19 21 23
06 09 12 15 16 21 27
01 13 14 17 19 20 22
01 06 12 13 18 25 31
01 02 04 16 23 29 31
04 09 10 11 13 28 31
02 03 11 15 18 27 30
05 10 11 13 16 23 28
04 07 12 14 21 23 25
03 06 09 14 19 26 29
01 07 14 16 17 25 26
01 07 08 20 22 23 25
04 06 12 13 16 26 29
01 06 07 17 22 25 28
01 07 12 17 19 24 26
08 09 10 14 15 19 31
02 11 13 14 18 19 29
02 11 13 15 19 22 24
02 05 12 14 22 23 28
03 11 13 14 18 19 28
05 07 10 13 22 23 26
03 06 12 15 18 22 30
04 08 12 14 15 22 31
04 10 13 15 19 20 25
01 06 09 18 19 22 31
02 08 14 17 18 19 28
05 06 14 15 18 20 28
03 09 10 15 20 24 25
04 07 09 10 24 25 27
06 07 09 10 18 27 29
03 08 11 16 18 24 26
02 05 06 10 23 29 31
01 07 08 13 20 28 29
02 08 09 13 19 24 31
03 05 11 14 20 25 28
06 07 11 15 17 24 26
02 07 11 13 21 24 28
01 05 09 10 25 26 30
02 06 09 19 22 23 25
03 04 13 15 19 22 30
04 07 11 16 19 22 27
03 04 14 15 17 23 30
05 06 10 14 16 24 31
06 08 09 11 13 29 30
03 04 14 16 19 21 29
03 10 13 14 15 25 26
05 08 09 15 20 22 27
03 10 13 14 17 20 29
05 08 11 12 19 21 30
04 11 12 13 18 21 27
01 08 11 12 19 24 31
02 06 12 15 20 23 28
01 02 08 22 23 24 26
09 11 12 14 16 18 26
02 06 09 14 18 28 29
02 03 08 16 21 25 31
04 08 10 11 19 25 29
06 07 08 18 19 20 28
01 03 12 17 20 24 29
06 07 12 15 16 20 30
06 08 09 12 18 23 30
03 05 14 17 20 22 25
02 07 13 15 20 21 28
01 06 11 15 20 24 29
02 06 07 16 20 25 30
05 09 11 12 13 26 30
03 13 14 16 17 20 23
03 04 14 15 18 24 28
01 04 05 18 21 28 29
01 10 13 14 18 24 26
05 06 07 09 22 27 30
01 02 05 17 23 28 30
03 08 10 14 17 23 31
03 07 13 14 20 23 26
02 09 13 15 20 23 24
01 04 09 10 26 27 29
02 13 14 16 17 21 23
02 03 05 21 22 26 27
02 06 10 18 20 23 27
01 03 12 15 16 28 31
01 02 06 19 24 26 28
03 08 09 18 21 23 24
02 04 07 16 22 24 31
03 09 10 12 18 26 28
01 07 14 17 18 24 25
02 05 09 19 21 24 26
01 06 07 19 20 22 31
08 12 13 14 18 19 22
01 02 11 16 18 27 31
02 06 07 15 22 23 31
01 09 10 17 18 23 28
05 10 11 16 18 22 24
04 05 06 13 22 26 30
07 10 12 14 15 17 31
01 03 09 17 18 28 30
01 09 10 14 18 24 30
03 06 08 13 21 27 28
02 03 05 18 21 27 30
04 05 11 14 15 28 29
01 07 12 15 16 25 30
05 06 11 12 21 23 28
03 05 06 12 21 29 30
02 09 10 15 16 23 31
02 08 09 10 22 24 31
02 13 14 16 18 20 23
01 04 08 16 22 26 29
03 07 08 19 20 21 28
05 07 10 17 20 23 24
02 05 13 16 21 22 27
02 03 05 19 20 26 31
06 09 11 13 16 25 26
06 09 11 15 16 22 27
02 07 08 15 18 27 29
08 09 11 12 17 19 30
01 10 11 16 17 23 28
01 05 06 12 23 28 31
04 07 11 17 18 24 25
03 06 09 16 18 26 28
06 08 09 10 21 22 30
02 03 06 18 21 25 31
01 03 09 14 24 25 30
01 09 14 18 19 22 23
03 04 08 17 22 24 28
03 04 11 13 20 27 28
02 05 10 18 19 25 27
04 06 12 13 18 22 31
02 05 06 13 21 29 30
04 08 11 14 16 25 28
01 07 10 19 20 23 26
04 06 12 15 20 22 27
03 04 14 17 20 23 25
02 04 11 13 17 29 30
07 08 12 15 18 20 26
01 03 08 14 23 26 31
04 05 07 10 24 27 29
01 04 10 17 22 23 29
01 05 08 11 24 28 29
04 08 10 13 17 24 30
02 05 10 14 19 25 31
05 06 11 13 16 24 31
02 03 05 14 23 28 31
04 05 12 15 21 23 26
05 08 14 15 19 21 24
05 07 10 12 14 27 31
03 08 10 16 18 25 26
04 09 13 16 20 21 23
06 09 10 12 18 21 30
08 10 11 13 19 21 24
02 09 10 13 22 24 26
02 05 07 21 22 23 26
02 08 09 16 19 23 29
05 06 08 11 23 25 28
04 06 11 18 20 22 25
01 06 07 18 19 27 28
04 06 14 16 17 24 25
07 08 11 13 16 20 31
04 08 09 13 21 23 28
03 04 13 15 20 24 27
10 11 13 15 18 19 20
01 11 15 16 17 22 24
01 03 05 16 22 29 30
02 07 15 18 19 20 25
02 04 14 17 18 21 30
01 07 09 16 20 22 31
08 09 11 15 16 21 26
01 03 04 12 27 29 30
03 09 10 15 18 22 29
03 04 10 14 16 28 31
04 07 13 14 16 21 31
05 09 10 14 18 21 29
08 11 12 15 16 20 24
03 08 14 15 20 21 25
02 08 12 15 16 22 31
04 05 12 13 19 23 30
02 04 06 20 21 25 28
01 03 11 17 20 26 28
02 03 14 16 20 23 28
01 09 10 13 16 28 29
02 04 08 12 21 29 30
07 09 10 13 16 20 31
04 06 12 13 19 21 31
01 03 14 19 21 22 26
02 07 09 14 17 28 29
01 05 08 16 21 25 30
04 08 09 15 20 22 28
02 03 04 15 25 27 30
07 10 12 15 16 18 28
06 08 10 13 16 25 28
04 09 10 12 22 23 26
04 07 12 16 18 22 27
03 05 14 19 20 21 24
01 09 12 16 17 25 26
02 07 11 15 16 25 30
04 07 13 17 18 20 27
06 08 12 15 19 21 25
01 07 08 15 21 26 28
06 10 12 13 15 23 27
02 08 09 15 19 22 31
06 09 11 17 18 19 26
05 11 12 14 16 23 25
06 11 12 14 17 18 28
01 12 14 15 18 20 26
02 03 08 14 22 27 30
03 05 11 12 20 27 28
01 06 11 18 19 20 31
03 11 14 15 17 22 24
04 05 10 15 17 27 28
02 03 06 15 25 26 29
02 03 04 19 21 28 29
02 05 08 09 21 30 31
05 07 09 12 22 24 27
02 04 14 15 16 25 30
04 08 10 11 19 24 30
04 07 08 17 21 24 25
05 09 11 12 20 23 26
01 02 12 18 19 24 30
02 03 08 18 22 26 27
02 08 12 16 17 23 28
08 09 11 14 17 20 27
06 08 12 15 16 24 25
03 04 09 10 21 28 31
02 04 08 09 24 28 31
02 08 13 15 17 20 31
05 06 12 13 20 21 29
01 03 04 15 24 29 30
02 03 06 18 22 24 31
03 07 09 10 23 24 30
04 06 11 19 21 22 23
06 08 11 14 16 25 26
01 08 12 15 21 23 26
03 11 12 14 17 21 28
07 09 12 15 17 20 26
03 09 10 15 20 21 28
04 06 11 13 21 25 26
01 12 15 16 17 22 23
02 05 07 15 22 26 29
01 02 07 16 25 26 29
04 05 09 19 22 23 24
01 06 09 11 21 28 30
05 09 10 15 20 23 24
01 05 06 16 20 27 31
02 06 10 13 23 24 28
03 08 10 12 17 26 30
01 04 08 15 23 25 30
02 08 12 13 20 24 27
01 02 07 12 25 28 31
02 10 13 15 18 22 26
01 08 12 14 16 26 29
08 09 11 12 16 20 30
03 06 12 18 21 22 24
04 06 14 15 16 20 31
05 09 10 16 19 20 27
06 07 11 12 14 26 30
02 03 04 15 22 29 31
02 03 04 11 26 29 31
04 05 11 14 15 26 31
04 05 12 14 19 25 27
06 08 11 12 17 22 30
03 10 12 15 18 19 29
04 05 09 11 22 26 29
02 03 08 15 19 28 31
02 08 11 15 17 22 31
01 06 12 15 21 24 27
07 11 12 14 17 19 26
04 05 06 17 22 25 27
04 08 11 14 16 26 27
01 09 13 15 16 22 30
02 06 09 16 18 27 28
03 09 10 16 18 22 28
03 06 14 15 20 23 25
01 02 13 19 22 24 25
06 09 10 15 16 24 26
01 05 16 17 18 21 28
01 04 08 14 25 26 28
01 04 08 15 22 25 31
01 04 09 10 23 28 31
02 05 06 16 24 25 28
03 04 08 17 21 22 31
05 10 13 15 18 21 24
06 07 09 17 19 20 28
06 09 10 15 19 20 27
06 12 14 15 16 18 25
01 07 08 17 18 25 30
08 11 12 14 17 21 23
03 07 08 15 20 23 30
05 06 07 15 20 22 31
04 05 11 15 19 22 30
01 05 08 16 23 25 28
04 08 11 14 17 21 31
01 06 07 09 26 27 30
04 10 11 16 18 23 24
01 07 09 10 24 26 29
01 09 11 17 18 20 30
02 08 12 13 20 25 26
06 07 12 16 19 22 24
02 05 10 15 16 28 30
01 03 04 21 22 26 29
04 07 10 14 18 22 31
03 04 14 15 20 24 26
02 04 08 18 22 23 29
07 10 12 14 18 20 25
06 10 13 14 18 21 24
03 04 12 19 20 23 25
02 04 11 18 19 21 31
02 05 11 16 17 27 28
02 09 12 13 15 26 29
03 04 07 11 22 28 31
06 11 13 16 18 19 23
01 07 11 15 16 26 30
04 07 09 12 19 24 31
04 05 11 15 18 22 31
03 05 08 18 23 24 25
01 09 14 15 19 22 26
01 04 10 13 19 28 31
03 05 14 15 20 21 28
01 07 12 17 18 25 26
02 06 13 14 17 24 30
01 05 06 16 24 26 28
06 09 12 15 16 20 28
03 04 06 11 25 26 31
02 03 11 16 20 25 29
03 04 08 09 23 28 31
03 05 07 14 23 24 30
06 07 10 12 14 26 31
01 08 09 14 21 22 31
03 08 11 13 22 24 25
02 05 13 19 20 23 24
01 06 13 14 15 26 31
02 07 09 13 20 26 29
01 03 10 17 21 26 28
01 06 07 10 24 27 31
02 12 13 14 18 20 27
01 08 10 12 16 29 30
02 03 08 19 20 25 29
02 10 13 15 17 18 31
03 06 08 14 23 24 28
06 08 09 10 12 30 31
02 04 09 17 21 26 27
02 07 10 15 16 26 30
01 04 06 12 23 29 31
08 09 11 16 18 21 23
06 09 12 16 18 20 25
04 09 10 11 18 25 29
08 09 11 13 18 22 25
01 09 12 15 16 24 29
01 04 09 13 22 26 31
06 08 10 11 22 24 25
02 07 14 17 19 22 25
03 10 12 13 15 24 29
03 07 10 14 18 23 31
04 07 12 13 20 22 28
03 04 07 14 22 27 29
07 08 12 14 18 21 26
07 12 14 15 17 19 22
01 06 08 14 18 28 31
04 07 15 16 17 21 26
01 08 10 14 21 23 29
01 07 08 18 22 24 26
02 05 13 14 18 24 30
09 10 12 14 16 22 23
03 04 05 13 24 27 30
04 05 13 18 21 22 23
07 08 13 16 17 18 27
02 06 12 14 22 23 27
06 11 12 15 17 22 23
01 03 08 15 25 26 28
06 09 11 12 13 25 30
01 03 16 17 22 23 24
02 04 05 17 22 25 31
05 07 12 13 14 24 31
02 09 12 16 17 23 27
04 06 14 16 17 19 30
02 04 11 13 23 26 27
01 12 15 16 17 21 24
02 04 07 14 24 25 30
02 04 05 14 23 28 30
03 04 12 16 20 25 26
02 07 10 13 15 28 31
02 05 08 17 22 24 28
01 02 13 14 23 26 27
04 10 13 15 19 21 24
03 04 09 14 16 29 31
02 07 13 17 19 22 26
04 07 14 15 19 20 27
04 06 07 14 20 26 29
02 09 11 16 18 20 30
01 08 13 14 21 22 27
04 06 12 15 16 26 27
01 08 10 17 21 24 25
02 07 08 11 23 24 31
02 04 10 15 20 27 28
02 09 10 11 16 27 31
04 07 11 13 20 23 28
01 06 13 18 19 21 28
08 09 11 17 18 20 23
05 08 10 11 16 26 30
03 08 11 12 19 24 29
01 07 16 17 19 22 24
03 08 11 12 17 24 31
01 04 06 15 24 25 31
01 08 14 15 21 23 24
04 07 09 12 21 26 27
01 03 11 12 24 26 29
02 03 08 16 19 28 30
01 05 06 14 23 26 31
01 04 06 21 23 24 27
03 05 06 14 22 25 31
02 05 14 17 21 23 24
03 09 10 13 20 25 26
08 10 11 16 17 20 24
02 07 09 14 20 25 29
08 09 11 14 16 22 26
01 10 12 13 18 25 27
02 06 13 14 21 22 28
04 05 11 14 19 25 28
01 06 11 16 17 25 30
01 09 13 16 20 22 25
03 04 11 14 22 25 27
02 09 12 16 20 23 24
08 09 10 12 16 21 30
05 06 11 17 18 22 27
03 04 05 19 20 24 31
02 04 07 12 25 27 29
05 07 08 12 18 27 29
01 02 12 15 19 27 30
06 09 13 16 17 19 26
02 06 12 13 21 24 28
05 06 09 11 24 25 26
02 06 07 11 22 28 30
05 06 13 14 16 22 30
01 09 10 16 18 22 30
06 08 13 15 18 21 25
07 09 11 12 18 19 30
02 03 14 16 19 23 29
03 08 10 12 20 26 27
02 03 14 15 16 25 31
02 06 12 17 18 25 26
04 09 10 15 20 21 27
02 04 13 16 20 23 28
05 07 08 15 20 25 26
06 07 09 15 16 26 27
08 09 10 12 16 25 26
05 06 12 15 18 21 29
02 06 14 17 20 23 24
06 08 10 11 12 29 30
03 07 08 11 18 29 30
04 07 12 14 19 22 28
01 09 11 16 17 22 30
02 07 14 16 18 22 27
05 10 12 14 17 19 29
01 04 07 14 22 28 30
01 07 14 16 21 22 25
03 11 12 13 16 24 27
02 04 06 16 20 27 31
04 07 13 18 20 21 23
03 05 06 09 26 28 29
03 10 12 13 16 25 27
04 08 11 15 17 24 27
01 09 12 14 15 26 29
03 08 14 16 20 21 24
01 08 11 14 19 23 30
01 02 05 12 26 29 31
04 09 13 16 19 22 23
01 07 15 16 17 20 30
04 09 10 15 19 21 28
02 11 13 14 19 20 27
01 02 05 18 21 29 30
01 07 10 13 21 26 28
04 07 08 17 20 24 26
03 07 12 14 18 21 31
05 10 13 14 17 23 24
06 07 08 13 22 23 27
03 07 12 17 18 20 29
02 05 09 14 23 24 29
01 04 08 15 24 25 29
01 08 09 14 19 24 31
01 02 14 16 19 23 31
01 04 09 14 18 29 31
03 08 10 11 17 26 31
02 05 07 17 21 24 30
07 08 12 13 16 22 28
04 07 14 16 18 21 26
05 09 11 14 18 20 29
06 09 15 16 18 20 22
01 09 12 14 17 22 31
04 08 13 15 17 18 31
02 03 14 16 21 23 27
01 06 07 11 23 28 30
03 08 15 16 18 21 25
03 07 10 12 18 27 29
01 02 03 18 25 28 29
05 06 10 17 19 22 27
02 04 11 13 24 25 27
04 05 15 16 18 22 26
01 06 10 14 21 25 29
07 10 11 14 16 20 28
03 06 12 13 16 27 29
01 08 11 16 17 23 30
05 06 08 13 16 28 30
05 06 08 16 18 22 31
01 02 05 17 22 28 31
03 09 14 17 20 21 22
03 05 09 10 22 27 30
04 06 11 12 17 26 30
02 08 09 14 19 24 30
07 08 11 13 19 20 28
07 08 09 12 13 28 29
06 09 11 13 18 23 26
02 06 08 17 21 25 27
04 09 13 14 18 20 28
02 04 08 14 22 25 31
03 08 11 14 20 21 29
05 06 11 12 17 27 28
01 02 15 18 19 23 28
06 08 09 12 20 21 30
02 04 06 09 24 30 31
03 04 09 13 21 26 30
01 10 12 15 18 24 26
02 04 15 17 19 20 29
04 06 09 16 18 24 29
01 06 12 14 18 27 28
04 06 11 16 19 22 28
05 06 10 15 18 24 28
01 04 07 14 21 28 31
04 07 14 17 18 20 26
07 08 10 14 20 23 24
02 06 13 16 17 23 29
03 06 08 10 22 28 29
03 04 09 17 21 22 30
02 08 11 13 17 25 30
03 07 14 16 20 22 24
04 10 12 13 14 26 27
06 10 12 13 15 21 29
06 10 12 14 16 17 31
03 08 09 19 20 21 26
01 06 13 17 22 23 24
02 04 09 14 20 26 31
03 04 11 15 23 24 26
03 06 09 12 17 29 30
01 02 15 16 19 24 29
01 02 05 16 23 28 31
04 07 10 14 18 24 29
01 03 08 17 19 28 30
02 05 07 13 23 26 30
07 08 12 16 17 22 24
03 08 10 15 18 25 27
04 05 14 15 18 20 30
04 08 10 17 19 21 27
07 12 13 16 17 18 23
02 04 11 16 18 26 29
04 06 11 13 18 24 30
02 09 12 16 17 24 26
01 03 13 14 16 28 31
03 04 08 15 18 28 30
07 10 12 13 16 18 30
01 02 05 15 24 29 30
04 05 12 19 21 22 23
04 06 11 14 18 22 31
06 07 08 17 19 22 27
02 05 11 16 18 25 29
01 10 15 17 19 20 24
04 08 10 14 18 23 29
01 07 09 14 22 23 30
02 03 09 15 20 26 31
04 07 10 14 22 23 26
02 03 05 17 20 28 31
08 09 10 15 19 21 24
03 04 13 16 17 22 31
05 06 11 14 19 25 26
02 09 10 14 21 23 27
01 02 13 18 20 25 27
01 04 09 17 21 24 30
04 06 09 17 21 22 27
01 06 13 19 21 22 24
02 05 14 16 19 21 29
03 06 13 17 18 23 26
05 09 10 17 18 22 25
01 07 14 16 19 22 27
01 02 08 13 24 27 31
04 05 10 17 18 24 28
06 08 11 15 17 22 27
02 03 11 19 20 25 26
03 09 10 11 16 28 29
02 05 08 19 20 21 31
02 04 08 18 21 26 27
01 04 07 12 25 27 30
02 08 10 15 17 26 28
04 10 11 13 19 22 27
03 04 08 15 23 25 28
01 06 10 15 16 27 31
01 02 13 15 22 24 29
01 08 12 15 17 26 27
04 06 07 11 21 27 30
07 11 13 15 18 20 22
02 04 10 16 22 23 29
01 04 10 14 19 27 31
01 03 11 14 23 26 28
03 08 12 17 18 22 26
04 07 12 16 19 21 27
03 06 09 10 22 27 29
01 04 07 18 22 23 31
01 05 11 14 20 26 29
01 02 05 18 20 29 31
02 05 07 19 20 26 27
07 08 13 14 18 22 24
01 06 07 12 20 29 31
03 08 12 13 15 24 31
01 05 12 16 18 25 29
04 05 11 14 17 27 28
02 03 07 15 21 28 30
03 04 12 15 17 25 30
04 09 12 14 15 22 30
01 09 10 14 17 26 29
01 06 11 12 23 24 29
02 05 08 18 21 23 29
02 05 06 18 21 23 31
04 11 15 17 18 20 21
04 07 08 14 20 22 31
02 03 10 17 22 24 28
03 05 13 14 20 23 28
02 05 06 10 25 28 30
06 07 11 14 16 22 30
03 10 11 16 18 21 27
01 02 06 11 27 29 30
07 08 12 13 16 20 30
07 10 12 15 18 21 23
03 07 09 17 18 22 30
02 04 09 18 19 26 28
05 09 11 12 19 24 26
02 04 07 11 23 28 31
06 08 11 17 18 22 24
01 05 06 12 23 29 30
03 05 11 12 16 28 31
01 02 13 15 23 24 28
03 05 10 17 20 24 27
03 06 07 17 22 25 26
03 04 08 19 21 22 29
03 10 11 14 18 21 29
08 10 12 15 16 19 26
03 05 06 15 18 28 31
07 08 13 14 20 21 23
05 08 10 14 18 21 30
06 07 11 12 16 24 30
01 06 12 15 17 26 29
05 11 12 14 15 18 31
01 06 09 17 21 22 30
01 08 13 18 19 23 24
02 09 12 14 18 21 30
02 07 14 15 20 23 25
02 06 14 15 20 21 28
03 04 11 14 16 27 31
01 13 14 15 18 21 24
06 08 11 12 19 20 30
02 05 09 15 21 26 28
01 08 13 14 22 23 25
02 07 09 11 18 28 31
09 10 11 13 17 18 28
01 13 15 16 18 20 23
01 02 16 18 20 24 25
04 07 11 16 21 23 24
04 08 09 11 19 26 29
03 06 08 16 20 25 28
01 04 08 13 21 29 30
03 04 11 13 22 25 28
02 05 10 19 20 23 27
06 08 09 12 19 23 29
02 04 08 16 22 23 31
01 08 10 17 19 23 28
05 06 07 12 21 27 28
02 10 13 14 16 22 29
08 10 13 14 17 20 24
03 04 11 15 18 25 30
01 09 10 15 18 24 29
05 07 09 12 18 27 28
02 07 12 15 19 21 30
02 07 11 15 17 24 30
04 06 14 15 18 24 25
05 08 11 15 19 22 26
04 05 08 10 24 27 28
03 06 13 14 21 22 27
01 04 10 15 23 24 29
01 02 05 19 25 26 28
05 11 12 15 16 18 29
01 06 08 19 20 22 30
03 08 11 14 21 23 26
04 07 08 12 23 24 28
05 09 10 13 16 22 31
06 07 12 15 18 21 27
02 03 14 16 19 21 31
02 04 09 14 17 29 31
01 02 09 16 23 25 30
03 08 11 12 16 25 31
04 08 13 14 16 23 28
04 05 11 18 19 24 25
01 03 09 20 21 24 28
03 05 09 12 20 28 29
07 09 10 11 14 26 29
04 05 07 12 24 25 29
02 06 08 12 20 27 31
03 07 10 16 19 20 31
05 07 10 14 22 23 25
06 07 13 14 17 18 31
02 07 08 17 18 25 29
01 09 12 14 16 23 31
05 08 09 11 22 23 28
02 04 15 16 20 21 28
05 09 10 12 18 24 28
02 04 06 17 23 24 30
02 04 08 18 20 25 29
04 07 09 14 17 27 28
09 10 12 13 15 20 27
02 03 07 18 22 26 28
05 07 10 17 18 19 30
01 08 13 17 18 23 26
03 07 10 13 15 28 30
01 05 09 16 21 26 28
04 05 09 10 22 27 29
02 05 14 16 21 23 25
01 06 09 16 17 28 29
09 10 12 13 18 20 24
04 08 09 10 23 24 28
01 07 11 14 18 24 31
02 03 15 18 19 21 28
02 03 08 17 22 24 30
02 04 14 15 18 24 29
03 05 11 14 18 24 31
01 08 09 12 19 26 31
03 06 13 19 20 21 24
04 05 08 14 21 26 28
01 06 07 10 23 28 31
01 10 14 16 17 20 28
03 09 10 12 23 24 25
01 02 15 18 21 23 26
02 04 11 16 21 23 29
03 06 10 11 19 27 30
01 04 11 12 23 27 28
03 06 10 15 18 26 28
02 10 13 14 16 24 27
04 08 10 12 19 25 28
01 09 14 15 20 21 26
02 12 13 15 18 22 24
01 03 07 14 24 26 31
01 03 10 18 19 27 28
05 06 08 13 23 25 26
04 05 10 15 20 23 29
03 07 08 14 17 27 30
02 05 11 13 16 28 31
02 08 09 12 16 28 31
05 06 10 12 18 27 28
05 06 11 15 17 22 30
01 08 10 14 19 23 31
03 05 10 17 19 22 30
03 04 07 12 21 29 30
07 08 11 14 16 24 26
03 11 12 14 15 22 29
05 10 11 14 15 23 28
03 06 12 14 20 24 27
03 04 08 18 21 23 29
05 08 10 12 22 23 26
02 07 09 18 19 20 31
08 09 11 13 20 21 24
05 08 10 14 18 22 29
03 09 10 11 21 24 28
02 06 09 13 19 27 30
04 07 11 13 14 26 31
01 03 04 17 24 26 31
04 08 13 17 20 21 23
03 05 13 14 21 22 28
05 09 12 16 17 21 26
01 06 10 15 18 25 31
03 06 10 11 21 27 28
02 05 13 16 19 20 31
01 04 08 14 21 27 31
02 07 09 19 22 23 24
03 04 06 18 23 24 28
03 07 08 16 17 27 28
01 04 08 17 22 24 30
03 04 05 19 22 23 30
09 11 14 15 18 19 20
01 07 13 18 20 22 25
03 09 12 14 18 19 31
03 04 11 19 20 22 27
05 06 10 11 16 28 30
01 06 09 10 23 27 30
06 08 12 13 19 20 28
03 05 14 17 20 23 24
03 08 09 16 20 22 28
01 03 07 08 26 30 31
02 11 13 15 18 23 24
05 06 14 16 19 20 26
04 08 11 13 16 23 31
03 08 09 19 20 23 24
02 07 12 16 18 23 28
02 04 07 19 22 24 28
02 08 09 12 18 26 31
02 08 09 13 20 25 29
02 08 11 12 15 27 31
04 06 07 12 22 26 29
05 07 08 16 17 26 27
03 04 08 15 22 23 31
03 09 11 16 20 23 24
02 06 08 16 19 27 28
07 08 12 16 18 22 23
05 06 10 12 19 23 31
02 07 10 14 16 27 30
01 02 07 18 22 25 31
03 06 11 18 21 22 25
03 08 10 13 19 25 28
05 06 11 12 17 25 30
01 02 07 13 25 28 30
05 06 08 18 21 23 25
03 04 06 14 21 28 30
01 10 12 16 18 19 30
06 08 09 10 13 29 31
08 10 11 14 17 20 26
04 06 09 14 21 24 28
01 02 06 18 23 25 31
05 06 11 13 22 24 25
07 08 10 11 18 23 29
05 06 09 11 22 26 27
01 08 09 10 23 26 29
02 03 06 19 22 24 30
04 10 12 14 17 23 26
04 09 14 16 17 22 24
01 04 09 14 19 28 31
01 04 11 16 23 24 27
04 13 14 15 18 20 22
04 06 07 11 25 26 27
03 07 10 18 20 23 25
01 07 10 18 19 20 31
03 04 06 15 23 25 30
02 04 07 09 23 30 31
01 07 11 13 22 24 28
05 08 09 13 18 22 31
01 06 08 15 20 26 30
01 04 11 14 19 26 31
01 02 10 18 24 25 26
01 02 09 18 20 25 31
05 06 10 12 15 28 30
02 07 15 16 19 22 25
01 09 10 14 18 26 28
01 07 10 14 22 23 29
04 10 14 16 17 19 26
01 02 05 14 25 29 30
06 11 12 13 15 18 31
08 11 12 15 16 19 25
03 04 07 17 20 27 28
02 05 07 16 21 25 30
05 09 10 11 22 23 26
04 09 10 12 14 27 30
07 10 12 13 16 23 25
02 04 06 17 22 26 29
01 11 12 14 18 23 27
02 04 13 17 18 22 30
02 11 13 14 15 24 27
05 10 12 14 17 20 28
04 05 11 13 23 24 26
05 07 10 14 19 22 29
02 06 07 10 25 27 29
09 10 11 14 15 23 24
01 03 16 17 19 20 30
05 10 14 16 17 20 24
05 08 15 16 19 21 22
06 08 12 13 14 22 31
06 08 09 17 18 22 26
01 11 13 15 18 22 26
02 04 13 14 20 26 27
01 08 09 12 17 28 31
01 04 06 14 22 29 30
03 07 10 14 20 24 28
02 05 08 11 24 25 31
04 06 09 12 21 24 30
05 09 10 14 15 25 28
06 07 11 12 17 25 28
01 08 10 14 21 25 27
05 07 10 11 16 27 30
01 05 08 15 23 24 30
06 08 13 14 18 21 26
02 10 15 17 18 20 24
03 05 10 16 23 24 25
03 05 10 15 21 24 28
01 04 07 14 24 26 30
04 07 09 14 20 23 29
01 04 09 13 22 27 30
04 07 12 15 19 20 29
02 03 08 19 20 26 28
05 06 09 15 20 21 30
05 09 10 14 20 21 27
02 08 11 13 21 25 26
03 06 10 17 20 22 28
04 07 12 19 20 21 23
06 07 11 12 19 24 27
03 04 10 12 23 26 28
05 08 10 15 17 25 26
04 05 06 09 25 28 29
01 06 08 14 22 24 31
01 08 11 14 17 24 31
05 08 12 13 18 21 29
05 07 11 15 16 22 30
06 08 09 11 21 25 26
02 04 08 13 22 26 31
02 03 11 14 19 28 29
02 05 10 11 19 28 31
03 05 09 13 22 24 30
03 08 11 18 19 20 27
05 07 08 13 21 22 30
02 06 11 17 22 23 25
04 07 10 12 21 23 29
06 08 11 12 15 25 29
05 07 10 15 19 22 28
01 05 07 20 21 24 28
02 07 08 15 21 22 31
01 02 04 16 24 29 30
07 08 14 16 17 18 26
02 06 08 18 20 25 27
03 04 11 13 16 29 30
03 09 10 17 21 22 24
01 06 14 15 19 25 26
02 05 07 16 20 26 30
06 07 09 10 22 25 27
04 07 08 13 17 27 30
02 03 07 11 25 28 30
04 06 10 13 14 28 31
06 09 12 15 20 21 23
02 03 05 09 26 30 31
02 09 10 13 18 26 28
02 05 13 16 21 24 25
05 10 11 13 18 20 29
01 04 13 17 18 22 31
03 05 08 12 21 27 30
01 08 09 11 20 27 30
01 03 04 16 22 29 31
01 03 07 18 22 24 31
07 10 12 16 18 20 23
03 08 09 10 21 26 29
01 12 13 14 16 21 29
02 04 12 13 18 26 31
02 03 12 15 16 28 30
02 05 13 16 17 22 31
01 04 05 20 21 27 28
03 12 14 15 17 20 25
06 09 11 13 19 20 28
02 03 14 18 21 22 26
02 07 15 18 20 21 23
02 03 08 15 20 27 31
05 12 15 16 17 19 22
04 10 12 15 19 20 26
01 07 10 14 17 28 29
01 02 14 15 18 25 31
01 03 05 18 22 26 31
07 10 13 14 16 20 26
08 11 14 15 18 19 21
01 03 10 16 19 27 30
03 04 10 14 20 26 29
01 07 11 14 22 23 28
02 04 10 14 23 25 28
05 08 10 12 19 21 31
04 09 11 12 17 23 30
02 04 10 16 21 25 28
02 08 09 12 20 24 31
03 05 06 12 24 26 30
02 12 14 16 17 19 26
05 06 12 15 17 20 31
01 04 07 21 23 24 26
02 06 07 10 22 28 31
06 10 11 12 17 19 31
04 07 13 16 17 23 26
03 04 08 13 19 29 30
03 07 10 11 18 26 31
04 05 06 15 20 25 31
01 07 12 13 19 24 30
01 07 10 15 18 25 30
06 07 10 12 19 22 30
05 11 12 16 18 19 25
02 03 12 18 22 24 25
01 04 17 18 21 22 23
04 06 13 14 17 21 31
01 10 14 17 19 22 23
03 04 14 16 20 21 28
02 04 06 12 24 27 31
01 04 06 17 22 26 30
03 07 08 16 18 23 31
01 07 11 18 19 20 30
05 07 09 10 20 27 28
04 05 11 14 17 24 31
01 03 16 18 21 23 24
03 08 11 16 17 21 30
02 06 10 12 23 25 28
04 07 10 13 21 22 29
01 10 13 14 19 21 28
04 10 12 15 17 22 26
01 04 08 20 21 25 27
03 07 09 12 22 24 29
04 05 10 15 18 24 30
03 08 09 13 14 29 30
02 08 12 16 19 23 26
06 08 09 11 18 23 31
05 09 10 13 18 23 28
01 05 11 12 23 26 28
01 04 09 20 21 25 26
02 06 14 17 18 21 28
06 09 11 16 18 21 25
05 08 09 12 20 24 28
01 05 12 13 17 28 30
02 03 06 17 23 27 28
04 06 10 15 16 24 31
08 09 11 12 16 24 26
04 06 11 12 18 26 29
02 04 12 13 20 26 29
02 07 10 13 20 25 29
02 06 09 12 17 29 31
02 10 12 15 18 23 26
05 06 11 13 20 23 28
04 11 12 13 17 24 25
04 07 10 13 18 24 30
04 08 11 12 18 26 27
02 03 04 16 24 27 30
04 10 15 16 19 20 22
04 06 11 15 20 22 28
06 07 14 15 17 21 26
02 11 13 15 16 24 25
04 09 11 16 19 22 25
06 07 08 12 19 26 28
02 03 09 15 20 28 29
02 04 10 17 22 25 26
05 06 07 09 25 26 28
04 05 09 16 21 25 26
02 05 09 19 22 23 26
04 05 09 16 22 24 26
03 09 12 18 19 20 25
01 04 08 19 20 24 30
04 05 10 12 20 26 29
05 07 08 10 19 28 29
03 09 14 16 19 22 23
02 04 13 17 20 24 26
03 07 08 14 22 24 28
05 08 10 15 19 22 27
02 04 13 15 21 25 26
03 06 13 15 22 23 24
04 08 12 13 14 25 30
02 03 12 15 19 26 29
02 07 08 13 22 24 30
03 05 08 17 18 25 30
04 12 13 15 17 22 23
03 10 13 15 19 22 24
01 10 11 14 17 25 28
04 08 12 13 15 23 31
04 07 09 10 15 30 31
01 05 08 19 21 22 30
01 05 08 18 23 25 26
03 08 11 12 15 28 29
02 03 05 13 24 28 31
02 09 11 15 16 25 28
07 08 11 12 18 19 31
04 07 08 09 21 28 29
02 09 14 16 19 21 25
02 07 13 18 19 20 27
03 08 13 15 19 20 28
03 04 11 12 18 27 31
02 10 11 13 15 26 29
01 03 08 12 25 27 30
01 11 12 14 17 25 26
02 06 09 18 20 23 28
01 02 13 18 23 24 25
01 08 13 16 17 20 31
04 10 12 15 18 21 26
01 10 11 13 18 26 27
04 07 09 10 22 25 29
02 08 10 13 20 24 29
01 02 13 17 21 24 28
01 03 06 16 24 25 31
04 10 12 15 18 20 27
02 08 15 16 19 20 26
04 09 10 13 16 24 30
04 07 08 10 23 24 30
03 06 10 19 21 23 24
03 07 08 12 20 27 29
03 06 08 14 18 26 31
01 04 11 17 19 24 30
01 04 13 18 20 24 26
03 06 10 18 19 21 29
02 06 07 11 21 28 31
04 09 12 13 16 23 29
02 09 10 13 20 24 28
01 07 14 17 19 22 26
03 06 08 12 23 24 30
06 07 11 12 17 24 29
04 06 08 12 21 26 29
02 07 12 16 18 22 29
02 06 08 12 19 28 31
01 06 10 14 19 26 30
04 10 12 13 18 23 26
03 09 10 14 20 24 26
07 10 11 13 14 22 29
01 07 08 15 18 27 30
03 07 09 14 22 24 27
02 04 05 18 22 27 28
01 07 11 16 22 24 25
09 11 12 13 15 22 24
06 08 11 12 22 23 24
03 06 10 13 19 24 31
03 09 10 15 17 22 30
04 08 09 18 19 22 26
01 10 13 14 17 23 28
01 06 11 18 19 25 26
03 05 07 12 22 26 31
02 03 04 16 23 27 31
04 07 12 15 20 22 26
05 07 08 12 15 28 31
03 08 10 11 16 27 31
05 07 12 15 19 20 28
02 05 15 16 17 24 27
06 08 10 16 17 23 26
03 07 08 17 19 22 30
01 02 07 20 23 24 29
03 08 12 13 20 24 26
01 11 16 17 18 20 23
06 07 10 12 17 25 29
01 02 08 17 24 26 28
03 06 15 16 19 22 25
01 05 07 14 22 27 30
01 02 10 16 23 25 29
04 05 11 13 22 23 28
06 08 12 14 17 21 28
07 08 10 14 17 21 29
02 09 14 15 16 24 26
01 02 13 15 16 29 30
08 11 12 14 16 17 28
05 06 11 15 22 23 24
01 04 06 16 23 25 31
02 08 09 10 17 29 31
06 07 12 14 17 20 30
04 05 06 19 21 25 26
03 04 05 09 26 29 30
03 05 09 14 22 23 30
02 04 10 11 23 27 29
02 07 08 17 19 26 27
02 05 07 19 21 22 30
01 08 16 17 18 21 25
02 08 09 14 20 22 31
03 04 08 14 20 28 29
05 07 10 12 15 26 31
02 10 11 17 19 23 24
03 04 10 17 19 22 31
07 09 12 15 16 22 25
04 09 11 12 13 26 31
02 06 13 15 20 21 29
02 07 12 16 22 23 24
06 08 09 16 18 22 27
04 09 14 15 18 21 25
03 08 12 14 17 24 28
03 10 13 14 17 24 25
01 05 14 16 19 22 29
04 06 09 15 21 22 29
02 05 12 16 20 23 28
02 08 11 14 19 23 29
01 06 10 19 20 23 27
01 09 14 18 20 21 23
01 07 09 12 22 24 31
06 07 12 14 16 20 31
02 09 11 15 20 23 26
05 07 10 15 18 20 31
03 04 13 16 19 20 31
01 05 12 18 19 23 28
02 03 15 17 22 23 24
05 10 12 16 17 19 27
08 09 12 14 16 18 29
04 07 11 18 20 21 25
04 09 10 11 16 26 30
01 10 14 18 19 21 23
04 05 07 15 22 23 30
04 05 10 15 17 24 31
05 08 11 12 15 24 31
02 09 13 14 20 21 27
03 08 12 16 17 23 27
04 08 12 17 19 22 24
01 03 11 16 22 25 28
03 08 09 15 20 23 28
01 02 06 16 24 27 30
02 06 08 17 20 25 28
01 06 10 16 19 24 30
02 03 16 18 21 22 24
06 10 12 13 19 21 25
02 06 07 17 20 25 29
05 06 07 13 22 26 27
04 11 12 13 16 21 29
04 09 12 13 18 20 30
03 07 08 15 20 25 28
03 06 07 09 26 27 28
03 10 11 13 17 24 28
04 08 10 14 18 25 27
04 07 12 13 18 21 31
01 12 13 14 18 21 27
01 07 12 16 18 25 27
04 09 11 13 19 22 28
02 09 12 14 17 23 29
01 08 12 15 19 21 30
02 06 11 18 19 24 26
02 06 15 16 17 20 30
02 04 10 13 17 29 31
05 06 12 13 17 22 31
07 08 12 13 20 22 24
03 04 13 17 18 20 31
03 08 09 10 16 29 31
06 07 10 16 20 23 24
01 03 11 14 20 28 29
02 05 09 17 21 22 30
01 06 07 21 22 24 25
01 07 10 13 20 26 29
02 04 13 16 21 23 27
07 08 09 16 17 19 30
06 09 10 12 16 25 28
01 05 08 15 21 26 30
03 10 11 12 19 25 26
04 08 11 15 20 22 26
05 06 08 11 22 23 31
01 03 15 16 18 23 30
02 05 09 14 15 30 31
04 08 12 17 18 22 25
01 05 12 19 20 23 26
04 11 13 14 16 21 27
03 11 14 17 18 20 23
07 10 12 13 14 21 29
01 05 10 16 19 25 30
06 07 10 19 20 21 23
04 09 12 13 20 21 27
02 05 08 17 18 27 29
02 03 04 14 25 27 31
05 08 09 17 20 22 25
01 04 09 16 22 25 29
02 08 12 15 16 26 27
06 08 14 15 18 21 24
04 09 12 14 19 23 25
07 09 10 12 19 24 25
01 04 06 18 20 28 29
02 05 09 14 24 25 27
06 08 09 10 17 27 29
01 03 08 18 23 26 27
09 10 11 13 18 19 26
04 07 08 15 20 25 27
01 07 10 15 17 26 30
03 06 11 14 21 23 28
01 05 13 14 20 25 28
01 10 12 13 17 24 29
03 05 09 16 21 22 30
04 05 11 16 21 22 27
03 08 10 14 19 23 29
08 10 12 13 18 19 26
05 10 11 14 19 21 26
04 07 13 14 20 23 25
02 09 12 15 17 25 26
01 08 13 14 18 23 29
04 06 09 11 21 24 31
04 08 09 14 16 26 29
03 09 13 14 20 22 25
05 06 08 16 20 23 28
05 10 14 16 19 20 22
04 08 15 16 18 21 24
02 04 13 17 22 23 25
05 08 11 14 18 20 30
01 09 14 15 16 22 29
02 03 04 19 21 26 31
06 08 09 16 18 23 26
01 03 09 19 22 24 28
01 04 08 18 22 26 27
01 04 11 18 22 23 27
01 02 10 13 24 27 29
03 04 09 11 22 26 31
01 03 14 16 19 22 31
11 12 13 15 17 18 20
05 08 09 10 15 29 30
01 02 16 17 22 23 25
03 08 12 16 21 22 24
08 09 12 15 17 18 27
05 06 10 11 16 27 31
03 08 12 13 18 25 27
03 11 12 15 17 18 30
03 07 08 10 22 25 31
03 09 10 14 17 24 29
02 08 13 18 19 22 24
03 06 08 19 20 22 28
06 09 10 13 19 21 28
04 06 11 13 15 26 31
02 04 06 13 21 29 31
03 10 13 14 17 23 26
03 07 08 17 22 23 26
01 06 08 13 24 26 28
04 08 14 17 18 22 23
01 04 13 15 16 26 31
01 06 08 11 25 27 28
04 11 12 14 16 19 30
02 08 12 15 19 20 30
03 05 11 15 18 26 28
02 08 09 16 19 22 30
05 10 13 14 17 22 25
02 03 13 17 21 24 26
01 10 13 15 18 22 27
02 04 08 18 19 27 28
04 10 11 17 19 20 25
01 04 13 17 19 22 30
06 08 12 13 15 21 31
01 03 08 16 22 25 31
01 02 09 16 20 27 31
01 07 13 18 20 23 24
01 02 08 12 25 27 31
04 10 11 13 16 23 29
04 06 07 16 23 24 26
06 07 11 15 16 24 27
03 08 10 11 19 24 31
04 05 10 13 22 24 28
03 05 14 17 21 22 24
02 07 16 17 19 20 25
02 04 11 15 19 25 30
02 03 08 15 21 27 30
03 04 11 15 22 25 26
03 07 13 14 18 23 28
02 06 07 10 25 26 30
01 05 09 14 24 25 28
01 11 12 15 18 19 30
01 04 08 20 21 23 29
03 06 12 14 21 22 28
04 06 07 14 17 27 31
02 05 09 14 20 25 31
08 10 11 14 17 21 25
01 09 10 14 16 27 29
06 08 09 14 18 22 29
01 02 14 17 20 23 29
05 07 09 10 22 26 27
02 05 16 18 19 20 26
06 09 12 14 16 21 28
04 05 12 14 17 23 31
04 05 10 13 14 29 31
04 05 06 15 21 26 29
08 09 11 13 19 22 24
04 08 09 14 20 24 27
01 02 05 16 25 28 29
03 05 10 12 19 26 31
04 10 11 15 19 21 26
02 06 09 17 18 26 28
06 09 12 15 19 22 23
04 07 08 12 17 27 31
02 04 11 15 23 24 27
02 04 07 17 18 27 31
02 04 09 19 20 25 27
01 04 12 16 19 23 31
02 08 13 14 17 24 28
04 07 12 13 20 21 29
02 05 11 16 21 24 27
01 07 13 14 21 22 28
02 04 12 15 16 26 31
01 04 12 16 21 25 27
06 07 09 18 19 21 26
01 03 13 14 16 29 30
06 11 12 14 19 21 23
04 07 14 17 18 21 25
01 05 08 17 21 26 28
04 05 10 14 19 23 31
06 07 10 14 20 23 26
03 10 11 15 18 24 25
04 05 07 16 22 25 27
06 07 11 15 19 22 26
03 10 12 17 18 22 24
03 04 10 13 17 28 31
04 09 11 14 16 23 29
03 04 09 15 22 23 30
03 09 12 14 16 22 30
04 12 13 15 17 20 25
03 06 12 15 20 23 27
07 09 11 13 20 22 24
01 07 09 16 19 26 28
04 07 10 15 18 24 28
03 04 05 12 24 28 30
02 08 10 13 19 25 29
02 09 11 12 14 28 30
05 09 12 14 17 20 29
06 07 08 11 17 27 30
03 04 14 18 20 22 25
02 07 12 14 19 23 29
01 02 04 12 28 29 30
03 05 13 14 16 24 31
04 09 10 16 20 22 25
01 04 11 13 24 26 27
07 08 10 18 19 20 24
01 03 08 18 19 27 30
01 08 11 13 22 25 26
02 07 09 10 22 25 31
01 03 09 18 20 26 29
09 10 14 15 18 19 21
02 07 11 13 18 25 30
02 05 13 18 19 21 28
02 03 07 17 19 28 30
08 09 12 14 18 22 23
02 09 13 16 18 22 26
01 02 08 10 25 29 31
01 03 08 13 24 27 30
01 07 08 18 19 26 27
02 11 13 15 16 21 28
03 06 08 15 20 23 31
02 08 11 13 16 25 31
02 04 09 13 23 25 30
03 06 10 13 18 25 31
03 08 09 12 14 29 31
01 02 13 16 19 25 30
01 05 06 19 24 25 26
01 08 10 17 18 23 29
02 09 10 17 21 23 24
03 11 13 14 16 22 27
02 06 07 16 20 24 31
02 05 14 15 16 23 31
05 08 09 12 19 23 30
03 10 13 17 19 20 24
04 08 10 16 21 23 24
07 09 12 14 16 19 29
08 12 13 15 17 18 23
02 09 11 12 15 27 30
03 10 11 17 19 22 24
04 05 07 14 20 27 29
04 10 13 15 17 20 27
04 07 10 13 14 28 30
01 07 08 20 21 23 26
08 10 13 14 15 21 25
03 04 13 16 17 26 27
03 10 11 13 18 24 27
02 03 06 14 22 28 31
02 03 04 13 25 28 31
07 09 12 13 14 20 31
01 03 08 15 22 26 31
02 05 08 20 21 23 27
09 10 12 13 14 21 27
03 09 11 16 18 23 26
02 06 13 15 17 22 31
04 05 08 18 20 22 29
02 03 09 10 25 27 30
03 07 10 13 21 24 28
05 08 12 13 17 20 31
05 06 12 13 14 25 31
01 03 08 16 23 24 31
06 12 13 15 17 21 22
07 08 13 14 17 23 24
02 04 10 18 23 24 25
06 07 12 16 18 22 25
06 09 12 15 17 22 25
02 03 07 18 22 24 30
02 10 13 15 17 23 26
03 06 14 16 20 22 25
03 06 07 14 23 26 27
06 10 12 13 14 25 26
04 05 09 11 16 30 31
04 07 09 14 20 21 31
05 08 10 13 17 22 31
01 08 12 13 23 24 25
05 12 13 16 19 20 21
06 07 11 18 20 21 23
08 09 11 16 17 18 27
03 04 14 17 21 22 25
01 03 10 18 23 24 27
05 11 14 16 17 21 22
03 06 15 16 17 19 30
05 08 11 13 17 22 30
09 10 12 13 14 18 30
06 07 10 13 19 22 29
02 04 08 14 20 27 31
03 09 10 16 20 23 25
05 07 10 18 20 22 24
04 05 11 15 17 24 30
03 04 15 18 20 22 24
04 11 12 16 17 19 27
02 08 11 13 20 25 27
01 06 11 18 20 23 27
07 08 12 14 19 22 24
01 04 09 14 22 26 30
02 07 13 15 22 23 24
01 06 08 13 19 29 30
02 08 10 14 23 24 25
03 04 14 16 20 24 25
03 04 05 18 20 25 31
01 03 04 09 28 30 31
01 06 10 15 21 24 29
01 09 12 13 15 26 30
01 08 13 16 20 23 25
05 06 13 16 20 22 24
03 12 14 15 18 21 23
03 08 09 10 18 27 31
07 11 12 15 16 18 27
04 10 13 14 16 24 25
02 05 09 10 24 27 29
02 03 15 16 17 26 27
04 10 13 14 19 20 26
03 05 10 13 18 26 31
03 08 09 14 21 23 28
02 05 11 16 19 23 30
02 10 14 15 18 19 28
05 07 10 13 18 23 30
06 07 11 13 22 23 24
04 10 14 16 19 20 23
04 07 10 11 14 29 31
03 04 10 18 20 24 27
07 09 10 15 17 18 30
04 11 12 14 15 23 27
05 06 10 15 18 22 30
03 08 09 10 21 24 31
04 08 09 15 19 22 29
01 10 13 17 19 20 26
04 05 09 14 22 24 28
02 07 12 16 18 20 31
05 07 10 18 19 22 25
03 05 10 15 20 24 29
02 06 08 11 21 27 31
03 06 10 14 20 24 29
02 03 07 16 20 28 30
01 11 14 15 17 20 28
01 03 07 14 22 28 31
05 06 13 17 20 22 23
05 10 14 15 17 22 23
08 11 13 16 17 18 23
01 12 15 16 19 20 23
02 06 11 17 18 24 28
02 05 07 12 25 26 29
01 08 09 12 22 24 30
01 03 05 18 24 25 30
04 07 10 14 20 25 26
02 06 10 17 19 22 30
07 09 12 16 17 20 25
02 09 12 13 17 24 29
07 08 10 11 19 20 31
02 06 08 15 20 27 28
04 07 10 14 19 24 28
07 09 10 12 18 19 31
02 05 08 17 20 23 31
03 08 15 17 18 20 25
02 07 13 17 19 20 28
05 06 14 16 18 22 25
03 05 10 15 18 27 28
02 05 06 15 23 24 31
02 04 13 14 18 27 28
05 08 10 16 18 22 27
02 05 08 17 21 26 27
01 02 06 15 25 28 29
03 04 05 19 21 24 30
08 09 15 16 18 19 21
09 10 13 15 16 20 23
04 05 10 13 15 29 30
01 06 11 12 23 25 28
01 04 16 17 18 22 28
02 05 11 14 23 25 26
05 06 10 11 21 24 29
01 04 08 17 19 28 29
05 09 13 15 16 18 30
04 10 11 13 18 21 29
04 10 11 13 16 24 28
01 04 12 15 21 26 27
03 05 12 16 18 21 31
02 05 15 16 19 23 26
01 03 08 14 24 25 31
04 05 11 14 16 25 31
03 08 11 16 17 23 28
02 07 13 14 19 20 31
01 05 08 19 20 24 29
04 07 10 16 20 21 28
03 12 15 16 17 21 22
02 04 07 14 23 27 29
02 03 08 17 20 25 31
01 06 10 18 19 21 31
04 07 08 18 19 21 29
01 06 08 19 20 24 28
04 06 10 15 20 22 29
02 07 08 13 23 26 27
06 07 09 13 16 26 29
02 03 08 17 20 26 30
04 06 08 18 21 23 26
04 05 09 12 21 26 29
02 09 11 15 18 20 31
07 08 12 14 18 23 24
03 06 08 17 18 23 31
04 07 10 13 17 27 28
07 11 12 15 16 17 28
07 08 12 16 18 20 25
03 09 11 14 18 20 31
03 07 09 10 20 26 31
01 03 15 17 18 22 30
05 10 13 14 16 22 26
01 11 13 15 16 22 28
04 05 07 12 20 27 31
07 10 12 13 16 19 29
06 11 13 15 18 20 23
02 05 08 15 21 24 31
04 09 11 14 18 20 30
04 05 13 14 16 24 30
03 11 12 13 18 24 25
06 10 12 13 18 20 27
01 04 10 15 21 27 28
01 06 13 15 19 22 30
03 04 07 13 21 28 30
01 05 13 18 20 22 27
04 07 12 16 18 21 28
04 05 06 08 26 28 29
02 06 07 10 23 28 30
01 07 08 12 18 29 31
01 02 13 15 16 28 31
04 08 13 14 17 22 28
03 05 07 15 20 26 30
01 02 14 15 22 23 29
09 10 13 14 17 21 22
04 05 08 11 24 25 29
02 03 08 13 25 27 28
06 09 13 14 16 22 26
07 11 13 14 16 21 24
01 06 11 17 18 25 28
05 08 09 17 18 19 30
04 11 12 16 18 19 26
02 06 10 15 19 26 28
07 11 12 13 18 20 25
05 06 15 16 19 22 23
01 04 14 15 18 24 30
02 07 11 14 17 25 30
04 10 12 14 17 19 30
02 06 09 18 19 23 29
06 08 09 12 17 26 28
04 09 10 14 16 26 27
04 07 09 10 19 28 29
03 08 11 15 18 22 29
06 08 11 12 19 24 26
01 06 10 17 19 23 30
01 08 10 16 19 24 28
02 06 08 18 19 24 29
03 04 11 14 19 25 30
04 06 10 11 20 25 30
02 08 09 15 18 23 31
01 07 13 15 18 22 30
03 06 08 19 21 23 26
06 09 10 11 16 24 30
04 06 13 16 18 21 28
08 09 10 15 18 19 27
02 08 12 14 15 24 31
05 06 08 12 20 25 30
03 04 10 13 24 25 27
03 05 09 10 24 25 30
04 06 14 18 20 21 23
02 05 09 13 22 26 29
04 06 09 13 22 23 29
04 08 10 14 15 27 28
03 06 11 15 18 22 31
03 05 07 12 20 29 30
06 07 11 15 18 21 28
01 07 11 12 23 24 28
03 08 11 15 20 22 27
02 05 07 17 21 26 28
04 06 11 15 16 24 30
03 07 08 13 20 24 31
01 05 11 18 22 23 26
01 04 12 16 18 27 28
02 08 14 17 18 23 24
05 08 09 14 20 22 28
01 11 13 18 19 20 24
01 05 11 14 20 27 28
02 04 11 17 18 24 30
02 08 10 18 19 24 25
02 06 13 14 19 23 29
05 09 14 17 19 20 22
03 08 10 14 20 22 29
09 10 13 14 16 21 23
04 05 12 13 16 26 30
01 03 13 18 20 24 27
03 06 14 16 18 21 28
03 07 13 14 20 24 25
01 02 08 15 22 27 31
02 07 08 14 18 28 29
02 07 13 14 21 23 26
01 07 09 16 20 23 30
04 05 07 09 24 27 30
05 11 12 13 18 19 28
03 04 08 13 23 27 28
05 06 12 13 21 24 25
03 05 08 12 18 29 31
04 05 11 14 18 23 31
01 05 06 10 26 27 31
04 08 13 17 18 22 24
01 05 13 16 21 22 28
02 05 16 17 18 20 28
02 04 09 14 19 27 31
02 04 07 13 24 25 31
01 04 12 16 17 27 29
02 06 12 18 19 22 27
01 05 11 18 19 22 30
05 06 13 14 21 22 25
08 09 10 16 18 21 24
01 04 12 14 18 27 30
02 07 12 13 18 26 28
04 05 10 13 19 25 30
01 02 09 13 25 26 30
02 06 07 16 22 25 28
05 06 12 18 20 21 24
04 08 10 13 19 22 30
02 09 10 14 20 25 26
03 08 09 17 18 20 31
04 06 10 18 19 21 28
02 06 11 15 19 25 28
03 09 10 17 19 22 26
01 03 12 14 21 26 29
04 08 09 19 21 22 23
02 09 10 13 15 26 31
01 08 16 17 18 22 24
09 10 11 13 14 24 25
02 06 14 15 16 26 27
02 04 13 14 19 25 29
01 08 09 10 20 27 31
02 09 10 16 18 21 30
03 09 11 14 18 21 30
03 07 13 16 18 19 30
02 04 06 13 25 26 30
02 12 13 15 17 23 24
04 07 12 13 18 22 30
04 05 08 12 23 24 30
06 07 08 10 22 23 30
01 03 04 18 23 27 30
06 09 12 15 18 20 26
02 03 11 18 19 25 28
05 09 12 16 18 20 26
03 04 10 16 22 25 26
01 03 05 20 24 25 28
03 07 10 11 16 28 31
03 08 12 15 18 19 31
05 07 12 14 17 20 31
05 06 09 15 21 24 26
02 03 09 18 19 24 31
05 06 10 19 20 22 24
01 03 14 18 20 23 27
02 04 09 18 21 22 30
02 06 10 13 22 24 29
02 04 09 12 23 25 31
02 08 10 13 19 24 30
05 07 08 10 17 28 31
04 05 10 11 23 25 28
01 02 11 14 18 29 31
01 10 13 15 18 20 29
02 03 06 21 22 25 27
02 03 16 17 18 20 30
02 05 09 14 21 24 31
04 06 14 16 18 19 29
01 06 07 14 21 27 30
05 07 16 17 19 20 22
02 06 13 16 19 22 28
01 02 08 15 23 28 29
02 05 13 18 20 21 27
06 07 13 14 16 20 30
01 07 12 18 21 23 24
02 08 13 15 21 23 24
06 09 10 11 18 24 28
02 03 14 19 21 22 25
06 10 11 12 15 24 28
03 07 08 11 23 24 30
08 12 13 15 18 19 21
03 07 13 16 20 23 24
05 06 12 15 16 24 28
04 05 15 18 19 20 25
02 11 13 15 19 20 26
06 09 13 14 16 19 29
03 08 11 19 20 21 24
01 05 13 16 18 22 31
02 03 06 14 23 27 31
04 08 10 13 14 27 30
02 07 13 17 18 19 30
06 08 14 16 18 21 23
03 05 11 15 22 24 26
01 03 10 13 24 27 28
01 02 06 14 24 28 31
01 02 12 15 17 28 31
03 05 08 12 22 26 30
06 09 12 14 17 19 29
05 08 10 17 20 22 24
03 04 09 16 20 23 31
06 09 12 14 17 22 26
03 05 14 15 16 22 31
01 02 07 18 23 24 31
03 07 13 14 18 21 30
03 04 12 14 20 26 27
02 06 07 16 17 28 30
04 12 13 17 19 20 21
04 07 11 12 18 23 31
01 03 11 17 22 24 28
02 03 06 16 24 26 29
01 04 13 14 23 25 26
05 08 09 13 20 21 30
04 08 10 11 18 25 30
02 06 09 13 23 24 29
07 08 10 14 20 21 26
01 06 10 13 19 28 29
03 04 13 14 15 26 31
05 06 14 15 17 22 27
01 04 10 17 19 26 29
05 10 13 16 19 21 22
03 06 08 12 20 27 30
02 08 09 11 15 30 31
03 04 13 16 20 23 27
03 06 10 11 23 24 29
08 10 11 13 17 23 24
02 05 11 16 19 24 29
01 02 08 17 23 25 30
04 09 11 13 16 23 30
02 05 09 14 21 26 29
01 03 04 20 24 26 28
01 08 12 14 19 23 29
01 04 11 18 20 25 27
06 07 11 16 18 19 29
07 11 12 13 16 23 24
03 06 10 15 18 23 31
01 02 12 13 25 26 27
01 04 11 16 17 27 30
02 03 04 16 21 29 31
02 07 08 13 19 28 29
05 07 12 16 20 22 24
04 06 07 16 17 27 29
01 03 16 19 20 23 24
04 06 08 13 18 26 31
02 03 10 17 19 25 30
08 09 12 14 15 20 28
02 08 09 19 20 23 25
04 06 08 10 21 28 29
09 10 11 14 16 17 29
06 07 11 13 20 21 28
04 10 13 16 17 22 24
03 06 15 16 18 20 28
04 09 10 13 21 24 25
01 06 07 15 21 26 30
04 07 12 14 19 24 26
02 05 06 15 24 26 28
05 06 13 14 20 22 26
02 05 12 14 15 28 30
02 06 15 17 18 22 26
03 05 13 18 19 20 28
08 09 10 13 14 21 31
02 08 14 17 18 22 25
04 06 13 14 16 24 29
03 09 12 15 20 21 26
02 04 17 19 20 21 23
02 05 07 16 20 27 29
01 11 13 14 15 24 28
05 06 08 19 21 22 25
01 04 13 16 18 23 31
04 06 11 18 19 22 26
01 03 09 12 24 28 29
07 08 12 15 17 19 28
01 04 05 17 18 30 31
01 06 09 19 20 23 28
07 11 12 14 16 21 25
03 10 11 16 19 22 25
02 09 12 15 16 22 30
08 09 10 14 19 20 26
02 05 06 13 23 27 30
01 03 13 16 21 24 28
03 07 12 17 19 20 28
04 09 11 12 14 26 30
04 05 11 15 22 23 26
02 03 11 17 20 25 28
04 07 09 19 20 22 25
06 08 12 16 17 22 25
05 06 12 16 19 23 25
02 06 12 13 18 25 30
07 08 09 17 20 21 24
07 08 10 14 18 24 25
02 03 09 14 22 27 29
01 07 11 14 16 26 31
05 06 07 14 22 25 27
03 07 14 16 17 18 31
02 06 07 19 20 23 29
01 04 09 12 24 26 30
06 07 11 13 19 20 30
01 06 14 15 16 26 28
03 06 10 14 22 25 26
02 06 13 14 17 23 31
03 08 12 18 19 21 25
02 08 10 15 20 24 27
01 03 08 13 24 28 29
05 09 10 12 13 28 29
01 06 12 14 19 26 28
06 08 09 13 19 20 31
02 06 10 11 19 28 30
01 08 09 10 22 26 30
01 06 08 14 23 26 28
02 05 10 16 23 24 26
02 03 06 19 20 27 29
01 08 09 18 19 24 27
06 07 09 14 17 26 27
01 02 08 16 23 25 31
03 05 06 18 21 22 31
02 08 12 16 17 22 29
07 09 10 14 17 21 28
02 12 13 17 18 20 24
02 04 08 10 24 27 31
03 04 12 14 19 25 29
06 07 12 15 21 22 23
04 09 12 17 19 22 23
08 10 11 14 19 21 23
03 06 07 12 22 27 29
02 03 06 13 24 28 30
06 11 13 15 19 20 22
07 09 12 13 16 22 27
05 07 10 13 20 24 27
01 02 14 15 17 27 30
05 08 10 12 14 28 29
05 06 12 14 15 23 31
01 07 14 15 21 22 26
02 07 12 14 16 26 29
05 11 13 14 18 20 25
09 12 13 15 16 19 22
03 04 07 10 23 28 31
04 05 13 15 21 22 26
03 05 12 17 21 22 26
04 07 08 09 24 25 29
03 09 10 12 14 28 30
04 08 13 15 20 21 25
02 06 09 12 18 28 31
02 04 09 15 21 25 30
01 05 14 15 19 24 28
02 04 06 16 25 26 27
01 02 09 16 18 29 31
03 07 08 18 19 21 30
04 07 10 15 17 24 29
03 05 08 14 23 25 28
02 03 12 14 23 25 27
03 06 11 12 22 25 27
01 06 12 14 22 23 28
03 10 16 17 19 20 21
03 05 07 10 24 27 30
04 09 10 17 20 21 25
01 02 09 19 24 25 26
02 03 08 12 24 28 29
02 10 11 15 19 23 26
03 04 15 16 21 23 24
03 05 07 15 22 24 30
02 04 09 18 22 24 27
04 05 09 10 17 30 31
04 08 14 15 19 21 25
02 04 13 16 17 24 30
02 11 13 14 16 19 31
03 05 09 10 22 28 29
03 04 09 14 22 25 29
01 05 08 13 25 26 28
03 07 09 12 18 27 30
04 05 07 15 20 27 28
02 12 14 15 16 20 27
02 04 13 18 19 22 28
05 10 12 17 18 21 23
04 10 11 15 16 19 31
08 09 10 17 18 20 24
02 05 12 13 21 24 29
03 06 12 13 20 24 28
02 07 11 12 18 25 31
04 09 12 15 19 21 26
04 08 13 14 18 23 26
01 03 10 15 22 27 28
05 07 08 16 20 22 28
01 03 06 20 21 27 28
01 03 13 18 20 25 26
04 05 11 13 21 24 28
01 05 13 14 21 24 28
02 07 13 14 18 24 28
04 09 11 16 18 22 26
04 05 06 14 21 26 30
05 08 09 14 18 24 28
02 06 12 13 21 25 27
01 08 09 12 23 24 29
02 08 09 14 22 23 28
03 05 14 18 21 22 23
04 06 11 18 20 23 24
01 12 13 14 17 23 26
01 04 07 10 26 27 31
03 06 10 14 21 23 29
05 12 13 14 19 21 22
02 09 13 17 18 19 28
02 08 09 14 18 27 28
01 08 10 14 19 25 29
07 08 10 16 20 22 23
04 06 10 13 20 26 27
04 05 14 16 20 23 24
01 03 08 16 23 26 29
01 03 12 14 16 29 31
06 09 13 14 16 17 31
01 03 14 15 22 23 28
04 08 12 16 21 22 23
01 05 12 13 16 28 31
05 08 10 11 16 25 31
03 04 09 19 21 24 26
02 08 11 14 18 26 27
02 03 05 20 21 27 28
01 02 15 17 18 22 31
04 09 12 16 18 21 26
04 05 11 16 19 25 26
04 07 09 18 20 21 27
01 07 09 16 18 26 29
08 09 10 14 15 21 29
02 06 13 17 18 22 28
03 07 12 14 20 24 26
02 11 14 16 17 21 25
03 06 09 14 22 23 29
01 07 08 18 20 23 29
02 03 06 11 25 28 31
05 06 11 12 13 28 31
01 03 11 16 18 28 29
06 09 14 16 17 20 24
02 09 13 14 17 20 31
02 03 14 18 19 21 29
02 09 10 12 15 27 31
02 05 12 17 19 20 31
02 07 08 16 21 25 27
01 11 13 14 16 25 26
02 03 12 14 16 28 31
06 08 09 16 20 22 25
07 09 10 14 20 21 25
03 08 11 15 16 22 31
02 03 07 16 23 26 29
06 08 09 11 19 25 28
02 06 15 17 18 21 27
01 03 06 20 22 25 29
03 04 09 14 20 25 31
02 09 11 13 18 24 29
02 12 14 15 17 19 27
02 08 11 17 20 23 25
05 06 12 15 17 24 27
01 02 15 19 20 23 26
05 08 09 15 20 24 25
05 07 12 13 15 24 30
03 08 14 18 19 20 24
02 03 15 18 20 21 27
02 06 09 15 21 26 27
02 08 09 16 20 23 28
04 05 08 14 21 25 29
03 11 14 15 18 21 24
01 07 09 18 20 24 27
01 10 14 16 18 23 24
03 08 13 17 20 21 24
01 05 06 15 24 26 29
04 08 13 14 18 20 29
02 07 09 15 20 25 28
05 09 10 17 20 22 23
02 06 07 15 20 25 31
03 06 08 18 19 22 30
03 04 10 17 20 24 28
02 07 10 13 23 25 26
05 07 12 13 20 24 25
01 03 10 18 20 25 29
04 09 12 15 21 22 23
06 08 10 15 18 19 30
02 03 05 18 23 27 28
05 09 10 12 17 22 31
07 10 12 13 18 20 26
01 03 08 21 23 24 26
05 08 12 17 19 20 25
01 04 14 15 21 23 28
06 09 12 16 18 22 23
02 03 04 16 22 29 30
01 06 11 13 18 28 29
01 06 13 14 19 23 30
03 06 07 14 20 26 30
05 07 10 14 17 25 28
01 02 04 17 23 29 30
02 04 10 18 22 23 27
03 06 13 14 20 23 27
04 06 10 13 22 23 28
03 07 14 17 18 20 27
05 06 07 17 18 25 28
07 09 11 16 17 18 28
02 06 13 15 17 23 30
01 03 04 20 24 25 29
04 05 12 13 19 24 29
01 02 09 15 25 26 28
02 10 13 16 18 19 28
01 02 06 10 27 29 31
08 09 11 14 15 21 28
05 10 14 15 18 19 25
06 07 09 11 19 26 28
05 09 11 15 16 22 28
03 05 12 13 14 28 31
04 10 14 16 17 18 27
05 09 10 16 17 20 29
08 11 12 14 17 18 26
01 03 12 18 23 24 25
07 11 12 13 18 21 24
02 06 11 13 18 25 31
04 06 12 14 16 25 29
03 08 11 17 18 23 26
02 07 15 17 19 20 26
04 09 11 13 20 21 28
02 09 10 16 18 23 28
05 09 12 13 16 25 26
02 05 13 16 20 21 29
02 05 08 17 20 25 29
04 05 10 11 22 26 28
04 09 10 16 20 23 24
01 08 10 15 22 24 26
02 04 09 11 23 27 30
04 07 11 12 18 26 28
02 08 13 15 17 23 28
01 02 09 18 19 26 31
06 07 08 13 16 26 30
04 05 12 15 17 22 31
02 03 12 16 17 27 29
02 08 11 15 20 23 27
04 05 12 18 20 23 24
06 11 13 14 17 21 24
01 07 08 11 23 26 30
04 10 12 13 17 24 26
07 08 11 17 18 19 26
01 02 08 12 24 29 30
02 03 07 18 21 24 31
04 07 13 15 21 22 24
07 09 12 14 18 22 24
02 06 09 10 25 26 28
08 09 10 12 14 23 30
02 03 07 19 20 25 30
03 06 12 15 17 22 31
04 08 14 15 20 22 23
02 07 09 13 21 24 30
05 06 08 11 20 26 30
03 10 11 14 15 25 28
03 06 07 13 22 26 29
03 06 11 15 18 25 28
01 03 09 14 21 28 30
01 08 15 17 20 21 24
01 03 05 15 24 28 30
02 06 07 13 23 25 30
04 08 10 13 22 23 26
03 11 15 16 19 20 22
03 04 10 12 22 26 29
07 10 13 17 18 19 22
03 04 10 13 18 27 31
04 06 10 14 17 26 29
02 03 10 17 21 25 28
01 05 10 16 17 27 30
02 06 12 15 20 24 27
05 09 11 18 19 20 24
01 03 10 11 26 27 28
01 03 10 12 24 27 29
08 11 13 14 17 21 22
02 09 12 13 19 24 27
07 08 12 15 17 21 26
04 05 11 13 18 24 31
08 09 11 12 14 21 31
03 06 10 13 23 24 27
02 03 08 10 26 28 29
04 07 09 16 17 24 29
06 08 09 11 16 27 29
02 04 06 17 22 24 31
03 04 08 13 24 26 28
02 03 13 14 20 26 28
01 08 14 15 20 21 27
03 04 14 16 20 22 27
02 07 14 16 19 21 27
06 07 09 12 20 25 27
01 02 15 17 20 23 28
03 05 06 15 23 24 30
08 10 14 15 16 18 25
02 07 13 14 16 24 30
01 06 09 15 19 26 30
02 03 08 15 21 28 29
07 09 10 13 20 22 25
01 06 08 18 21 25 27
02 05 13 18 20 22 26
07 09 14 17 18 20 21
03 04 07 10 24 28 30
01 03 15 17 20 22 28
03 08 13 14 15 23 30
02 04 08 17 20 24 31
03 07 10 18 19 20 29
02 08 14 15 18 20 29
02 09 12 14 17 24 28
06 09 14 15 16 22 24
07 08 10 14 19 21 27
05 09 12 15 16 24 25
04 08 11 13 19 20 31
03 04 10 14 22 25 28
03 05 08 13 18 29 30
02 08 13 14 18 22 29
01 04 05 16 19 30 31
05 07 11 14 21 22 26
01 03 14 15 22 24 27
04 05 12 16 19 24 26
05 09 11 14 18 24 25
01 03 10 16 18 27 31
08 10 12 13 16 20 27
03 04 05 20 21 25 28
04 09 10 15 21 23 24
04 05 10 13 23 24 27
06 08 10 12 19 23 28
03 09 12 14 15 22 31
02 07 13 14 16 23 31
07 11 13 14 18 20 23
06 08 09 11 19 23 30
06 11 15 16 17 19 22
03 05 08 15 18 28 29
01 09 10 11 24 25 26
01 05 10 16 18 26 30
02 06 08 16 23 25 26
06 09 13 16 17 22 23
01 03 06 19 20 28 29
01 06 07 16 19 28 29
07 09 12 14 19 22 23
05 08 09 12 19 22 31
01 05 09 18 21 24 28
02 10 15 17 18 21 23
03 06 13 16 18 24 26
04 08 11 12 22 23 26
02 10 11 14 17 23 29
01 08 12 17 18 24 26
07 09 12 16 19 20 23
02 10 11 14 16 25 28
06 07 10 13 16 26 28
06 07 12 14 16 21 30
03 04 06 16 21 25 31
01 04 12 19 21 23 26
02 07 09 10 23 25 30
02 11 14 16 18 19 26
06 07 08 13 20 22 30
02 03 12 19 20 24 26
01 07 08 15 18 28 29
02 10 11 16 18 19 30
02 04 09 11 21 28 31
04 05 12 15 18 21 31
05 08 10 13 21 23 26
03 12 13 14 17 22 25
03 05 14 16 20 22 26
04 07 13 14 15 23 30
01 09 13 14 15 24 30
03 09 10 14 21 22 27
02 08 09 11 17 28 31
07 08 09 14 19 22 27
01 09 10 17 18 20 31
07 08 10 11 21 23 26
09 10 11 13 17 22 24
03 06 11 13 19 26 28
04 05 12 13 18 24 30
06 08 11 13 19 23 26
02 05 14 18 20 21 26
04 09 13 15 20 21 24
02 09 11 15 19 24 26
04 06 09 10 21 27 29
01 04 09 17 22 23 30
01 05 12 14 15 29 30
01 09 15 16 18 21 26
04 10 13 16 19 21 23
06 07 10 12 14 27 30
01 05 06 18 20 26 30
03 07 08 18 19 23 28
04 05 06 14 22 24 31
01 08 11 12 19 25 30
04 07 12 14 16 22 31
02 05 13 15 21 24 26
04 08 12 15 16 25 26
08 10 13 14 15 22 24
02 07 10 17 18 23 29
04 06 07 16 22 25 26
02 05 12 13 20 26 28
08 10 13 16 17 20 22
05 08 09 11 18 27 28
01 09 13 18 19 20 26
04 07 09 11 18 28 29
05 07 12 16 17 23 26
02 11 13 16 19 20 25
04 06 09 19 21 22 25
02 03 06 13 25 27 30
02 05 07 18 20 25 29
06 08 13 16 17 20 26
02 03 12 15 21 24 29
04 05 11 15 16 25 30
01 05 12 13 16 29 30
04 06 09 18 19 21 29
01 04 07 16 21 27 30
02 08 13 16 17 23 27
03 04 14 16 18 21 30
03 09 13 14 19 22 26
07 10 12 14 16 23 24
07 09 11 14 17 22 26
06 07 08 12 17 26 30
04 09 11 17 18 20 27
02 04 09 13 17 30 31
01 02 12 14 23 26 28
02 07 12 13 22 24 26
08 09 10 12 14 25 28
02 08 09 11 16 29 31
02 04 08 14 21 27 30
01 02 08 17 22 25 31
05 09 10 15 16 21 30
04 05 12 15 17 24 29
07 09 10 11 17 24 28
07 10 12 14 18 22 23
01 06 11 14 16 28 30
05 09 13 14 16 19 30
03 06 11 18 20 21 27
01 11 13 17 18 20 26
02 08 09 16 19 24 28
01 04 14 16 19 22 30
05 06 08 11 22 25 29
01 08 09 10 23 24 31
01 03 09 14 22 28 29
01 02 07 10 26 29 31
04 05 09 11 20 28 29
06 07 12 13 19 22 27
04 10 12 17 18 22 23
07 09 12 17 18 20 23
03 04 09 11 20 28 31
07 09 14 16 17 21 22
05 06 09 18 19 21 28
01 05 14 15 20 23 28
03 10 12 15 17 20 29
01 04 05 20 22 26 28
02 08 10 13 17 27 29
04 07 08 16 18 26 27
03 09 10 16 19 22 27
03 08 13 14 17 23 28
01 08 10 12 19 25 31
03 07 12 18 19 20 27
01 05 11 19 20 24 26
03 05 10 16 19 23 30
04 05 14 18 19 21 25
02 05 07 11 25 26 30
04 07 09 14 22 24 26
01 05 12 16 20 24 28
01 06 11 12 17 29 30
01 08 13 17 21 22 24
08 09 10 13 14 24 28
01 02 08 16 22 27 30
03 06 08 18 20 22 29
06 08 09 13 20 21 29
03 04 10 15 22 25 27
08 09 10 16 17 19 27
04 08 11 16 18 20 29
02 06 10 15 17 27 29
06 07 09 12 21 24 27
02 08 09 13 19 27 28
07 11 13 16 18 20 21
06 07 08 11 22 25 27
02 06 08 15 22 26 27
02 07 10 13 19 26 29
04 05 07 18 20 24 28
01 06 15 16 18 21 29
02 08 13 16 18 20 29
08 09 11 14 19 22 23
06 08 11 14 16 22 29
01 03 05 14 24 29 30
01 06 09 18 20 24 28
02 08 12 13 17 26 28
01 11 14 18 19 20 23
06 08 11 12 14 26 29
02 03 04 15 24 28 30
06 07 12 15 19 21 26
04 05 06 10 24 26 31
02 04 09 13 22 26 30
01 03 09 14 24 26 29
02 09 12 13 14 26 30
06 07 09 16 18 21 29
03 04 09 10 23 28 29
05 07 08 19 20 22 25
02 09 14 16 17 19 29
02 03 13 14 15 29 30
01 05 11 15 16 28 30
01 07 15 16 18 21 28
06 09 11 14 17 19 30
03 04 09 20 21 24 25
06 08 13 15 16 22 26
01 02 14 16 20 25 28
09 10 14 15 17 20 21
02 03 11 14 22 25 29
02 08 13 14 20 24 25
05 08 13 14 20 21 25
03 06 08 11 23 26 29
04 11 13 15 16 17 30
04 11 13 15 18 21 24
01 04 15 18 19 21 28
04 08 13 15 20 22 24
03 08 10 13 14 27 31
04 05 09 12 21 24 31
01 13 14 15 18 22 23
07 10 11 13 19 20 26
01 07 08 16 22 24 28
03 08 09 15 19 22 30
02 10 15 17 19 20 23
02 06 11 16 18 24 29
03 07 10 12 20 25 29
05 06 15 18 19 21 22
04 06 09 17 19 22 29
04 10 11 17 18 20 26
03 05 12 16 17 26 27
03 04 12 16 22 24 25
01 07 10 13 16 28 31
02 04 08 17 22 23 30
06 10 11 15 19 21 24
02 07 08 13 20 26 30
06 07 09 12 19 22 31
02 03 13 16 17 25 30
04 06 12 15 19 21 29
04 08 10 15 22 23 24
07 08 10 11 22 23 25
06 10 13 16 17 18 26
02 08 10 16 21 24 25
09 10 11 15 18 19 24
04 05 08 13 20 25 31
01 06 10 12 18 29 30
01 04 06 19 22 25 29
01 02 13 16 22 25 27
04 05 06 14 23 24 30
06 08 11 14 15 24 28
02 06 09 13 18 28 30
03 08 13 15 20 21 26
01 02 08 15 25 26 29
03 09 12 17 20 21 24
04 08 10 11 16 28 29
03 04 10 17 21 22 29
04 06 07 14 22 24 29
07 08 10 15 17 24 25
07 10 11 17 18 19 24
01 05 10 13 18 29 30
03 08 11 16 17 20 31
04 05 12 15 19 25 26
05 06 09 11 22 24 29
01 05 07 15 22 26 30
06 08 09 14 19 22 28
03 09 10 16 21 23 24
02 04 05 15 21 29 30
01 03 04 15 25 28 30
02 04 13 15 16 25 31
06 07 10 15 16 22 30
02 06 09 11 17 30 31
01 07 10 16 17 25 30
03 08 09 16 21 23 26
06 09 11 13 14 24 29
06 07 09 12 22 24 26
01 06 13 14 20 24 28
03 04 07 16 23 26 27
03 11 12 14 15 24 27
01 06 12 14 17 27 29
02 07 12 14 16 27 28
01 03 13 14 21 26 28
02 11 14 15 16 19 29
05 06 10 12 17 27 29
01 05 12 16 19 26 27
02 07 09 14 18 27 29
08 09 14 16 18 19 22
02 03 10 12 24 26 29
02 07 10 19 21 23 24
03 05 11 16 18 23 30
02 04 07 19 22 25 27
08 09 10 12 13 24 30
01 11 12 13 18 24 27
01 05 10 18 22 24 26
04 07 08 11 22 26 28
02 04 09 17 22 25 27
07 08 10 14 17 24 26
04 11 13 16 18 20 24
08 10 14 16 18 19 21
02 06 08 19 20 23 28
06 09 12 13 17 22 27
01 02 08 16 24 26 29
06 07 13 16 17 22 25
02 07 13 14 17 26 27
03 04 11 16 20 23 29
02 06 13 15 19 21 30
02 09 13 15 17 20 30
02 07 10 14 19 23 31
04 08 09 12 19 25 29
02 10 14 15 19 20 26
01 07 09 16 21 22 30
07 08 10 13 19 21 28
04 05 12 16 20 23 26
03 04 11 19 21 22 26
04 08 11 18 19 20 26
03 04 07 14 21 26 31
02 06 09 12 23 24 30
03 08 13 17 18 23 24
05 07 14 15 17 20 28
01 09 10 16 17 24 29
04 11 13 15 17 22 24
02 07 10 15 19 26 27
01 09 12 16 18 19 31
04 09 11 12 14 25 31
02 04 09 12 23 27 29
03 04 08 18 19 24 30
06 10 11 17 18 20 24
05 08 10 12 17 26 28
02 05 09 13 19 28 30
02 06 13 18 19 22 26
03 05 12 18 19 20 29
02 09 11 15 16 24 29
04 09 11 15 18 24 25
05 07 08 10 24 25 27
07 08 10 11 14 27 29
04 06 12 15 20 21 28
03 07 10 17 19 22 28
02 03 09 16 22 26 28
06 07 09 16 17 25 26
03 04 11 18 20 23 27
09 12 13 15 16 20 21
05 07 08 09 24 25 28
01 04 11 16 20 25 29
03 06 13 14 17 22 31
01 08 10 16 17 23 31
05 10 15 17 18 19 22
03 11 12 15 18 23 24
02 04 12 15 21 23 29
03 11 13 15 16 20 28
01 06 15 17 18 22 27
01 11 15 16 18 21 24
01 02 03 19 24 27 30
05 10 11 12 16 24 28
05 06 11 19 20 21 24
02 04 12 15 20 26 27
04 05 12 13 14 28 30
01 11 14 15 17 22 26
02 04 11 12 23 25 29
03 05 09 15 20 24 30
02 03 04 16 23 28 30
06 09 10 11 18 23 29
03 04 07 13 20 29 30
01 06 10 13 17 28 31
01 02 10 18 19 25 31
03 04 09 18 19 22 31
05 09 10 14 15 22 31
03 11 12 16 17 22 25
02 06 13 14 18 23 30
03 06 11 13 14 29 30
04 06 08 17 18 26 27
09 12 13 14 17 20 21
01 06 09 15 22 25 28
07 10 12 13 16 20 28
02 08 09 11 20 25 31
01 08 13 14 20 23 27
02 05 06 12 23 27 31
01 09 10 18 21 23 24
01 05 12 16 17 26 29
03 06 10 12 19 25 31
03 04 11 17 20 23 28
06 07 10 11 18 23 31
01 06 09 17 20 22 31
06 07 09 11 22 25 26
05 06 07 18 21 22 27
01 08 13 14 16 24 30
02 06 07 12 23 27 29
02 03 11 15 19 26 30
04 07 12 14 15 25 29
01 03 09 15 20 28 30
03 04 10 16 20 26 27
02 10 14 16 19 20 25
06 08 09 14 19 21 29
01 07 09 12 24 26 27
03 04 06 13 20 29 31
06 11 12 15 17 19 26
02 06 10 12 19 27 30
04 09 13 14 20 21 25
04 05 12 13 18 23 31
05 06 09 11 21 26 28
03 05 08 15 16 28 31
01 08 09 12 18 27 31
02 07 08 14 23 24 28
08 10 12 15 17 21 23
03 09 10 11 16 27 30
02 04 09 12 21 28 30
02 07 12 14 18 22 31
02 08 12 16 21 23 24
02 03 04 10 27 29 31
01 09 12 15 22 23 24
06 07 09 10 22 23 29
01 03 05 18 22 27 30
03 08 12 14 19 21 29
03 05 12 14 21 24 27
03 04 09 10 22 28 30
03 05 06 19 22 25 26
02 06 13 17 19 22 27
04 08 11 12 17 24 30
07 10 13 15 18 21 22
04 05 12 14 15 27 29
02 03 04 17 21 29 30
02 03 09 13 24 25 30
01 08 15 18 19 22 23
03 05 06 08 25 28 31
06 09 12 14 16 22 27
01 05 12 18 19 21 30
02 05 11 13 19 26 30
02 06 09 18 20 25 26
03 10 11 14 19 22 27
03 07 09 10 21 26 30
06 11 12 14 16 17 30
05 06 10 11 18 26 30
01 06 15 16 17 21 30
03 08 11 13 16 27 28
07 08 13 14 15 18 31
01 06 12 15 18 23 31
01 14 15 16 19 20 21
03 07 10 13 19 24 30
02 07 10 13 17 28 29
04 06 07 10 24 26 29
03 04 12 15 21 23 28
04 06 15 16 18 21 26
01 06 08 18 19 25 29
06 08 10 13 19 21 29
08 11 13 14 19 20 21
01 08 11 15 16 27 28
01 03 10 16 23 24 29
01 05 10 17 22 23 28
02 08 09 12 16 29 30
05 06 11 14 17 26 27
04 06 09 16 19 22 30
01 03 09 20 22 25 26
04 05 13 17 20 22 25
02 05 13 14 21 25 26
05 07 12 16 18 22 26
09 11 12 15 16 20 23
01 04 08 18 20 26 29
01 02 10 17 19 26 31
01 04 14 15 18 26 28
01 11 13 17 18 22 24
01 02 13 14 22 26 28
01 06 10 13 22 25 29
08 09 11 15 19 20 24
01 02 09 13 24 27 30
01 02 13 18 19 24 29
03 06 09 13 20 24 31
03 08 15 16 20 21 23
01 04 08 15 24 26 28
03 07 10 14 21 22 29
02 04 11 19 21 23 26
03 07 12 14 21 23 26
01 05 08 10 25 27 30
03 08 11 13 18 26 27
01 04 06 18 21 26 30
01 05 09 14 22 26 29
03 06 09 10 21 27 30
03 06 14 16 18 19 30
06 11 14 16 18 19 22
04 09 13 14 16 20 30
01 03 11 16 20 27 28
06 07 11 17 18 19 28
01 06 14 16 19 22 28
03 10 11 12 17 25 28
02 03 15 18 21 23 24
03 08 10 16 19 21 29
05 10 12 13 16 19 31
05 10 15 16 17 20 23
01 07 09 18 20 21 30
03 04 09 18 21 23 28
01 07 08 12 25 26 27
01 02 09 18 22 24 30
04 05 07 15 20 25 30
01 03 09 18 19 26 30
05 07 10 12 19 24 29
02 04 11 14 19 25 31
04 07 10 17 18 20 30
02 05 09 11 24 26 29
07 10 12 13 15 24 25
03 11 14 15 18 20 25
02 04 07 14 20 28 31
04 11 12 15 18 20 26
04 08 09 11 20 25 29
02 04 11 18 19 22 30
06 11 12 13 15 19 30
01 02 03 19 25 26 30
01 07 09 11 20 28 30
01 09 10 15 18 22 31
01 07 12 15 16 26 29
03 06 10 15 19 22 31
01 03 08 16 23 25 30
01 09 10 16 18 23 29
04 06 10 13 16 27 30
06 09 10 15 18 19 29
04 08 10 12 21 25 26
04 09 10 11 23 24 25
03 06 08 18 21 24 26
06 09 12 14 15 21 29
03 04 08 18 22 24 27
04 06 10 11 18 26 31
01 06 08 12 23 25 31
02 04 05 19 22 23 31
05 06 11 14 16 24 30
02 03 10 18 20 24 29
05 06 13 15 18 23 26
01 04 10 16 21 25 29
02 06 10 18 19 23 28
01 04 13 16 18 24 30
05 12 13 14 19 20 23
03 07 09 15 20 22 30
01 03 06 14 23 28 31
02 10 13 15 19 21 26
02 04 11 14 16 28 31
03 04 08 18 23 24 26
06 07 08 16 18 23 28
03 07 10 14 17 27 28
01 06 12 13 14 29 31
06 10 11 13 18 21 27
03 05 06 16 21 24 31
02 03 06 15 22 27 31
08 09 10 13 16 21 29
01 08 13 16 18 24 26
02 06 10 17 18 25 28
04 11 13 14 19 20 25
01 04 10 14 23 26 28
02 05 13 16 18 21 31
07 08 15 17 18 19 22
05 08 09 11 20 24 29
02 05 14 15 20 23 27
02 05 08 17 20 26 28
08 10 13 14 16 22 23
02 06 12 13 16 28 29
01 08 09 10 21 26 31
07 09 11 17 18 20 24
02 05 08 10 24 28 29
02 03 05 11 26 29 30
02 06 16 17 18 22 25
04 05 13 14 17 22 31
03 07 13 16 20 22 25
03 10 11 16 17 20 29
05 10 12 17 18 19 25
06 07 08 16 17 22 30
05 07 09 12 20 24 29
05 10 12 16 19 20 24
03 04 13 15 22 23 26
03 10 12 16 19 22 24
05 07 14 17 19 20 24
03 05 12 15 16 26 29
01 08 11 16 17 25 28
04 08 10 13 18 25 28
01 02 09 16 19 28 31
01 09 11 15 18 22 30
06 09 11 12 17 24 27
02 03 09 16 17 29 30
06 07 09 14 19 22 29
01 13 15 17 18 20 22
02 11 13 14 16 22 28
02 03 07 17 20 28 29
01 02 14 16 21 23 29
07 08 12 13 14 22 30
03 04 12 13 19 25 30
03 06 11 15 20 22 29
06 09 12 15 18 21 25
01 03 13 14 20 26 29
01 05 08 14 17 30 31
02 06 08 10 20 29 31
01 03 10 16 17 29 30
01 07 12 19 20 23 24
05 08 09 18 19 21 26
01 09 12 15 18 23 28
07 08 09 16 18 20 28
02 05 10 13 24 25 27
02 06 08 09 20 30 31
04 06 07 11 21 26 31
02 03 16 17 20 23 25
01 04 08 19 21 23 30
01 06 14 16 18 23 28
05 07 10 13 20 22 29
03 04 11 18 22 23 25
01 03 10 15 23 26 28
02 12 13 14 16 22 27
01 04 15 16 18 24 28
04 12 14 15 16 22 23
02 03 14 17 22 23 25
02 07 09 18 19 23 28
06 08 11 14 17 22 28
03 04 11 19 20 24 25
02 03 11 14 23 25 28
03 05 07 14 16 30 31
03 08 11 15 17 22 30
03 08 09 16 18 23 29
03 09 10 16 19 21 28
06 07 08 12 22 25 26
02 05 10 14 23 25 27
03 04 09 18 20 22 30
02 06 09 16 17 26 30
01 03 13 14 18 26 31
03 04 09 13 18 29 30
04 05 08 16 21 24 28
04 08 12 15 19 20 28
02 04 08 15 18 28 31
06 07 08 11 17 26 31
01 09 14 15 18 24 25
02 07 08 14 22 26 27
01 04 14 15 19 23 30
03 05 12 13 23 24 26
03 05 06 18 21 23 30
02 07 09 16 22 23 27
03 04 10 11 23 26 29
03 07 10 15 16 25 30
01 05 15 18 20 23 24
03 06 11 13 18 24 31
04 09 11 16 17 22 27
02 04 16 17 18 21 28
02 08 10 14 15 28 29
07 08 12 15 18 19 27
02 03 07 20 21 24 29
03 09 10 11 18 26 29
04 08 09 13 19 22 31
02 06 12 13 18 26 29
01 05 09 18 22 23 28
02 05 07 17 24 25 26
05 09 11 13 16 22 30
01 08 10 14 20 26 27
02 05 07 10 25 26 31
02 08 11 13 15 26 31
08 09 11 12 17 18 31
02 05 12 13 23 24 27
06 09 10 13 20 21 27
04 06 10 13 20 24 29
01 02 05 17 22 29 30
02 08 13 14 16 23 30
01 03 11 14 22 26 29
02 10 16 17 18 20 23
03 07 10 17 20 24 25
04 06 10 16 19 21 30
04 08 12 14 18 23 27
06 09 10 13 15 23 30
01 02 03 22 25 26 27
06 07 10 14 19 24 26
01 06 11 12 18 27 31
06 07 14 15 17 20 27
08 09 10 13 15 23 28
08 09 10 12 19 23 25
05 06 09 18 21 22 25
01 09 10 17 22 23 24
02 03 09 14 20 27 31
04 05 09 13 20 24 31
03 04 11 17 22 24 25
06 07 08 10 21 23 31
02 04 08 11 24 27 30
06 07 12 15 17 24 25
02 05 06 15 21 27 30
02 03 05 10 27 29 30
06 10 11 15 19 22 23
08 11 13 15 16 21 22
05 08 11 15 20 23 24
03 07 14 17 19 22 24
05 06 09 15 18 25 28
07 09 10 13 20 23 24
04 06 09 16 22 24 25
03 07 08 10 21 26 31
01 08 10 13 23 24 27
01 04 09 18 21 23 30
05 06 07 12 15 30 31
02 07 09 17 22 24 25
02 06 09 15 20 23 31
04 07 09 16 19 24 27
05 08 10 11 19 24 29
01 07 13 14 16 24 31
05 10 13 14 16 17 31
01 06 12 15 16 27 29
01 02 06 14 23 29 31
02 05 08 13 18 29 31
04 05 06 20 21 22 28
07 09 10 14 19 21 26
01 03 08 16 24 26 28
01 03 15 16 21 22 28
08 11 14 16 18 19 20
02 07 13 15 16 26 27
08 09 12 13 17 20 27
02 08 15 16 20 21 24
02 03 12 14 15 29 31
05 06 11 14 18 24 28
01 04 06 16 24 25 30
08 09 11 13 14 21 30
03 08 10 11 21 26 27
01 04 05 15 24 26 31
09 10 12 15 16 17 27
06 10 11 13 18 19 29
02 10 12 14 17 25 26
04 08 09 11 17 28 29
08 09 11 16 17 19 26
02 07 10 14 22 23 28
06 07 12 13 19 23 26
04 05 15 16 17 22 27
02 06 09 10 23 27 29
02 04 14 15 19 23 29
03 10 12 14 19 20 28
02 04 13 14 17 27 29
02 03 06 15 24 25 31
03 04 06 19 22 23 29
03 07 09 13 20 24 30
02 05 12 19 21 23 24
02 06 08 13 22 24 31
01 04 05 20 23 25 28
02 09 12 16 18 19 30
02 05 08 13 20 27 31
02 08 15 16 20 22 23
03 05 10 12 21 26 29
01 06 08 15 21 27 28
02 08 12 14 15 27 28
06 10 11 14 18 20 27
02 07 09 15 20 22 31
03 07 09 12 19 26 30
05 06 12 16 17 20 30
05 08 10 15 21 23 24
05 08 09 10 18 27 29
05 07 08 15 20 23 28
03 04 15 19 20 21 24
06 07 08 18 19 22 26
03 08 10 11 23 24 27
05 08 16 17 18 20 22
02 04 05 11 25 29 30
02 03 16 19 20 21 25
04 08 12 14 17 22 29
04 06 09 10 20 28 29
01 04 05 15 22 28 31
02 06 08 13 22 26 29
05 08 12 13 14 24 30
02 03 07 17 18 29 30
01 03 04 19 24 26 29
02 06 12 18 20 23 25
08 10 14 15 17 18 24
02 08 11 16 21 23 25
04 05 11 17 18 24 27
03 11 12 14 15 25 26
02 08 12 13 16 26 29
01 03 04 19 21 28 30
05 06 07 10 20 27 31
04 06 09 12 21 26 28
08 10 12 14 17 20 25
02 03 04 09 28 29 31
03 05 10 11 22 26 29
06 07 09 19 20 21 24
02 10 13 17 18 19 27
06 08 12 16 17 18 29
02 03 10 16 21 25 29
01 04 15 19 20 21 26
01 03 04 22 24 25 27
01 07 11 16 18 22 31
01 04 08 09 27 28 29
04 06 14 16 19 20 27
03 04 09 19 21 22 28
04 06 11 12 21 25 27
05 10 11 18 19 20 23
05 08 14 16 20 21 22
03 10 13 16 19 20 25
01 05 08 13 22 26 31
04 05 08 12 20 28 29
01 06 07 08 23 30 31
02 05 06 11 23 29 30
05 08 11 13 15 24 30
02 05 10 12 18 29 30
02 03 09 15 18 29 30
03 05 12 14 22 23 27
03 10 11 12 15 26 29
01 03 12 18 21 24 27
02 04 14 15 17 25 29
01 04 06 07 27 30 31
03 04 07 13 24 25 30
04 07 11 12 15 27 30
04 10 14 15 19 21 23
01 06 15 18 21 22 23
01 04 11 19 20 23 28
03 04 09 14 19 26 31
01 02 15 16 22 23 27
09 10 12 14 16 20 25
02 08 11 12 14 29 30
01 06 12 15 19 24 29
02 09 11 12 23 24 25
01 08 12 15 19 23 28
08 09 10 12 17 23 27
03 05 12 13 22 24 27
01 02 09 16 25 26 27
05 07 10 16 20 23 25
01 04 13 16 21 22 29
04 07 11 17 18 20 29
03 08 12 16 17 20 30
02 10 14 15 17 22 26
02 05 10 15 18 26 30
01 04 10 16 20 27 28
03 04 06 13 21 28 31
05 08 12 14 15 22 30
02 06 12 17 18 23 28
01 04 06 19 22 26 28
01 04 08 14 23 25 31
01 07 08 17 20 24 29
06 08 10 15 21 22 24
02 03 06 15 23 27 30
02 06 11 14 21 25 27
04 05 11 16 17 26 27
07 10 11 14 17 18 29
03 04 09 10 24 26 30
03 05 12 14 18 24 30
05 09 10 14 17 24 27
02 04 07 18 20 24 31
04 06 13 16 19 22 26
01 08 12 16 19 24 26
02 06 09 11 20 27 31
06 09 10 11 13 27 30
01 02 03 17 24 28 31
02 05 08 17 18 25 31
02 05 12 14 17 27 29
05 10 11 12 18 23 27
03 06 08 11 20 27 31
01 04 07 18 24 25 27
05 07 14 16 17 20 27
06 08 10 15 18 20 29
06 08 11 14 18 24 25
04 07 08 12 21 26 28
01 03 15 18 19 22 28
08 10 14 15 16 21 22
04 05 08 09 25 27 28
03 05 11 18 20 23 26
05 06 07 17 21 24 26
04 08 11 17 21 22 23
04 07 12 16 17 23 27
05 07 11 17 18 22 26
01 07 08 15 17 28 30
01 06 12 14 21 25 27
01 02 10 19 23 24 27
02 05 09 13 20 28 29
05 06 11 12 20 24 28
01 03 13 19 20 24 26
02 07 09 10 23 27 28
03 04 07 08 27 28 29
04 05 12 18 19 20 28
03 09 10 11 20 26 27
01 05 13 16 21 24 26
03 05 12 14 21 22 29
04 09 10 13 18 23 29
04 06 10 17 20 23 26
01 06 10 18 20 24 27
01 02 13 17 20 24 29
01 06 14 16 18 24 27
02 09 13 14 20 23 25
01 07 10 16 20 24 28
06 07 10 14 20 21 28
02 08 09 14 21 23 29
04 10 12 13 18 24 25
03 05 10 19 20 22 27
03 12 13 14 17 21 26
03 06 11 19 20 23 24
02 03 09 15 19 28 30
06 09 10 11 19 23 28
05 08 11 12 13 28 29
02 08 16 18 19 20 23
01 02 04 21 23 27 28
02 03 12 14 17 28 30
04 11 12 14 15 19 31
04 09 11 12 22 23 25
06 08 10 13 16 26 27
02 03 14 17 20 21 29
08 09 13 14 18 21 23
01 03 14 15 20 24 29
03 04 07 20 21 22 29
01 02 14 15 23 24 27
01 02 09 11 26 27 30
05 08 13 14 21 22 23
02 06 08 13 21 25 31
05 10 12 13 15 24 27
01 07 11 16 20 23 28
02 09 10 12 14 28 31
02 06 12 15 19 21 31
01 10 13 18 19 21 24
02 10 15 16 17 22 24
02 05 09 13 23 24 30
06 07 11 12 14 27 29
06 08 09 15 20 22 26
03 05 10 15 20 26 27
02 10 12 16 19 23 24
08 11 12 13 15 17 30
05 06 11 14 15 25 30
04 06 11 14 15 26 30
04 11 13 14 15 21 28
07 11 12 15 16 19 26
02 07 10 15 17 24 31
01 09 13 15 20 22 26
01 02 08 20 23 25 27
02 07 13 18 20 21 25
02 05 12 14 23 24 26
07 09 10 14 18 19 29
02 07 14 17 19 21 26
02 07 12 14 18 25 28
04 11 12 13 15 24 27
03 09 11 15 16 22 30
01 04 06 18 20 26 31
05 11 14 16 19 20 21
02 06 12 15 18 26 27
07 09 10 13 18 22 27
01 03 09 14 22 27 30
05 06 08 15 17 27 28
02 08 12 13 17 24 30
04 05 08 09 22 28 30
06 09 11 17 19 20 24
01 05 06 17 21 26 30
05 06 10 14 21 22 28
04 06 07 17 18 26 28
06 08 09 11 19 24 29
04 06 11 17 18 24 26
04 08 11 13 16 24 30
02 04 15 16 20 22 27
02 04 08 12 19 30 31
02 08 10 15 19 22 30
01 08 13 15 16 22 31
03 05 13 14 20 22 29
01 04 14 15 17 24 31
01 06 11 15 16 27 30
07 08 09 11 18 22 31
01 07 08 18 19 24 29
03 04 06 14 24 25 30
05 08 14 18 19 20 22
06 07 11 14 21 22 25
03 04 09 13 22 25 30
03 08 09 12 19 25 30
01 04 10 13 21 28 29
01 06 12 17 19 24 27
01 05 16 18 19 21 26
07 10 11 13 18 23 24
03 06 13 17 20 23 24
04 06 11 14 18 24 29
07 09 12 15 17 18 28
01 02 13 14 17 29 30
04 07 12 14 16 23 30
02 06 09 12 22 24 31
06 07 08 17 18 24 26
01 02 08 14 21 29 31
05 07 09 10 22 24 29
03 06 12 17 21 23 24
06 08 12 15 20 22 23
01 02 07 17 24 26 29
02 05 06 15 20 27 31
02 07 12 15 19 25 26
05 09 13 14 20 21 24
02 04 10 13 22 26 29
04 07 14 17 19 22 23
03 09 10 14 20 23 27
02 06 12 18 21 23 24
04 09 11 16 18 19 29
02 03 15 17 18 20 31
01 03 07 12 25 28 30
04 10 14 17 18 19 24
03 05 06 16 18 28 30
03 04 09 17 20 22 31
03 07 09 12 16 29 30
02 10 12 17 18 23 24
04 06 08 18 20 21 29
04 05 10 18 22 23 24
03 05 06 07 26 29 30
04 08 10 12 17 24 31
04 09 13 14 15 21 30
03 05 12 19 21 22 24
05 07 10 15 16 23 30
01 03 11 12 24 27 28
06 11 13 14 16 18 28
05 07 08 15 18 26 27
02 05 08 11 19 30 31
02 03 04 12 26 29 30
09 10 11 14 16 18 28
02 06 08 16 18 25 31
07 09 11 14 17 20 28
01 04 13 18 19 20 31
04 08 09 11 20 26 28
03 09 12 14 18 22 28
02 11 13 14 15 23 28
02 03 14 16 17 24 30
04 09 11 16 21 22 23
03 06 11 15 21 24 26
01 03 10 11 24 28 29
01 07 13 18 19 20 28
02 04 11 13 22 25 29
02 06 08 18 19 25 28
01 04 11 13 24 25 28
02 05 08 13 21 28 29
07 10 13 14 15 23 24
09 11 14 16 17 19 20
01 05 12 17 20 23 28
06 07 09 16 17 24 27
04 07 12 13 17 26 27
06 09 10 11 17 23 30
03 05 06 12 21 28 31
02 05 07 16 22 25 29
01 05 09 18 19 26 28
06 07 14 17 19 21 22
02 05 16 17 20 22 24
07 08 14 17 19 20 21
05 09 12 15 16 22 27
06 11 12 15 18 19 25
03 04 12 14 17 27 29
03 04 06 12 21 29 31
06 07 09 11 22 24 27
01 03 12 17 21 24 28
01 08 13 18 19 20 27
05 06 09 17 21 22 26
05 06 08 15 20 24 28
02 04 10 17 22 23 28
02 08 11 15 17 26 27
01 02 10 17 23 24 29
02 05 11 15 18 26 29
07 09 12 14 18 19 27
01 07 10 18 19 21 30
05 08 11 13 16 25 28
01 02 13 17 19 24 30
02 04 12 14 23 25 26
01 08 09 13 20 24 31
04 08 11 15 20 23 25
05 07 11 16 17 22 28
04 06 12 16 17 20 31
01 03 13 16 19 26 28
01 05 11 17 20 24 28
03 05 14 16 20 23 25
05 07 12 14 17 25 26
04 09 11 12 18 21 31
02 04 14 15 19 22 30
04 08 09 18 20 21 26
04 11 12 13 19 21 26
03 13 14 15 19 20 22
08 11 13 14 15 21 24
05 06 12 17 19 20 27
02 03 09 14 22 25 31
07 08 09 12 17 25 28
02 06 08 17 19 26 28
01 08 09 16 20 24 28
03 04 06 11 23 29 30
04 11 12 13 19 22 25
02 05 08 13 19 29 30
07 09 11 14 16 20 29
01 06 13 15 18 23 30
03 04 12 13 21 25 28
02 04 13 16 18 22 31
01 05 07 12 23 28 30
01 05 07 16 21 26 30
06 09 10 15 16 20 30
02 11 12 14 18 19 30
03 04 12 14 15 28 30
04 08 10 12 19 23 30
01 10 13 15 18 24 25
03 09 12 16 19 22 25
02 03 07 19 22 24 29
04 05 06 13 22 25 31
01 03 15 16 18 25 28
01 03 13 14 18 27 30
05 06 07 09 23 26 30
05 06 07 13 14 30 31
06 07 11 13 18 20 31
03 11 13 14 16 24 25
03 10 12 16 18 22 25
06 07 09 10 20 26 28
03 04 05 14 24 26 30
02 03 05 07 28 30 31
02 06 07 18 19 26 28
05 09 12 14 15 21 30
03 04 16 17 20 22 24
06 07 08 11 21 22 31
02 09 10 12 17 25 31
03 08 09 16 20 21 29
01 05 10 16 18 25 31
01 07 09 12 22 25 30
03 06 12 16 18 22 29
03 06 11 14 16 25 31
02 04 12 16 19 23 30
03 04 12 15 19 24 29
06 08 14 15 16 21 26
01 08 10 14 17 27 29
01 02 04 16 26 28 29
01 05 08 11 26 27 28
07 12 13 14 16 20 24
05 06 14 15 21 22 23
04 10 11 13 14 26 28
04 05 10 18 20 22 27
02 06 12 17 18 20 31
07 08 12 17 19 20 23
01 09 10 13 22 25 26
03 05 12 13 17 26 30
01 06 08 11 23 28 29
01 02 10 16 19 27 31
01 11 13 15 16 24 26
01 06 12 14 19 24 30
05 08 09 12 21 25 26
02 06 13 14 20 24 27
07 08 11 13 20 23 24
01 03 12 14 17 28 31
02 03 09 19 20 26 27
02 08 13 16 18 19 30
05 09 11 13 18 20 30
07 09 10 12 16 23 29
01 05 10 15 17 28 30
03 06 08 18 20 25 26
03 08 09 12 19 26 29
04 07 10 18 20 23 24
05 08 09 13 20 23 28
02 04 08 14 24 25 29
06 08 09 12 18 22 31
02 04 13 18 20 24 25
07 10 11 12 19 23 24
04 08 10 17 20 21 26
02 05 10 15 17 28 29
04 09 12 13 15 23 30
02 07 09 12 19 26 31
03 09 11 12 14 28 29
03 04 12 15 21 25 26
02 05 08 16 22 26 27
02 03 07 18 23 25 28
02 05 09 13 18 28 31
04 05 08 11 20 28 30
02 03 06 16 24 25 30
02 09 10 11 18 25 31
01 02 13 14 23 25 28
01 03 10 18 19 25 30
02 04 05 17 23 25 30
01 10 14 15 19 23 24
01 02 04 12 27 29 31
01 07 10 14 21 25 28
04 05 08 15 20 26 28
05 06 12 17 18 21 27
02 09 12 16 17 22 28
01 10 14 15 18 22 26
05 06 10 13 21 23 28
03 09 12 14 20 23 25
03 10 12 14 19 23 25
01 08 09 17 18 26 27
03 05 10 17 21 22 28
04 08 09 12 20 23 30
04 07 13 14 21 22 25
05 08 12 13 17 23 28
04 05 10 15 19 23 30
03 04 08 16 21 23 31
01 06 07 12 19 30 31
06 10 12 14 15 22 27
03 04 09 14 19 28 29
07 11 12 13 19 20 24
02 11 13 17 18 20 25
06 07 10 14 16 22 31
03 07 08 12 19 28 29
06 09 12 15 19 21 24
03 09 10 15 21 22 26
03 06 11 14 18 23 31
04 06 10 17 20 24 25
01 04 09 17 20 24 31
05 08 11 12 17 26 27
03 13 14 15 17 20 24
01 08 12 13 18 25 29
01 02 03 14 27 28 31
01 04 11 19 22 23 26
04 09 10 16 18 19 30
06 09 10 12 17 25 27
03 07 11 16 18 20 31
01 03 08 12 24 27 31
07 08 12 17 18 19 25
05 07 08 18 20 23 25
03 05 07 18 22 23 28
05 08 09 19 20 21 24
04 07 09 14 17 24 31
03 05 09 10 20 28 31
04 08 11 13 21 22 27
01 03 04 16 23 29 30
02 07 08 16 17 27 29
03 06 08 09 23 26 31
03 07 14 16 17 23 26
04 11 12 13 15 22 29
01 06 14 17 19 20 29
07 08 09 15 18 20 29
03 04 09 11 24 26 29
05 06 08 09 23 25 30
04 05 11 17 21 22 26
07 08 09 11 18 25 28
02 04 13 15 19 23 30
04 11 12 13 16 23 27
02 06 07 12 18 30 31
01 07 08 14 22 26 28
05 06 09 16 20 22 28
03 06 08 13 22 24 30
06 09 11 16 17 22 25
05 09 12 15 18 21 26
05 06 08 13 20 23 31
06 09 11 15 16 23 26
02 04 09 16 19 26 30
04 07 10 13 19 22 31
01 04 11 13 22 27 28
01 06 13 14 23 24 25
02 07 08 16 20 25 28
02 05 11 12 18 27 31
05 08 09 16 18 22 28
02 08 12 13 22 24 25
03 05 12 17 18 23 28
02 08 09 13 20 24 30
02 03 06 18 22 25 30
07 10 12 13 19 20 25
02 08 11 16 19 24 26
02 04 06 19 21 23 31
02 03 12 14 20 27 28
03 07 13 14 15 24 30
01 05 09 19 20 24 28
06 10 12 14 15 20 29
03 04 08 11 21 29 30
01 04 12 16 20 25 28
08 10 12 13 14 23 26
05 08 10 14 15 24 30
05 08 09 12 18 23 31
03 06 12 13 17 26 29
01 07 09 12 18 29 30
03 04 08 11 23 28 29
04 05 09 12 19 28 29
03 05 11 14 21 24 28
01 09 14 15 18 19 30
01 07 12 15 17 26 28
04 09 10 17 18 19 29
05 07 12 13 19 20 30
03 07 08 14 20 23 31
06 07 12 13 15 23 30
01 08 14 18 19 21 25
01 09 13 16 17 20 30
03 06 08 15 20 26 28
05 06 08 09 24 25 29
01 06 09 16 19 25 30
01 06 09 14 22 26 28
02 05 08 18 19 23 31
01 08 10 14 19 26 28
06 10 12 15 18 22 23
03 04 05 14 20 29 31
01 04 13 14 21 25 28
04 08 11 14 15 26 28
02 06 09 15 21 23 30
01 05 06 10 25 29 30
07 10 11 14 16 18 30
03 08 12 15 20 21 27
03 08 09 13 18 25 30
07 08 09 14 18 22 28
03 04 14 16 21 23 25
07 09 12 13 16 19 30
01 02 15 18 20 23 27
06 11 13 14 18 20 24
03 05 10 13 22 24 29
02 07 08 15 21 23 30
03 06 07 10 21 28 31
04 09 10 12 18 22 31
02 04 12 17 19 21 31
01 10 14 16 18 20 27
04 06 13 14 16 26 27
03 05 11 12 22 24 29
04 09 10 13 17 22 31
03 09 10 12 19 25 28
03 04 10 15 17 27 30
03 04 13 14 17 27 28
03 10 13 15 17 22 26
02 06 14 16 18 21 29
04 08 10 17 19 20 28
01 07 08 14 22 24 30
01 11 13 14 16 24 27
01 04 09 15 22 24 31
01 06 15 19 20 22 23
02 06 09 17 20 25 27
10 11 14 16 17 18 20
02 05 09 15 20 24 31
01 04 12 17 19 22 31
01 02 13 19 20 24 27
05 07 10 11 18 25 30
05 10 11 14 16 21 29
04 07 11 12 14 28 30
03 05 09 12 18 29 30
01 03 16 18 21 22 25
01 04 09 15 22 26 29
01 07 12 14 18 24 30
01 06 12 14 21 23 29
03 07 09 14 20 22 31
08 09 10 13 16 22 28
03 04 09 12 19 28 31
02 08 13 14 20 22 27
04 09 11 16 19 20 27
02 03 08 19 21 24 29
01 06 07 17 21 24 30
05 07 08 11 20 25 30
04 05 09 14 21 23 30
02 04 08 11 22 29 30
02 03 08 15 17 30 31
01 08 15 16 20 22 24
02 06 12 13 15 27 31
01 05 10 18 19 23 30
07 09 10 15 18 20 27
06 07 12 15 16 23 27
05 07 12 17 18 19 28
03 04 05 10 25 28 31
08 10 11 13 15 20 29
01 07 09 12 16 30 31
04 05 09 13 20 25 30
01 07 09 18 19 24 28
03 05 13 17 18 22 28
02 07 12 13 21 25 26
02 08 09 17 20 23 27
01 09 10 14 19 26 27
06 09 13 16 18 21 23
05 06 08 10 21 25 31
02 07 10 15 20 23 29
04 06 11 16 17 22 30
04 09 11 14 18 24 26
02 05 15 18 19 20 27
02 04 11 16 18 27 28
09 11 14 15 16 19 22
02 04 08 12 24 27 29
01 09 13 16 18 23 26
08 09 10 12 14 22 31
01 06 10 15 20 24 30
02 06 07 18 21 22 30
01 06 07 16 18 28 30
02 03 06 12 26 28 29
03 08 10 18 19 22 26
04 10 11 18 19 21 23
02 04 14 16 17 24 29
03 06 15 18 20 21 23
04 06 13 15 16 21 31
02 07 11 14 21 23 28
02 03 14 18 20 22 27
03 06 12 19 20 22 24
01 02 14 17 19 26 27
02 08 09 15 21 23 28
06 08 09 10 20 24 29
04 05 12 13 22 24 26
08 09 12 17 18 19 23
05 07 08 12 17 27 30
04 12 13 14 17 18 28
04 05 12 15 16 23 31
07 08 13 14 17 20 27
01 08 11 14 19 25 28
04 06 08 15 22 25 26
04 07 11 14 19 20 31
01 02 13 16 22 24 28
01 04 13 14 21 26 27
05 08 11 12 13 26 31
07 09 11 14 18 20 27
01 05 08 10 24 28 30
01 05 06 15 24 25 30
06 08 09 12 16 27 28
02 05 09 16 23 25 26
03 07 08 10 22 26 30
01 07 13 16 19 20 30
03 05 13 16 22 23 24
03 11 14 17 19 20 22
01 06 10 15 18 26 30
06 10 12 14 16 23 25
01 04 13 16 21 24 27
05 06 10 15 17 22 31
07 08 10 11 21 24 25
07 08 10 11 15 25 30
04 07 14 16 20 22 23
03 07 13 15 16 22 30
01 05 13 14 18 24 31
06 09 10 15 16 22 28
02 03 10 16 23 25 27
03 04 09 17 19 24 30
02 07 09 13 22 26 27
03 05 13 16 19 20 30
02 05 07 18 20 23 31
02 06 09 10 23 25 31
04 10 12 13 16 24 27
01 11 15 16 18 19 26
04 09 11 14 20 23 25
01 03 05 14 24 28 31
05 07 11 12 22 23 26
02 03 10 14 21 27 29
01 02 06 14 26 28 29
04 09 10 15 18 19 31
05 06 12 17 19 22 25
02 04 06 14 23 27 30
01 07 08 13 20 26 31
02 07 14 15 19 20 29
02 03 04 17 22 28 30
02 09 12 14 18 24 27
02 07 09 14 22 25 27
01 05 11 16 22 23 28
01 04 07 17 22 25 30
01 08 11 12 14 29 31
01 04 09 18 19 27 28
07 10 12 15 18 19 25
02 08 12 17 18 23 26
01 04 16 18 19 20 28
06 07 13 14 17 19 30
01 12 13 14 18 22 26
03 07 08 11 23 26 28
02 04 11 12 18 29 30
01 03 04 08 29 30 31
04 07 09 18 19 20 29
03 04 12 15 22 23 27
02 03 11 15 24 25 26
02 07 08 12 23 26 28
06 07 08 11 19 26 29
04 08 10 14 19 24 27
05 06 11 15 19 20 30
05 06 12 14 20 22 27
06 11 13 14 17 22 23
02 08 09 18 19 24 26
02 04 11 15 22 23 29
01 08 10 15 20 23 29
02 05 06 09 27 28 29
03 06 11 16 19 25 26
02 04 09 18 20 23 30
02 07 09 17 18 22 31
02 13 14 16 17 20 24
01 06 10 12 19 28 30
02 10 11 13 19 25 26
03 07 08 11 20 28 29
05 09 10 16 18 22 26
02 12 13 14 17 23 25
06 11 14 15 16 18 26
02 04 12 17 18 26 27
05 07 10 11 17 26 30
01 04 11 15 18 28 29
05 08 11 12 20 24 26
05 06 11 12 20 23 29
01 02 06 13 25 28 31
02 08 09 15 20 25 27
07 09 12 15 19 20 24
04 08 09 12 14 29 30
02 05 07 14 22 25 31
03 05 08 13 23 26 28
01 04 11 13 18 29 30
01 08 10 14 18 26 29
06 12 13 15 16 18 26
08 09 11 12 16 19 31
02 06 09 12 23 26 28
04 05 12 14 19 24 28
04 11 13 16 17 22 23
08 10 11 14 15 23 25
02 09 10 17 19 24 25
01 09 13 14 20 22 27
03 05 14 18 20 22 24
03 05 10 14 15 28 31
01 08 09 16 19 24 29
02 04 11 17 19 22 31
04 09 10 13 18 21 31
08 09 10 13 15 21 30
04 09 10 12 19 25 27
04 07 13 14 20 22 26
01 04 06 11 24 29 31
02 06 08 12 22 27 29
07 08 12 16 18 21 24
04 05 08 19 20 22 28
02 12 13 16 17 21 25
05 10 12 13 14 25 27
02 04 09 11 23 28 29
02 08 10 13 21 25 27
02 10 15 16 18 21 24
06 09 10 16 18 22 25
02 12 14 17 18 20 23
01 06 08 10 24 28 29
02 06 09 11 20 28 30
03 06 13 17 18 21 28
05 06 10 12 17 26 30
03 06 13 14 18 24 28
04 10 12 16 19 20 25
01 03 11 18 19 24 30
01 06 07 11 24 27 30
01 02 15 16 19 23 30
03 04 11 17 21 22 28
01 06 07 19 22 24 27
01 03 06 16 23 28 29
02 04 11 18 19 23 29
01 02 13 14 21 26 29
01 09 12 13 16 24 31
04 06 09 14 18 26 29
02 03 04 18 22 27 30
02 04 10 16 17 27 30
02 09 12 14 21 23 25
04 08 10 14 17 25 28
02 07 14 16 17 21 29
03 06 11 14 19 23 30
01 02 06 09 28 29 31
02 12 13 16 18 21 24
02 03 10 18 20 26 27
04 05 08 18 20 25 26
07 08 14 15 17 18 27
04 06 11 16 18 20 31
05 11 12 17 18 20 23
01 06 13 17 18 20 31
02 08 09 15 20 23 29
07 09 10 14 16 19 31
01 06 07 12 22 28 30
03 10 12 16 17 19 29
02 03 12 13 24 25 27
02 06 11 13 23 24 27
02 08 14 16 20 21 25
01 07 12 16 19 24 27
04 05 13 15 17 22 30
03 08 10 14 18 25 28
09 10 12 13 15 19 28
04 05 11 18 19 21 28
02 05 07 15 23 24 30
02 12 15 16 17 20 24
02 04 07 19 22 23 29
04 06 09 12 18 28 29
01 04 14 16 19 24 28
02 03 05 20 21 26 29
01 04 08 19 21 22 31
01 02 15 17 19 22 30
02 05 11 14 19 26 29
05 09 11 14 18 19 30
04 10 13 17 19 20 23
09 10 13 14 16 20 24
05 07 12 16 19 21 26
06 09 11 13 20 22 25
03 04 13 17 18 23 28
01 04 13 14 20 25 29
08 09 10 12 20 23 24
04 08 11 14 19 24 26
03 05 07 15 18 28 30
04 07 09 17 20 24 25
03 05 08 12 21 26 31
02 04 11 13 16 29 31
02 06 08 20 21 24 25
04 05 10 15 16 25 31
03 09 12 16 17 19 30
03 09 10 14 17 23 30
02 06 12 15 17 23 31
01 04 07 18 19 28 29
02 06 12 17 21 23 25
03 04 06 18 21 23 31
05 07 09 17 20 22 26
05 06 11 15 18 22 29
02 05 10 12 17 29 31
03 06 12 13 14 27 31
01 03 12 16 21 25 28
01 04 07 10 24 29 31
06 09 14 16 18 21 22
01 11 12 15 16 24 27
05 08 14 15 16 20 28
05 06 08 13 18 26 30
02 05 10 17 20 24 28
04 06 12 17 19 22 26
01 04 07 10 27 28 29
03 04 06 19 21 23 30
02 04 14 16 18 21 31
04 10 13 15 18 21 25
03 06 07 16 23 25 26
06 07 09 12 20 22 30
02 05 10 17 18 23 31
02 08 13 17 19 20 27
04 09 11 12 15 24 31
02 09 11 13 18 25 28
01 03 06 08 28 29 31
02 06 10 15 18 26 29
04 05 06 18 21 24 28
04 09 12 14 16 24 27
01 08 09 11 23 24 30
03 07 10 15 19 22 30
03 12 14 16 18 20 23
01 02 15 17 18 26 27
03 06 11 13 18 26 29
08 11 13 16 18 19 21
02 09 12 13 19 25 26
02 10 14 15 17 23 25
03 04 10 11 24 25 29
01 05 15 16 18 22 29
02 05 06 18 22 23 30
04 07 12 15 17 20 31
07 10 11 13 16 21 28
02 04 14 15 17 23 31
03 04 12 13 15 29 30
04 09 14 16 17 20 26
04 11 12 16 17 18 28
03 08 09 13 20 25 28
01 03 14 16 19 23 30
04 06 12 14 22 23 25
02 08 12 16 20 23 25
03 06 09 15 21 22 30
03 09 11 13 20 24 26
06 08 10 17 18 19 28
03 04 09 11 22 27 30
04 05 10 15 17 25 30
01 08 09 13 21 24 30
03 10 13 15 18 20 27
04 10 13 15 17 23 24
05 06 08 09 20 28 30
05 06 08 11 21 27 28
08 09 11 13 15 20 30
02 04 10 19 22 23 26
01 09 11 12 14 28 31
05 08 10 14 19 22 28
03 05 06 20 21 22 29
01 12 13 15 16 20 29
01 04 12 13 23 26 27
02 05 11 16 19 22 31
01 05 10 19 20 23 28
02 05 08 19 20 24 28
05 08 10 11 19 23 30
02 04 08 15 22 24 31
03 07 10 11 19 26 30
02 03 10 15 19 28 29
06 07 10 12 19 21 31
07 08 09 12 19 21 30
01 05 10 15 18 27 30
05 10 12 17 18 20 24
02 05 14 15 17 22 31
05 07 10 16 17 20 31
03 04 12 17 20 22 28
03 06 13 18 20 22 24
05 08 10 11 15 27 30
03 04 11 15 22 24 27
03 07 11 18 19 20 28
02 03 11 16 22 25 27
01 06 08 17 19 27 28
01 05 13 16 22 24 25
02 04 14 17 18 20 31
01 02 16 17 19 24 27
03 06 13 16 19 22 27
01 02 15 18 19 20 31
03 04 05 16 22 26 30
06 10 13 14 19 20 24
02 03 12 18 19 24 28
01 05 07 18 21 26 28
02 05 10 14 15 29 31
04 08 12 13 15 24 30
06 10 11 13 18 23 25
06 09 12 13 14 22 30
01 02 10 13 25 27 28
02 11 13 14 19 21 26
03 04 11 16 19 24 29
03 06 07 10 22 28 30
04 05 10 15 21 23 28
01 09 12 14 17 26 27
02 04 09 12 24 25 30
04 05 12 16 17 25 27
02 08 12 16 17 24 27
06 11 13 14 16 21 25
01 03 08 14 23 27 30
02 03 11 19 21 24 26
03 12 13 15 17 20 26
04 07 10 13 20 24 28
03 05 08 18 21 22 29
06 08 11 14 18 23 26
01 08 09 13 16 29 30
02 04 12 18 22 23 25
05 09 11 16 20 21 24
04 07 12 17 19 21 26
05 09 12 16 19 22 23
02 09 13 14 16 22 30
06 08 09 13 21 23 26
03 08 10 17 20 22 26
01 05 09 13 20 28 30
03 05 13 16 17 22 30
02 05 12 16 17 26 28
02 06 09 12 22 27 28
04 06 09 15 22 24 26
01 02 10 19 23 25 26
01 02 12 15 16 29 31
07 09 12 14 16 22 26
04 08 11 12 13 27 31
03 04 14 17 18 23 27
03 08 11 13 17 24 30
01 10 11 14 19 23 28
02 06 07 09 25 28 29
07 08 10 14 17 20 30
02 05 08 12 19 29 31
03 06 08 12 20 28 29
03 04 08 19 20 21 31
03 10 12 14 16 24 27
05 07 11 14 16 26 27
02 03 10 16 19 25 31
05 10 13 14 17 20 27
01 06 10 18 22 24 25
05 08 09 16 21 22 25
03 05 08 20 21 24 25
06 07 11 14 16 24 28
02 09 10 14 18 25 28
01 04 13 16 20 24 28
02 09 11 14 18 22 30
04 08 09 12 20 22 31
04 08 14 16 18 21 25
07 08 10 14 17 19 31
02 07 11 14 21 25 26
02 11 12 16 17 23 25
01 06 11 14 23 25 26
03 10 12 14 19 22 26
05 06 12 13 19 20 31
01 11 12 13 19 24 26
05 07 10 14 19 24 27
02 09 10 15 17 24 29
04 06 08 16 21 23 28
03 04 05 13 25 26 30
01 03 15 16 18 22 31
05 09 12 17 18 20 25
04 08 09 12 21 23 29
08 10 12 14 17 22 23
06 07 12 13 16 23 29
02 04 08 14 21 26 31
02 10 12 13 16 25 28
02 05 11 19 22 23 24
02 07 08 12 19 28 30
04 05 06 16 21 24 30
02 10 13 14 18 24 25
08 12 14 15 17 18 22
03 05 12 14 22 24 26
03 06 10 11 17 28 31
06 07 09 13 22 23 26
04 05 11 16 20 22 28
03 05 11 12 23 24 28
01 02 07 15 24 27 30
06 09 12 13 16 23 27
05 06 07 11 20 26 31
04 10 12 13 14 25 28
04 09 12 15 18 20 28
02 03 07 21 23 24 26
02 07 13 16 19 23 26
02 05 10 19 21 23 26
03 08 10 15 17 25 28
05 09 11 12 22 23 24
01 04 13 14 16 28 30
02 08 11 12 17 25 31
03 08 09 10 22 25 29
04 09 12 17 20 21 23
01 06 09 12 23 24 31
01 11 14 16 19 20 25
06 11 13 17 18 20 21
03 08 12 13 15 27 28
03 05 08 18 19 23 30
03 06 10 15 23 24 25
02 05 12 17 18 21 31
05 07 08 17 18 23 28
07 10 12 14 15 23 25
03 08 14 15 18 23 25
02 04 15 17 19 24 25
05 09 12 14 18 19 29
08 09 12 14 17 19 27
02 06 10 12 24 25 27
03 09 10 18 19 23 24
03 07 08 13 16 28 31
04 05 13 14 21 23 26
05 07 13 15 20 22 24
01 10 12 14 16 25 28
02 03 15 16 19 25 26
03 05 12 14 19 23 30
07 09 10 15 19 22 24
01 04 17 18 20 21 25
03 11 14 16 19 20 23
03 09 11 12 16 25 30
02 08 09 10 24 25 28
03 04 11 12 21 27 28
02 07 10 14 16 26 31
03 04 11 18 19 20 31
01 02 14 18 20 25 26
03 05 06 15 22 24 31
03 06 08 16 23 24 26
01 06 15 18 20 22 24
05 08 10 13 19 21 30
05 10 12 13 19 23 24
03 07 09 12 18 28 29
01 08 11 12 23 24 27
08 09 10 13 17 21 28
04 06 10 12 19 24 31
03 12 14 15 17 21 24
03 06 07 18 20 21 31
03 08 09 15 20 22 29
05 08 09 13 20 22 29
03 04 09 12 21 26 31
02 09 10 15 18 22 30
04 06 12 15 16 25 28
02 04 12 13 17 28 30
02 07 12 15 17 24 29
06 08 10 17 18 22 25
01 02 13 17 22 25 26
01 08 09 16 20 22 30
02 13 14 17 18 20 22
02 04 06 14 24 25 31
03 05 11 18 20 22 27
02 07 15 17 18 21 26
06 10 13 17 19 20 21
02 08 12 15 17 21 31
01 02 05 19 22 26 31
02 03 05 16 23 27 30
01 02 06 17 24 27 29
01 09 16 17 19 20 24
01 08 09 11 21 26 30
02 04 05 16 24 25 30
01 05 16 17 21 22 24
04 07 10 15 22 23 25
01 08 12 15 18 23 29
03 06 09 18 19 23 28
03 06 07 17 22 23 28
03 04 10 15 22 23 29
01 03 07 13 24 28 30
01 03 07 16 21 28 30
02 08 09 11 18 27 31
07 09 10 16 19 20 25
03 08 10 15 16 23 31
02 05 08 18 20 26 27
01 07 10 13 18 26 31
01 03 13 16 20 25 28
04 09 12 13 17 22 29
01 02 17 19 20 23 24
04 06 11 12 17 27 29
02 09 13 14 15 23 30
03 04 07 19 21 22 30
02 07 13 16 17 24 27
01 04 09 20 21 23 28
03 04 14 17 18 20 30
09 10 11 14 17 22 23
01 02 13 15 20 27 28
01 09 15 16 20 22 23
02 06 10 13 24 25 26
04 06 07 11 22 27 29
04 06 14 15 20 23 24
02 07 11 18 21 23 24
02 08 10 16 18 25 27
04 05 09 15 20 22 31
04 06 07 16 20 22 31
02 07 12 14 17 25 29
04 06 10 11 20 27 28
06 08 11 13 18 24 26
03 04 10 11 23 27 28
06 11 13 14 15 22 25
06 07 12 17 19 20 25
02 07 12 16 19 20 30
02 03 13 15 16 27 30
01 08 10 19 21 23 24
03 08 09 12 20 24 30
01 06 08 12 21 27 31
02 03 07 16 25 26 27
01 09 13 15 18 20 30
02 08 12 15 17 22 30
01 11 13 14 18 20 29
02 03 10 14 22 27 28
03 05 08 11 22 28 29
05 09 11 13 18 22 28
03 06 08 12 19 28 30
03 05 08 14 22 23 31
05 07 10 13 21 22 28
02 05 12 16 19 21 31
08 09 11 17 18 19 24
03 10 11 15 18 22 27
01 04 06 21 22 23 29
01 08 14 17 18 22 26
01 09 10 13 17 26 30
05 07 11 12 18 26 27
01 03 13 16 18 26 29
03 07 08 13 21 24 30
02 09 10 13 16 25 31
04 05 07 17 20 22 31
03 06 10 19 20 23 25
02 04 08 19 20 22 31
10 11 13 16 17 19 20
01 02 09 11 24 28 31
08 09 12 13 18 20 26
04 07 10 19 21 22 23
03 10 13 16 18 22 24
04 10 12 16 17 22 25
03 10 12 14 17 19 31
08 10 12 14 15 19 28
01 04 10 16 19 26 30
09 10 11 14 17 19 26
01 07 08 16 17 26 31
01 04 07 17 24 25 28
03 04 06 16 20 27 30
04 07 12 15 20 23 25
02 05 11 14 22 23 29
02 07 09 17 19 24 28
01 06 13 14 18 24 30
01 07 11 18 22 23 24
06 08 09 16 17 22 28
01 13 14 15 17 22 24
06 09 10 13 21 23 24
01 03 04 17 22 28 31
04 05 07 18 20 25 27
02 07 08 17 21 25 26
05 06 12 13 16 25 29
06 07 08 17 18 19 31
06 10 11 17 18 21 23
04 10 12 18 19 20 23
06 07 09 11 20 24 29
05 08 10 12 21 23 27
03 08 12 16 20 23 24
03 06 15 17 20 22 23
01 06 07 08 26 27 31
01 02 08 16 24 27 28
04 06 10 16 22 23 25
02 04 06 19 22 23 30
03 04 09 12 20 27 31
02 06 08 15 21 23 31
03 11 13 16 18 21 24
07 08 10 12 17 23 29
01 03 05 19 20 28 30
08 09 10 13 19 21 26
03 04 12 16 18 22 31
03 04 12 13 19 26 29
04 06 10 15 18 25 28
01 04 14 16 18 25 28
03 09 10 12 21 25 26
02 04 12 15 22 23 28
01 07 13 14 18 23 30
03 05 07 12 23 26 30
01 05 09 12 18 30 31
02 03 12 14 16 29 30
04 05 10 17 20 23 27
02 07 11 16 19 24 27
03 08 11 13 21 24 26
01 07 10 14 19 27 28
03 10 12 14 15 25 27
09 12 14 15 17 19 20
03 04 14 15 19 22 29
04 07 11 14 16 26 28
01 07 09 10 24 27 28
06 09 11 15 18 19 28
07 09 14 15 17 20 24
02 06 08 15 21 25 29
03 08 13 15 16 20 31
01 08 15 16 18 19 29
01 03 05 16 24 26 31
08 09 12 14 16 21 26
02 08 11 15 16 23 31
01 08 13 15 18 22 29
07 10 12 13 15 18 31
02 05 11 16 17 26 29
02 05 06 09 23 30 31
02 04 16 17 18 22 27
01 04 11 14 17 29 30
02 08 09 14 19 23 31
02 04 05 17 23 24 31
03 05 12 18 19 21 28
06 10 14 15 16 22 23
03 09 12 14 17 20 31
05 06 14 16 19 22 24
04 09 12 13 18 21 29
01 02 03 15 26 29 30
03 05 14 16 21 23 24
05 06 09 12 21 24 29
01 02 08 11 26 27 31
06 10 11 13 17 20 29
04 10 11 12 19 23 27
02 06 08 17 22 23 28
01 10 11 15 17 24 28
03 04 11 13 22 26 27
05 06 08 13 21 23 30
04 06 09 11 20 27 29
03 12 13 15 19 20 24
04 09 12 16 17 22 26
05 06 13 14 20 23 25
05 06 12 13 15 26 29
02 04 06 14 24 27 29
04 08 10 15 21 22 26
02 08 10 15 19 25 27
03 10 15 16 17 20 25
04 07 08 11 24 25 27
02 03 07 08 25 30 31
02 05 10 15 19 24 31
02 11 12 14 17 19 31
06 07 11 12 15 26 29
02 10 12 13 16 24 29
04 06 10 14 21 23 28
01 03 15 16 20 23 28
02 06 11 14 18 27 28
02 05 09 16 21 26 27
03 04 08 10 24 27 30
04 06 12 15 20 23 26
01 03 16 17 18 21 30
04 05 06 15 22 23 31
06 07 09 12 13 29 30
06 07 11 17 18 22 25
03 06 10 14 19 24 30
04 08 10 17 20 23 24
01 03 12 14 17 29 30
02 03 05 14 24 27 31
01 04 06 16 25 26 28
03 07 10 19 20 21 26
02 05 11 12 17 28 31
01 03 09 14 23 26 30
03 06 08 13 23 26 27
06 09 12 14 19 21 25
01 04 08 12 24 26 31
02 05 06 13 20 29 31
05 08 10 15 16 22 30
03 08 13 14 20 23 25
04 07 12 14 16 24 29
02 03 09 16 22 24 30
04 08 09 14 19 23 29
05 08 10 14 18 23 28
02 07 13 15 18 20 31
02 09 13 15 20 21 26
02 07 10 13 16 28 30
03 04 08 09 22 29 31
01 06 12 17 21 24 25
04 08 11 13 20 23 27
04 09 13 14 17 20 29
04 05 11 14 18 26 28
05 08 13 15 20 21 24
02 04 05 19 21 24 31
04 05 12 13 21 25 26
01 05 13 18 20 23 26
01 07 10 12 19 26 31
03 04 15 17 20 23 24
01 06 08 13 22 25 31
06 08 12 13 18 19 30
03 07 08 10 18 29 31
03 10 14 15 17 20 27
02 06 12 15 16 24 31
01 04 09 13 24 26 29
01 03 12 15 16 29 30
04 05 11 14 22 23 27
01 05 16 19 20 21 24
02 05 13 14 19 24 29
02 03 16 17 19 20 29
01 10 12 13 15 27 28
01 09 10 14 15 28 29
01 06 09 16 18 27 29
03 06 12 14 18 23 30
01 02 12 17 19 25 30
03 09 10 14 17 22 31
02 10 12 14 18 23 27
02 06 13 15 16 24 30
03 12 15 16 17 20 23
02 12 13 15 16 17 31
03 07 08 18 19 20 31
03 04 10 14 24 25 26
07 08 12 13 18 19 29
02 03 09 16 20 25 31
02 05 10 16 20 24 29
01 04 16 18 19 22 26
04 08 10 15 21 23 25
04 07 11 16 17 25 26
03 08 10 12 19 24 30
03 08 10 12 14 29 30
01 05 12 14 19 24 31
02 05 07 08 23 30 31
02 09 13 14 19 24 25
02 04 05 09 25 30 31
02 04 15 16 19 21 29
02 03 08 17 19 28 29
01 03 11 18 19 26 28
08 11 12 15 17 20 23
01 06 12 15 17 25 30
05 09 12 18 19 20 23
02 06 07 14 20 26 31
07 11 12 14 16 19 27
05 08 11 13 20 22 27
03 04 07 13 23 26 30
04 09 13 14 15 20 31
01 09 10 16 21 24 25
02 07 11 12 16 28 30
01 03 11 19 22 24 26
01 03 08 17 20 28 29
01 08 09 13 22 24 29
03 04 06 08 24 30 31
03 10 14 15 16 23 25
01 02 14 17 18 26 28
07 10 13 15 18 20 23
01 06 09 13 22 25 30
02 06 14 15 16 23 30
01 04 08 12 21 29 31
04 11 12 13 17 19 30
03 06 14 16 19 22 26
02 08 10 14 18 25 29
07 09 10 12 17 23 28
04 06 10 13 18 24 31
03 05 10 14 20 25 29
04 08 09 16 20 21 28
04 09 10 17 19 23 24
01 07 14 19 20 22 23
08 10 11 14 18 19 26
01 04 08 16 20 28 29
04 09 10 11 16 27 29
02 03 11 18 22 24 26
01 04 11 12 23 26 29
02 08 11 15 18 23 29
04 08 09 11 19 27 28
04 05 08 14 21 24 30
02 05 08 17 21 23 30
08 09 12 13 18 22 24
06 07 10 12 18 23 30
05 09 10 12 17 26 27
05 09 10 16 17 19 30
01 02 03 16 24 29 31
04 06 10 13 21 23 29
03 04 11 18 19 23 28
01 02 13 16 20 25 29
02 04 10 17 20 25 28
05 06 07 10 23 25 30
07 09 11 13 14 22 30
01 06 09 18 20 22 30
04 09 11 16 18 20 28
04 06 11 12 20 25 28
05 07 10 14 15 25 30
04 11 14 16 18 19 24
01 09 14 16 18 20 28
07 08 11 12 16 21 31
05 06 11 12 13 29 30
01 03 09 16 20 28 29
05 07 08 10 20 25 31
02 07 09 12 21 24 31
03 12 14 17 18 20 22
06 07 09 16 18 19 31
01 08 09 13 17 28 30
01 05 06 19 21 26 28
02 03 12 14 20 26 29
06 07 13 15 17 18 30
01 06 08 15 18 28 30
04 05 07 10 19 30 31
04 08 15 17 18 20 24
03 06 09 11 18 28 31
02 05 07 10 23 29 30
02 03 15 16 17 22 31
06 08 09 13 19 21 30
07 08 12 14 16 21 28
06 07 10 13 19 21 30
02 09 11 14 19 23 28
06 09 14 17 19 20 21
02 03 05 16 25 26 29
02 09 11 15 16 23 30
02 03 04 17 21 28 31
04 05 12 13 20 24 28
03 07 11 16 22 23 24
05 08 09 11 21 24 28
09 10 11 15 16 22 23
03 04 06 16 22 26 29
04 05 08 12 18 28 31
01 09 15 16 18 22 25
08 09 10 15 17 20 27
02 05 12 16 17 25 29
03 08 11 14 16 23 31
05 09 12 14 17 22 27
03 04 10 18 19 24 28
01 08 09 12 16 29 31
08 09 10 15 16 22 26
02 03 12 17 22 24 26
04 10 12 13 19 21 27
02 04 12 15 19 24 30
08 09 11 12 14 23 29
03 05 06 14 22 26 30
03 04 14 16 18 23 28
01 06 10 15 17 26 31
01 03 11 18 22 25 26
03 06 09 18 19 22 29
01 06 14 16 21 23 25
04 08 09 15 18 24 28
04 09 10 11 15 28 29
04 06 09 10 20 26 31
05 07 14 15 17 22 26
05 07 08 13 20 22 31
09 10 13 14 15 21 24
05 07 10 15 19 20 30
02 08 13 14 19 22 28
04 06 12 14 19 21 30
03 06 07 11 20 28 31
01 03 08 09 26 28 31
05 08 12 15 17 24 25
05 07 12 16 18 21 27
05 07 08 11 18 27 30
04 08 09 12 22 24 27
04 11 12 13 18 23 25
05 06 07 10 21 27 30
04 05 11 15 20 23 28
02 05 10 13 20 27 29
02 05 12 17 21 23 26
01 03 06 08 27 30 31
04 09 11 15 18 19 30
01 08 11 13 20 26 27
04 06 09 16 19 24 28
04 06 09 12 16 29 30
02 08 09 13 19 26 29
02 06 08 13 23 24 30
02 06 13 15 20 22 28
07 08 10 12 16 23 30
03 05 07 14 20 27 30
04 08 12 17 20 22 23
08 09 11 14 16 18 30
07 08 09 17 20 22 23
02 05 12 16 19 25 27
04 09 13 14 15 22 29
05 09 10 14 18 19 31
05 07 08 10 22 25 29
02 07 11 15 18 26 27
05 10 12 16 18 19 26
02 09 10 15 16 26 28
06 07 09 10 17 26 31
04 05 06 11 25 26 29
01 11 13 14 18 24 25
03 11 13 16 17 18 28
02 06 09 16 22 24 27
02 09 15 16 18 20 26
01 07 12 15 20 23 28
02 06 11 12 19 25 31
02 04 06 18 22 23 31
02 07 10 14 18 24 31
03 08 09 16 19 22 29
01 03 15 18 21 22 26
07 09 10 14 16 24 26
08 10 11 13 16 23 25
01 04 08 17 22 26 28
01 02 07 15 25 26 30
02 09 11 13 20 24 27
03 06 08 13 17 28 31
04 07 08 12 18 28 29
02 04 09 15 20 25 31
06 08 13 16 18 19 26
01 04 07 15 18 30 31
10 12 13 14 17 18 22
02 06 10 17 19 21 31
01 02 10 15 24 26 28
01 06 14 18 20 23 24
03 10 12 14 18 20 29
04 07 12 13 14 26 30
04 05 10 17 22 23 25
06 07 10 13 22 23 25
04 10 12 15 16 22 27
03 05 14 18 20 21 25
05 08 09 10 21 24 29
02 04 06 12 22 29 31
02 04 08 14 18 29 31
03 09 12 17 19 20 26
01 06 11 19 22 23 24
02 08 11 13 15 27 30
06 07 11 14 17 22 29
01 05 16 19 20 22 23
01 04 13 14 16 27 31
04 11 13 17 18 20 23
04 06 09 15 19 24 29
02 06 13 14 21 23 27
02 10 12 15 16 23 28
02 07 09 10 25 26 27
06 08 11 15 16 20 30
02 07 14 15 21 23 24
01 07 11 12 16 28 31
03 08 12 14 19 22 28
04 07 12 15 17 25 26
07 09 12 13 20 21 24
04 08 11 16 20 22 25
04 05 13 16 21 23 24
04 06 09 10 21 26 30
05 07 11 12 16 26 29
01 07 08 18 19 25 28
01 09 12 14 16 25 29
09 11 13 14 18 20 21
01 04 05 18 24 26 28
09 10 13 14 17 20 23
02 10 13 14 19 23 25
01 04 13 16 23 24 25
01 08 13 16 17 21 30
01 02 06 17 21 29 30
07 08 09 13 20 21 28
01 05 09 18 22 25 26
01 04 11 18 19 25 28
04 06 14 15 19 22 26
01 05 11 14 23 24 28
06 10 12 15 16 17 30
01 03 14 18 19 20 31
02 03 10 16 20 27 28
02 06 15 19 20 21 23
01 03 07 10 26 28 31
01 10 13 17 18 22 25
01 07 13 14 22 24 25
03 04 11 15 20 24 29
03 06 12 18 20 23 24
06 08 09 11 18 25 29
06 07 15 16 17 21 24
02 04 05 13 22 29 31
01 03 10 15 19 28 30
02 04 05 14 22 28 31
03 12 15 17 18 20 21
05 08 10 12 19 25 27
02 03 08 11 24 27 31
02 11 14 16 18 20 25
01 05 10 12 23 26 29
07 08 11 16 17 19 28
01 04 05 16 23 26 31
07 09 10 12 21 23 24
02 06 10 12 17 28 31
05 07 12 16 17 21 28
02 04 07 14 23 26 30
05 07 08 12 20 25 29
02 05 13 14 21 23 28
03 08 09 17 19 22 28
06 08 10 12 20 23 27
02 05 07 18 21 23 30
03 08 11 17 20 23 24
01 03 11 18 22 24 27
02 04 10 15 19 27 29
02 06 08 10 23 27 30
01 02 07 14 23 29 30
04 12 13 14 17 21 25
03 04 10 15 20 25 29
03 05 10 17 18 22 31
03 04 11 14 15 29 30
03 05 08 10 20 29 31
04 07 09 19 20 21 26
05 08 10 16 19 20 28
05 11 13 14 16 17 30
02 07 08 10 20 29 30
03 06 08 17 21 23 28
05 06 10 13 20 23 29
03 05 09 17 20 22 30
03 10 14 15 16 18 30
04 12 13 16 17 20 24
02 03 05 13 26 27 30
02 07 08 18 19 25 27
05 06 16 17 19 21 22
05 08 09 12 13 29 30
02 04 08 11 26 27 28
03 10 11 15 19 22 26
07 08 09 12 17 22 31
03 05 06 14 21 26 31
07 08 12 13 17 23 26
05 06 10 15 17 23 30
03 06 09 12 22 24 30
02 04 05 15 23 26 31
02 09 10 18 20 23 24
02 06 07 14 22 24 31
02 07 12 13 17 26 29
01 05 13 16 18 23 30
02 06 13 15 19 25 26
01 06 16 18 19 22 24
02 03 05 18 22 26 30
03 09 12 15 17 20 30
04 07 10 15 19 22 29
02 09 11 15 18 23 28
02 08 14 18 19 22 23
01 03 06 18 24 26 28
08 11 12 13 15 18 29
02 07 12 13 23 24 25
03 07 12 15 20 21 28
01 07 12 15 22 23 26
06 07 10 16 19 20 28
02 04 06 19 24 25 26
03 04 10 13 19 26 31
02 08 10 16 18 23 29
03 06 09 12 18 28 30
06 07 10 12 22 24 25
03 08 13 15 18 22 27
01 05 12 16 19 24 29
01 04 10 14 19 28 30
03 06 11 19 21 22 24
02 04 07 17 18 28 30
01 07 08 11 22 26 31
01 08 12 17 18 19 31
06 07 13 16 17 23 24
08 09 13 15 18 20 23
03 08 13 15 16 23 28
01 11 14 15 18 23 24
01 07 08 20 21 24 25
03 09 10 14 21 23 26
04 08 11 12 19 22 30
02 03 10 11 24 27 29
06 07 08 10 18 26 31
01 08 14 15 18 24 26
01 06 07 10 23 29 30
04 09 13 14 16 21 29
08 10 11 12 15 19 31
02 05 10 14 22 26 27
05 07 10 11 21 24 28
03 06 07 12 23 24 31
04 05 14 17 21 22 23
01 07 10 19 20 24 25
07 09 10 12 14 24 30
01 06 07 16 22 24 30
05 09 12 15 17 22 26
10 12 14 15 16 19 20
06 08 11 16 19 21 25
03 12 13 15 16 23 24
05 09 11 12 16 24 29
02 03 11 15 16 29 30
05 06 08 16 22 23 26
04 08 10 13 16 24 31
05 07 11 12 14 27 30
01 02 16 19 21 23 24
02 09 10 14 18 22 31
02 03 06 17 23 25 30
05 09 14 15 16 22 25
08 09 10 14 16 20 29
02 09 12 16 19 23 25
04 12 15 16 17 20 22
01 10 15 16 19 21 24
03 09 11 13 16 24 30
08 11 13 15 18 19 22
01 04 10 11 25 27 28
05 06 09 12 21 26 27
04 06 14 16 17 21 28
06 07 10 12 20 23 28
05 06 10 16 19 24 26
03 04 11 19 20 23 26
04 09 10 13 14 25 31
02 05 09 17 22 24 27
05 08 09 10 19 26 29
02 04 13 15 20 25 27
01 07 08 16 17 27 30
01 08 09 16 18 23 31
01 06 13 14 17 24 31
04 09 10 14 17 22 30
05 06 11 16 19 22 27
02 10 14 15 16 20 29
06 07 10 14 17 21 31
02 03 11 17 23 24 26
01 02 09 14 24 25 31
08 09 10 14 18 22 25
02 03 09 17 20 27 28
02 06 12 15 16 27 28
03 10 12 17 18 21 25
01 11 13 14 19 22 26
04 08 14 15 18 23 24
02 04 15 16 17 25 27
07 08 12 16 18 19 26
03 09 10 15 16 23 30
04 08 10 12 18 25 29
02 05 06 14 22 26 31
02 06 15 16 17 23 27
03 06 08 10 19 29 31
03 08 15 17 18 22 23
05 06 12 17 19 21 26
02 04 07 19 20 23 31
01 04 06 16 24 27 28
02 08 09 18 21 23 25
01 06 09 13 23 26 28
03 05 09 12 20 27 30
02 03 12 16 18 27 28
02 06 09 11 18 29 31
07 09 10 14 18 20 28
04 05 08 14 20 25 30
08 09 10 16 18 20 25
05 08 11 14 19 21 28
01 05 07 18 20 25 30
07 09 10 11 20 24 25
04 05 07 10 24 25 31
06 08 11 14 16 21 30
09 10 13 14 15 20 25
02 06 11 15 21 23 28
05 07 10 15 16 22 31
05 06 11 14 20 22 28
01 05 08 16 18 28 30
02 07 12 17 18 24 26
01 06 12 13 19 24 31
02 10 13 16 17 20 28
01 06 09 14 19 28 29
06 08 12 15 18 19 28
03 05 06 16 22 24 30
07 08 10 14 18 20 29
01 06 12 18 19 20 30
04 06 12 15 16 23 30
04 09 10 15 17 22 29
08 12 13 15 16 20 22
06 08 11 14 20 22 25
07 11 14 16 17 19 22
01 09 11 16 18 20 31
04 08 12 15 18 20 29
05 06 07 11 24 26 27
04 07 09 12 20 23 31
02 06 09 16 20 25 28
03 09 14 15 19 22 24
07 08 09 11 13 28 30
02 07 11 13 20 25 28
01 07 09 12 19 28 30
01 06 13 15 16 26 29
07 08 12 13 15 20 31
02 09 11 16 17 20 31
02 06 10 17 19 23 29
03 06 09 10 19 28 31
02 06 09 14 21 23 31
09 10 12 14 15 20 26
03 04 10 17 22 24 26
09 10 12 14 15 17 29
02 06 16 18 19 22 23
04 09 10 15 19 22 27
02 05 12 15 17 24 31
02 07 12 16 19 22 28
02 04 08 17 18 27 30
03 05 09 18 21 22 28
03 07 12 13 18 26 27
02 06 07 16 19 26 30
03 08 14 16 18 21 26
02 04 05 15 25 26 29
02 04 08 12 23 28 29
02 04 09 21 22 23 25
05 06 12 16 18 20 29
03 10 11 17 18 22 25
03 06 11 16 18 23 29
03 04 13 15 18 23 30
04 06 13 16 18 23 26
04 10 13 15 19 22 23
02 06 08 11 20 29 30
05 06 10 12 16 28 29
01 06 13 18 20 23 25
06 08 09 10 20 23 30
04 07 09 11 21 24 30
01 04 06 18 22 26 29
07 08 09 17 19 20 26
02 06 13 18 21 22 24
01 04 07 18 21 24 31
04 07 08 12 22 25 28
03 06 11 17 20 21 28
04 05 13 15 18 21 30
03 04 14 15 16 23 31
05 06 12 13 18 21 31
02 07 08 12 21 25 31
01 06 11 15 23 24 26
02 03 09 11 24 27 30
01 05 06 18 19 28 29
06 07 08 18 21 22 24
09 10 13 15 18 20 21
05 11 12 15 18 19 26
03 08 09 18 21 22 25
03 07 12 13 20 25 26
01 08 15 16 19 22 25
04 05 07 08 24 28 30
01 12 14 16 17 18 28
07 08 09 12 19 23 28
01 05 06 18 22 23 31
01 06 14 16 18 20 31
04 08 10 19 20 22 23
02 04 10 13 20 28 29
01 02 10 15 23 27 28
02 06 09 14 20 24 31
01 04 13 18 21 24 25
01 04 14 15 16 25 31
05 12 13 14 18 21 23
02 06 09 14 19 27 29
04 05 08 14 24 25 26
03 08 10 11 20 25 29
04 05 07 12 22 27 29
06 08 11 13 17 21 30
01 07 10 16 21 23 28
02 07 11 13 22 25 26
03 04 08 17 21 23 30
02 04 08 14 19 28 31
01 07 09 11 22 26 30
03 08 09 10 17 29 30
01 07 11 12 16 29 30
02 03 09 10 26 27 29
02 03 09 15 20 27 30
01 02 04 19 22 27 31
06 09 11 15 16 18 31
01 03 06 18 19 29 30
04 07 09 14 17 26 29
04 05 13 14 18 24 28
03 04 08 15 22 24 30
02 03 10 18 19 26 28
02 05 13 14 16 26 30
01 06 08 09 26 27 29
06 09 10 13 14 23 31
02 12 15 16 18 20 23
01 03 07 18 21 26 30
02 06 09 19 20 23 27
01 04 08 13 22 27 31
08 10 13 15 17 21 22
02 03 13 14 15 28 31
02 07 10 16 17 25 29
07 09 11 16 19 20 24
01 09 13 17 18 20 28
06 09 11 12 14 25 29
02 06 13 16 17 25 27
05 08 12 13 21 23 24
02 05 12 18 19 20 30
04 06 07 12 23 24 30
01 02 14 16 21 25 27
01 05 11 14 21 26 28
02 08 15 17 18 22 24
05 07 12 18 19 20 25
08 11 12 13 16 21 25
01 08 09 16 17 26 29
01 06 07 16 19 27 30
02 09 12 16 17 20 30
05 08 09 11 22 25 26
06 07 09 11 21 22 30
03 04 11 14 17 26 31
04 05 14 18 20 22 23
03 05 13 14 21 24 26
05 06 07 16 22 23 27
05 09 12 15 16 23 26
06 09 12 13 17 23 26
01 06 08 12 22 27 30
03 06 11 14 20 23 29
07 11 13 14 15 22 24
01 04 08 17 21 24 31
01 08 09 11 20 26 31
02 07 13 17 18 20 29
01 11 12 14 19 23 26
01 03 11 12 25 26 28
05 08 11 12 13 27 30
02 05 06 08 26 29 30
05 06 07 15 16 27 30
05 07 08 17 18 21 30
02 05 07 12 22 28 30
04 06 07 14 24 25 26
02 04 09 12 24 27 28
04 08 11 16 20 23 24
02 04 08 18 23 24 27
06 08 09 10 21 24 28
04 05 08 15 20 23 31
02 04 14 17 18 23 28
05 07 08 15 20 22 29
05 08 10 14 18 25 26
04 08 10 13 22 24 25
05 06 09 17 20 22 27
04 06 08 13 16 28 31
05 08 13 18 19 20 23
01 06 09 17 22 24 27
01 08 10 15 16 25 31
06 11 12 13 19 21 24
01 08 14 17 21 22 23
01 04 16 17 21 23 24
03 10 11 12 14 27 29
06 08 09 13 19 23 28
02 09 10 15 17 22 31
03 04 13 15 16 24 31
03 11 14 16 18 21 23
02 04 08 19 22 24 27
03 08 13 15 21 22 24
01 06 14 15 18 24 28
04 07 15 17 19 20 24
01 12 13 15 18 19 28
03 09 12 16 17 20 29
02 07 08 16 18 26 29
02 07 09 11 24 26 27
02 03 05 18 20 27 31
03 05 08 18 19 25 28
01 04 08 13 23 28 29
02 04 11 14 16 29 30
03 06 11 14 18 24 30
06 09 10 13 18 22 28
05 08 09 13 18 25 28
03 07 12 14 18 22 30
03 05 06 18 23 25 26
02 05 06 18 20 26 29
04 07 11 12 20 23 29
04 05 06 16 20 26 29
02 07 09 14 19 24 31
04 05 14 17 18 20 28
02 03 14 18 20 24 25
01 03 14 16 18 26 28
02 04 08 13 22 28 29
03 05 10 14 19 24 31
04 05 10 17 19 24 27
01 05 14 15 19 22 30
01 03 06 17 20 28 31
01 12 13 14 18 19 29
01 06 09 12 22 25 31
05 07 13 14 15 22 30
01 03 13 14 22 26 27
01 06 07 17 20 24 31
03 04 10 13 17 29 30
08 09 10 14 16 19 30
01 03 04 21 24 25 28
05 08 10 17 18 19 29
06 07 13 14 16 23 27
01 04 05 18 22 25 31
04 10 13 16 19 20 24
02 04 10 18 19 25 28
05 09 10 13 18 22 29
05 08 11 12 16 23 31
03 12 13 15 18 21 24
01 04 09 12 22 28 30
04 06 11 12 16 27 30
01 03 08 16 21 27 30
01 09 13 16 20 23 24
04 05 11 13 14 29 30
04 05 09 12 21 25 30
01 05 08 20 21 24 27
03 05 10 11 22 27 28
05 08 09 14 21 24 25
04 06 11 16 17 21 31
05 10 12 16 18 21 24
06 08 12 13 18 22 27
01 02 13 16 23 24 27
03 05 14 15 18 20 31
02 09 13 14 16 21 31
02 07 12 16 18 24 27
02 06 10 17 20 23 28
01 03 09 16 19 28 30
03 04 07 18 21 23 30
07 12 13 15 16 21 22
03 04 05 21 22 23 28
01 09 10 14 20 25 27
03 09 12 14 20 22 26
02 06 09 12 21 25 31
03 07 08 18 19 22 29
02 04 06 11 24 29 30
04 10 14 15 16 20 27
02 03 04 14 25 28 30
02 05 10 11 23 27 28
03 07 10 18 21 23 24
01 05 08 20 23 24 25
03 05 10 12 19 27 30
05 09 11 12 15 26 28
08 12 13 16 17 18 22
05 09 10 13 17 22 30
01 02 04 16 26 27 30
01 05 08 16 21 27 28
03 11 12 15 17 22 26
02 05 08 09 24 28 30
01 09 14 16 19 20 27
03 04 10 12 20 28 29
01 08 16 18 19 20 24
04 06 14 16 19 22 25
04 10 12 15 18 19 28
01 02 03 17 24 29 30
01 06 12 18 21 23 25
01 02 10 15 19 28 31
03 06 15 16 20 22 24
02 03 08 14 24 25 30
04 05 09 18 19 22 29
05 06 08 16 21 24 26
02 07 13 15 18 23 28
03 07 09 19 20 22 26
03 04 15 16 20 23 25
05 09 12 14 15 25 26
05 09 11 12 16 26 27
02 04 14 16 20 23 27
03 08 12 13 14 25 31
06 10 11 12 19 23 25
01 07 09 10 23 26 30
03 05 11 13 18 26 30
01 02 09 12 24 27 31
03 09 12 14 21 22 25
01 02 08 09 25 30 31
09 10 13 15 18 19 22
02 09 12 14 16 23 30
03 06 12 18 19 22 26
03 07 12 14 19 22 29
02 09 12 15 17 21 30
02 04 07 15 22 25 31
05 07 12 13 16 26 27
01 05 10 19 21 24 26
06 07 10 11 17 25 30
05 07 12 15 18 24 25
01 09 12 14 22 23 25
01 03 07 18 23 24 30
03 04 09 12 17 30 31
03 07 11 15 20 22 28
03 05 08 10 22 27 31
03 06 08 09 23 27 30
01 03 16 18 20 23 25
06 08 11 13 17 20 31
03 05 07 14 22 25 30
02 03 09 18 19 26 29
03 04 07 17 23 24 28
06 08 09 19 20 21 23
05 06 09 15 19 22 30
01 07 08 16 19 27 28
01 04 08 19 20 26 28
03 04 10 14 21 26 28
01 05 08 14 20 28 30
02 05 10 16 17 26 30
02 05 06 16 23 24 30
01 08 13 14 15 24 31
07 09 10 14 15 24 27
06 10 11 14 17 20 28
03 04 10 11 22 27 29
01 09 12 16 18 24 26
01 05 10 17 18 25 30
02 04 11 17 20 23 29
06 07 08 11 21 25 28
04 05 12 13 20 23 29
05 06 08 12 16 28 31
05 11 12 13 15 24 26
05 09 11 14 18 21 28
03 10 12 13 19 24 25
02 14 15 16 18 20 21
08 10 13 15 16 21 23
02 09 13 17 19 22 24
02 05 11 14 18 25 31
04 07 08 14 20 25 28
03 07 14 17 18 23 24
03 06 11 18 19 23 26
03 06 09 12 21 25 30
09 11 12 14 16 17 27
04 05 11 12 22 23 29
02 03 09 14 18 29 31
03 05 08 16 20 23 31
01 08 10 11 23 24 29
06 07 11 13 18 23 28
02 06 11 18 19 20 30
01 06 11 14 22 25 27
04 05 13 17 20 23 24
04 06 12 16 17 22 29
04 06 12 17 18 22 27
04 05 08 13 22 23 31
05 10 11 14 16 22 28
05 07 08 10 21 25 30
03 04 13 14 17 25 30
06 11 12 14 18 19 26
01 02 13 16 19 24 31
02 10 13 15 16 24 26
02 11 13 14 17 23 26
02 07 08 16 22 23 28
03 05 12 16 20 24 26
02 07 08 15 17 27 30
01 07 09 14 20 24 31
02 04 12 15 17 25 31
04 05 11 12 20 26 28
04 06 11 13 14 27 31
03 08 13 16 17 21 28
02 03 11 19 20 24 27
07 09 12 14 16 21 27
01 05 12 17 21 24 26
02 04 09 14 24 26 27
01 03 05 12 26 28 31
03 05 06 16 23 26 27
04 07 11 13 21 22 28
01 03 08 10 24 29 31
04 05 09 12 24 25 27
01 03 04 18 23 28 29
03 06 13 14 21 24 25
04 05 06 12 25 26 28
02 05 08 12 20 29 30
02 05 10 14 21 26 28
01 02 13 15 22 26 27
01 02 15 18 19 21 30
05 06 08 17 20 22 28
04 05 12 13 21 24 27
01 04 13 18 21 22 27
02 05 11 12 23 24 29
05 10 11 12 19 23 26
02 05 11 14 21 26 27
02 05 10 13 22 26 28
07 10 12 15 16 22 24
04 05 08 18 21 24 26
03 06 11 15 21 22 28
02 07 13 16 18 23 27
02 05 13 17 18 23 28
01 06 08 11 25 26 29
01 02 09 21 23 24 26
03 06 08 10 21 27 31
03 08 12 14 19 20 30
02 11 12 13 15 24 29
03 05 12 13 14 29 30
02 08 09 14 20 25 28
04 09 11 15 20 21 26
03 07 09 18 20 22 27
02 03 04 19 22 27 29
02 03 06 14 22 29 30
08 10 13 14 18 19 24
02 03 08 16 20 28 29
01 06 08 10 23 27 31
04 08 09 10 21 23 31
03 05 10 16 20 25 27
07 09 10 14 19 22 25
05 07 08 09 22 25 30
04 11 13 16 19 21 22
02 03 09 14 20 28 30
06 07 12 15 19 22 25
01 04 09 19 20 25 28
03 05 08 16 21 22 31
01 05 09 16 19 26 30
08 10 11 13 15 22 27
04 05 08 13 21 24 31
02 05 13 15 16 24 31
02 03 14 18 21 23 25
02 03 12 14 18 28 29
02 04 11 16 19 26 28
01 09 14 16 17 20 29
08 10 13 14 16 21 24
01 06 12 18 20 24 25
07 08 15 16 18 20 22
02 05 13 14 18 23 31
05 06 08 15 22 24 26
02 03 08 17 22 26 28
04 06 08 13 21 24 30
08 11 12 13 15 20 27
03 06 10 12 18 27 30
05 06 09 14 22 24 26
02 09 13 14 18 20 30
05 08 09 10 21 23 30
01 08 09 17 18 25 28
07 10 12 13 15 23 26
05 07 09 10 14 30 31
01 04 06 14 26 27 28
03 08 09 13 20 24 29
01 02 10 16 17 29 31
02 06 07 08 25 28 30
08 09 10 13 18 23 25
01 05 09 12 20 28 31
07 11 14 15 18 20 21
01 05 12 15 17 26 30
04 06 11 13 19 23 30
02 06 07 11 24 27 29
04 09 10 14 17 24 28
03 04 10 19 21 22 27
02 03 05 16 22 27 31
02 03 10 19 21 24 27
05 08 10 13 21 22 27
01 04 09 19 20 26 27
03 04 06 17 21 24 31
02 05 10 15 18 27 29
02 03 13 17 20 25 26
07 08 10 13 14 24 30
01 10 14 15 18 19 29
02 04 09 12 20 28 31
01 04 14 15 18 25 29
02 04 07 10 25 27 31
02 05 06 12 24 26 31
04 06 07 18 21 22 28
02 06 13 17 19 23 26
06 08 12 13 19 22 26
01 09 10 14 17 27 28
04 05 15 16 19 21 26
07 09 10 12 15 24 29
02 03 06 13 26 27 29
01 06 13 14 22 23 27
05 10 11 16 19 21 24
01 03 05 10 28 29 30
03 08 10 15 20 23 27
02 06 11 15 18 25 29
06 07 10 16 18 20 29
02 05 07 15 18 28 31
03 06 10 14 17 26 30
07 11 12 15 16 21 24
05 07 09 14 22 24 25
03 05 10 16 21 23 28
01 11 14 15 17 18 30
04 05 08 14 20 27 28
01 04 06 19 20 27 29
08 10 11 15 16 22 24
03 04 12 17 21 24 25
07 09 12 13 14 21 30
02 03 09 18 20 24 30
05 08 10 14 21 22 26
03 06 12 18 20 22 25
06 09 10 18 19 20 24
01 04 09 13 22 28 29
07 08 12 13 18 22 26
05 08 12 13 18 23 27
06 09 10 11 20 23 27
04 08 11 15 19 21 28
02 07 13 14 19 24 27
02 06 07 14 22 26 29
02 05 11 15 19 26 28
05 06 11 12 15 27 30
05 08 13 15 16 19 30
04 06 07 12 22 24 31
05 11 13 16 18 21 22
04 06 10 15 22 23 26
08 10 13 15 17 20 23
05 09 10 13 18 20 31
03 05 07 12 24 25 30
02 05 10 18 20 24 27
04 05 09 12 15 30 31
01 10 13 15 16 22 29
06 09 10 12 19 23 27
03 07 08 14 21 23 30
04 05 11 15 16 24 31
03 05 10 19 21 22 26
08 10 11 13 18 19 27
03 04 06 14 21 27 31
02 04 09 16 21 26 28
04 07 08 12 18 27 30
06 10 12 13 16 24 25
01 03 12 15 22 24 29
03 10 13 14 19 22 25
04 06 11 15 19 25 26
03 08 10 15 19 21 30
01 02 07 16 19 30 31
01 05 10 16 21 24 29
06 07 13 16 18 20 26
03 09 13 16 20 21 24
01 03 09 18 21 26 28
03 09 11 15 20 22 26
03 05 08 15 20 27 28
01 04 09 18 20 23 31
04 06 08 13 21 26 28
04 08 11 16 19 22 26
01 08 13 14 20 21 29
01 12 13 15 16 22 27
03 08 11 16 20 21 27
02 12 13 14 17 20 28
05 09 10 15 16 20 31
01 06 09 18 21 25 26
08 09 12 13 14 21 29
02 06 14 17 20 22 25
01 03 07 16 20 29 30
06 10 12 14 19 22 23
01 05 12 15 18 26 29
05 07 08 10 18 27 31
05 11 13 14 15 20 28
04 12 13 14 18 20 25
05 08 11 13 21 22 26
01 04 10 12 25 26 28
02 04 10 17 18 24 31
01 08 09 13 21 26 28
02 03 08 14 22 26 31
03 10 11 18 19 21 24
08 10 11 13 14 23 27
04 06 10 15 16 25 30
03 04 13 19 20 21 26
01 02 08 17 22 26 30
03 07 10 12 15 29 30
03 08 09 10 20 26 30
01 07 12 13 18 24 31
03 04 13 18 20 21 27
04 11 12 15 17 23 24
02 08 09 13 15 29 30
05 06 13 15 16 22 29
02 08 11 16 18 24 27
01 04 13 19 21 22 26
02 10 12 14 17 23 28
01 08 13 15 19 22 28
04 07 13 14 18 23 27
02 03 04 19 20 28 30
02 04 09 10 22 28 31
02 04 09 13 22 27 29
01 04 07 12 24 28 30
03 09 11 14 19 22 28
07 08 10 14 16 24 27
06 11 12 14 15 20 28
01 03 14 18 20 21 29
05 06 10 11 20 24 30
03 07 12 14 17 26 27
03 07 16 17 18 22 23
04 05 06 16 20 24 31
03 06 10 18 19 20 30
04 06 09 18 19 24 26
01 04 13 19 20 21 28
01 10 13 14 19 22 27
02 03 09 15 18 28 31
06 07 10 18 19 20 26
01 09 10 13 18 27 28
01 03 04 14 26 28 30
01 04 06 18 23 26 28
01 05 06 08 25 30 31
03 04 11 16 19 22 31
02 05 12 14 15 27 31
04 07 12 16 17 21 29
04 09 11 13 15 24 30
02 05 12 17 20 24 26
02 06 12 17 19 20 30
05 07 08 12 20 23 31
01 03 15 18 20 22 27
04 08 09 11 19 24 31
01 02 05 13 26 29 30
02 07 10 12 15 29 31
05 07 11 12 17 24 30
05 08 10 14 17 24 28
02 07 15 16 18 21 27
02 09 14 15 19 23 24
01 03 10 17 18 26 31
01 10 11 17 18 24 25
02 06 11 15 19 23 30
02 06 10 13 19 27 29
08 09 10 12 15 25 27
06 07 08 10 19 27 29
06 11 13 15 16 19 26
05 06 12 14 17 25 27
02 08 13 17 18 22 26
02 07 12 13 18 24 30
07 09 12 13 16 23 26
06 08 11 14 19 20 28
02 04 05 12 25 27 31
01 05 16 17 18 22 27
01 04 07 09 24 30 31
04 05 14 15 17 21 30
03 04 07 14 22 25 31
01 06 10 17 18 23 31
03 10 14 15 16 22 26
01 08 09 12 21 25 30
01 09 11 18 20 23 24
02 07 16 17 18 22 24
02 06 10 17 19 25 27
04 05 10 18 19 22 28
07 08 10 12 13 27 29
04 08 10 11 21 23 29
01 02 04 19 23 28 29
05 08 13 16 18 21 25
02 09 10 13 21 24 27
03 09 12 13 16 26 27
05 11 12 14 15 19 30
04 08 11 12 16 24 31
01 05 06 18 23 25 28
03 04 07 12 24 26 30
01 04 07 19 20 26 29
02 08 14 17 19 22 24
01 03 05 22 24 25 26
01 11 14 17 18 22 23
08 10 11 13 14 24 26
04 08 11 17 18 19 29
06 07 08 16 17 21 31
02 09 11 15 16 26 27
01 09 10 14 16 26 30
02 04 08 18 19 24 31
02 10 15 17 18 19 25
06 07 11 14 18 22 28
05 07 08 14 20 24 28
06 08 10 12 19 20 31
02 10 13 15 18 21 27
04 10 13 14 18 19 28
02 07 09 16 22 24 26
01 04 09 14 23 25 30
03 05 15 16 18 23 26
05 06 14 15 18 22 26
01 08 13 15 22 23 24
02 08 11 12 19 24 30
02 06 07 10 21 29 31
02 04 14 16 22 23 25
05 06 08 10 22 26 29
01 06 15 18 19 21 26
01 02 09 13 24 28 29
05 10 12 14 18 21 26
05 06 12 15 17 21 30
04 10 14 17 18 20 23
04 06 11 15 21 23 26
01 09 13 18 20 21 24
01 03 09 18 21 24 30
03 06 09 16 21 23 28
04 06 07 19 21 22 27
01 05 11 12 24 26 27
02 09 10 11 16 28 30
04 06 07 17 21 22 29
06 07 09 10 21 22 31
02 10 13 14 16 25 26
06 08 10 18 19 20 25
02 07 08 14 18 27 30
01 02 06 21 23 24 29
01 02 09 14 23 27 30
05 11 14 15 18 20 23
04 05 13 14 20 24 26
01 05 08 12 23 27 30
02 06 07 17 19 27 28
02 03 09 17 20 26 29
03 04 11 17 21 24 26
02 08 13 14 18 24 27
03 09 14 15 20 22 23
01 03 14 16 22 23 27
03 06 08 16 19 23 31
02 04 07 09 24 29 31
03 10 11 14 17 23 28
05 06 08 09 24 26 28
04 09 11 12 15 26 29
02 08 13 15 18 21 29
03 04 14 15 21 23 26
03 05 09 18 20 23 28
01 03 10 14 19 28 31
02 08 13 14 20 23 26
02 08 10 16 19 20 31
04 07 10 12 14 28 31
02 07 09 13 17 28 30
03 04 11 13 19 26 30
05 08 12 13 18 19 31
04 09 10 12 20 25 26
05 08 10 15 16 25 27
03 09 10 13 19 24 28
03 05 11 13 20 26 28
01 06 10 16 18 25 30
01 03 12 15 20 26 29
04 07 12 18 19 22 24
03 04 05 21 23 24 26
05 08 12 15 19 20 27
07 08 12 13 14 21 31
02 06 07 19 20 21 31
03 04 08 13 19 28 31
05 09 11 12 17 22 30
03 05 09 12 22 26 29
03 04 12 16 19 23 29
02 05 08 15 20 26 30
05 12 14 15 16 21 23
07 08 12 14 15 22 28
04 07 13 14 19 22 27
06 09 12 13 15 21 30
04 09 10 16 19 21 27
01 04 09 15 16 30 31
02 04 05 21 22 23 29
03 09 14 15 16 19 30
02 03 06 15 20 29 31
01 08 09 15 16 28 29
05 06 09 12 21 23 30
05 06 10 12 20 24 29
03 08 12 16 17 22 28
01 06 12 16 17 25 29
03 07 08 17 18 26 27
02 10 13 15 18 19 29
06 09 11 16 17 18 29
02 07 12 16 19 24 26
05 06 08 15 16 25 31
07 08 10 15 16 22 28
06 07 10 14 17 24 28
04 09 11 13 14 26 29
01 06 08 19 20 23 29
04 08 13 14 15 24 28
01 04 08 21 23 24 25
02 04 16 18 19 21 26
01 04 13 14 20 26 28
01 06 12 14 16 28 29
05 07 12 14 19 24 25
04 06 11 12 19 26 28
03 04 10 15 22 24 28
01 05 09 12 21 28 30
05 10 11 12 16 23 29
04 08 14 15 16 24 25
03 07 13 14 18 20 31
05 12 13 14 17 22 23
07 12 14 16 17 18 22
04 10 11 16 17 18 30
02 09 14 17 18 22 24
03 07 08 10 22 27 29
01 06 09 12 21 27 30
01 03 06 21 22 24 29
04 12 13 15 16 20 26
06 07 09 16 21 22 25
01 05 09 12 22 26 31
04 05 10 14 18 25 30
07 08 10 13 17 24 27
06 07 11 14 21 23 24
01 07 10 17 18 24 29
06 09 12 13 20 21 25
01 06 12 15 19 26 27
08 10 12 13 16 22 25
03 09 11 12 16 24 31
06 08 13 14 20 22 23
06 11 12 13 15 21 28
03 06 08 14 22 23 30
01 04 13 15 22 24 27
04 07 12 13 22 23 25
03 08 10 12 19 25 29
06 07 12 13 19 20 29
03 06 13 14 20 21 29
03 09 11 14 17 22 30
03 04 05 12 22 29 31
03 05 10 19 22 23 24
05 07 09 10 22 25 28
05 06 09 11 16 29 30
02 06 09 13 23 26 27
08 09 12 13 17 18 29
06 07 10 11 20 24 28
06 07 12 13 17 25 26
04 07 09 12 17 27 30
03 13 14 15 18 21 22
02 05 12 14 18 24 31
03 06 07 17 18 27 28
03 08 10 14 19 22 30
07 09 10 15 20 21 24
02 07 09 12 22 26 28
01 04 12 13 16 29 31
03 05 06 10 23 28 31
01 09 11 14 20 25 26
01 03 04 19 22 28 29
03 09 14 18 19 21 22
02 05 10 17 22 24 26
01 12 13 14 16 19 31
01 03 06 18 21 27 30
04 05 08 09 19 30 31
03 05 12 14 16 25 31
04 06 13 14 18 20 31
01 03 10 15 24 25 28
01 08 09 13 22 25 28
01 02 08 19 20 25 31
01 08 11 16 22 23 25
01 08 09 14 20 23 31
01 09 11 14 20 23 28
01 05 10 11 24 27 28
03 06 11 16 21 24 25
04 09 10 15 17 24 27
04 06 08 16 20 21 31
04 05 08 13 22 24 30
03 07 11 14 16 24 31
01 06 12 15 19 22 31
03 09 11 12 22 24 25
01 06 13 18 20 21 27
03 06 09 12 20 25 31
01 09 11 16 20 24 25
01 04 14 17 21 23 26
01 05 12 13 21 26 28
04 07 11 15 17 22 30
04 09 10 11 19 26 27
01 12 13 14 16 22 28
01 08 14 16 17 22 28
03 11 14 16 17 22 23
02 06 08 15 20 25 30
01 02 05 14 24 29 31
05 07 10 12 13 28 31
02 03 08 18 19 26 30
04 09 10 16 18 20 29
01 05 15 16 18 21 30
06 11 13 14 15 23 24
02 04 05 14 24 26 31
02 07 08 10 23 25 31
05 09 11 16 20 22 23
05 08 12 14 20 23 24
07 08 11 14 17 20 29
03 04 07 14 22 26 30
05 06 10 16 19 20 30
03 10 13 15 19 20 26
04 06 10 11 21 25 29
01 11 13 16 18 23 24
02 06 12 17 22 23 24
04 10 11 12 18 25 26
02 05 08 09 23 28 31
01 09 13 14 19 24 26
06 08 12 15 16 23 26
03 07 10 16 20 21 29
02 05 06 12 26 27 28
05 08 11 14 19 20 29
05 06 08 18 19 21 29
03 06 10 13 14 29 31
06 09 10 11 17 24 29
02 06 12 14 18 23 31
01 02 07 14 23 28 31
06 07 11 12 15 27 28
01 03 08 20 23 25 26
02 04 13 14 22 25 26
04 05 08 12 21 25 31
04 06 09 10 24 26 27
02 04 08 14 23 25 30
09 10 11 15 17 20 24
02 05 14 15 16 24 30
04 06 10 12 23 24 27
03 06 13 15 20 22 27
02 06 07 15 24 25 27
06 09 10 13 15 22 31
05 07 11 18 20 21 24
02 04 05 11 24 29 31
02 07 08 14 22 24 29
03 08 10 13 16 25 31
03 05 12 16 17 22 31
01 12 13 14 19 20 27
08 11 13 14 17 20 23
06 09 10 12 13 27 29
10 11 14 15 16 18 22
03 06 13 14 18 22 30
08 10 12 15 16 17 28
06 07 10 16 18 23 26
02 11 13 15 17 22 26
03 04 08 10 23 27 31
02 09 15 16 17 22 25
05 08 10 15 18 24 26
02 09 13 14 17 24 27
04 10 13 14 18 21 26
01 04 08 20 23 24 26
03 09 11 17 20 22 24
04 07 11 17 19 20 28
05 09 10 12 15 27 28
01 06 13 15 20 23 28
02 04 05 18 20 28 29
01 03 11 15 22 26 28
03 05 09 18 19 22 30
06 07 12 17 18 19 27
05 07 08 13 18 27 28
02 03 10 15 23 24 29
06 10 12 13 17 18 30
06 09 10 17 20 21 23
06 07 11 12 19 20 31
04 05 10 12 19 25 31
02 03 11 16 23 24 27
06 09 12 14 16 19 30
05 08 09 12 17 27 28
07 08 14 16 18 21 22
01 10 11 15 16 24 29
03 04 09 16 19 26 29
02 07 08 10 23 27 29
02 09 15 16 18 21 25
04 07 11 12 18 24 30
04 07 15 17 18 20 25
02 05 08 13 23 27 28
01 02 04 19 24 26 30
01 09 11 14 17 24 30
02 04 09 19 21 23 28
02 06 08 17 21 22 30
02 09 11 16 19 24 25
02 05 11 16 20 24 28
07 09 10 12 18 23 27
07 09 10 13 16 21 30
04 07 08 11 22 24 30
02 12 14 16 18 21 23
01 08 11 17 20 24 25
04 08 14 15 17 18 30
03 04 13 16 18 24 28
06 12 13 16 17 19 23
04 05 11 16 20 21 29
01 03 05 18 20 29 30
02 06 09 10 20 28 31
08 09 11 13 14 23 28
05 06 07 18 20 22 28
04 05 12 14 16 24 31
01 05 07 12 22 28 31
02 03 07 15 18 30 31
03 10 12 16 17 20 28
07 08 09 16 17 21 28
04 09 11 12 20 23 27
01 06 07 16 17 29 30
01 11 12 14 15 26 27
02 05 09 15 19 26 30
03 05 09 11 20 28 30
01 04 06 15 25 26 29
05 09 10 14 15 23 30
06 07 08 16 19 21 29
03 08 10 11 23 25 26
03 07 11 12 15 28 30
02 03 12 16 18 25 30
05 07 08 11 21 26 28
02 05 15 16 17 21 30
04 10 11 16 18 22 25
05 09 10 14 17 22 29
02 04 09 18 22 23 28
02 04 05 15 24 26 30
02 07 09 18 19 24 27
04 06 14 17 18 20 27
02 07 11 14 18 23 31
05 06 09 16 21 22 27
01 02 09 10 25 28 31
06 08 11 18 19 21 23
06 09 12 15 17 20 27
04 07 12 16 19 22 26
05 06 10 15 20 23 27
02 05 15 17 18 24 25
07 08 09 11 18 26 27
02 12 13 15 16 20 28
03 04 09 17 20 23 30
02 04 12 17 20 23 28
06 07 14 16 17 18 28
05 08 10 13 15 24 31
01 07 14 16 17 20 31
02 05 10 16 18 25 30
01 04 11 18 19 22 31
02 05 07 11 26 27 28
02 06 09 17 19 24 29
03 12 14 16 19 20 22
02 05 17 18 20 21 23
02 08 09 14 17 27 29
07 09 10 14 19 23 24
04 07 09 12 22 24 28
01 10 11 18 19 23 24
03 06 11 15 16 26 29
04 05 07 14 21 25 30
06 08 10 13 18 22 29
01 02 06 14 24 29 30
02 06 11 13 22 25 27
01 08 10 14 16 28 29
04 06 10 14 18 23 31
03 04 08 16 22 23 30
01 05 09 12 22 27 30
01 06 11 19 20 24 25
09 10 11 13 14 22 27
03 05 11 16 18 25 28
01 07 11 12 18 26 31
02 03 15 16 19 21 30
01 12 15 16 18 19 25
03 04 07 16 22 24 30
03 04 14 18 19 20 28
05 06 12 13 20 22 28
04 08 11 14 19 20 30
04 06 09 14 19 24 30
04 07 12 13 21 24 25
08 11 13 15 17 20 22
02 07 09 16 20 21 31
05 07 11 12 16 25 30
01 05 13 17 18 22 30
06 07 13 14 21 22 23
01 05 14 19 20 23 24
02 05 13 18 21 23 24
02 03 14 15 21 24 27
01 05 10 14 22 26 28
03 06 12 15 16 25 29
04 06 10 12 21 25 28
02 06 11 13 15 28 31
02 08 15 17 20 21 23
01 11 12 16 19 23 24
01 08 14 15 18 21 29
02 08 13 16 21 22 24
03 05 07 14 22 24 31
06 09 11 12 18 19 31
04 06 07 10 22 27 30
01 06 09 14 15 30 31
04 05 12 16 20 21 28
01 04 05 19 20 28 29
03 04 10 13 22 25 29
07 11 12 14 15 21 26
02 06 12 19 20 23 24
04 08 13 16 17 18 30
04 09 10 12 13 28 30
01 04 07 17 20 28 29
07 08 10 13 19 20 29
01 06 13 18 19 20 29
04 11 15 16 18 20 22
02 06 11 15 17 25 30
02 07 11 13 23 24 26
03 04 11 13 18 27 30
02 03 12 14 22 25 28
01 07 08 10 20 29 31
05 06 13 18 20 21 23
03 05 13 14 17 24 30
03 04 09 20 21 23 26
03 05 12 18 20 21 27
03 05 15 16 19 22 26
01 08 14 16 20 23 24
05 06 11 15 18 20 31
02 07 12 17 19 23 26
06 08 09 10 22 25 26
02 07 09 16 17 27 28
03 04 10 11 19 28 31
04 07 09 11 22 26 27
03 08 09 18 19 22 27
04 11 13 14 15 22 27
01 02 09 14 25 26 29
06 10 13 15 17 22 23
03 06 12 15 19 25 26
03 05 10 12 18 27 31
02 03 09 16 23 26 27
02 08 15 16 17 21 27
01 10 13 16 19 23 24
01 03 08 17 23 26 28
02 07 11 12 14 29 31
01 08 09 12 17 29 30
04 08 10 16 19 21 28
04 06 10 16 19 20 31
03 04 07 10 22 29 31
02 07 09 17 22 23 26
03 04 05 12 25 27 30
02 08 13 14 19 21 29
02 07 12 16 17 24 28
01 04 17 19 20 22 23
06 07 09 11 16 26 31
02 06 13 14 20 23 28
02 06 11 15 19 26 27
05 10 12 13 17 20 29
01 05 07 15 20 28 30
07 09 10 14 21 22 23
02 05 10 13 19 27 30
02 05 07 10 23 28 31
01 05 14 15 17 24 30
06 09 11 15 20 21 24
03 04 12 18 19 21 29
04 05 08 15 20 25 29
01 09 15 16 20 21 24
02 06 07 18 22 24 27
01 06 07 11 22 29 30
05 06 12 14 18 25 26
01 09 10 15 21 24 26
02 07 08 12 22 25 30
07 09 10 15 16 20 29
03 08 09 11 22 24 29
02 05 09 18 21 23 28
02 06 07 16 21 25 29
04 07 11 14 19 21 30
02 09 12 13 21 24 25
01 05 12 16 19 25 28
06 10 11 14 18 23 24
01 09 12 13 16 25 30
03 09 10 17 20 21 26
03 10 11 15 16 23 28
04 08 12 16 19 21 26
04 05 13 15 18 20 31
04 11 13 14 17 21 26
05 08 11 13 14 24 31
02 05 06 19 22 23 29
01 04 09 16 22 23 31
06 08 11 14 18 19 30
03 04 07 14 23 25 30
01 02 06 10 28 29 30
03 10 12 14 17 24 26
03 12 13 14 16 18 30
02 03 05 12 26 27 31
02 11 14 16 19 21 23
05 08 10 16 18 20 29
01 02 12 13 24 26 28
01 04 05 14 22 29 31
05 06 07 11 22 26 29
05 07 11 14 15 24 30
02 04 05 09 27 29 30
02 05 09 14 22 23 31
05 09 10 11 14 28 29
02 06 13 14 22 24 25
02 05 12 14 17 25 31
01 06 15 16 19 23 26
03 08 09 10 21 25 30
06 07 11 12 18 24 28
06 08 10 14 21 22 25
03 06 12 15 16 26 28
02 09 11 14 18 21 31
03 04 11 14 23 25 26
03 04 11 13 17 28 30
04 06 10 14 16 25 31
02 03 08 09 24 29 31
01 10 12 13 19 24 27
02 07 11 14 15 27 30
03 07 09 16 20 22 29
02 04 08 16 21 24 31
03 06 16 18 19 21 23
01 04 06 17 22 27 29
03 04 08 14 21 25 31
04 08 11 14 18 25 26
04 05 13 14 20 21 29
02 03 10 14 17 29 31
09 10 12 14 17 19 25
03 08 13 15 18 23 26
08 10 12 16 17 20 23
05 07 12 14 15 22 31
01 09 10 18 19 24 25
01 06 08 15 19 28 29
05 07 08 12 18 25 31
01 04 07 16 25 26 27
03 06 12 13 14 28 30
07 09 14 15 19 20 22
05 07 08 12 20 26 28
02 09 11 13 16 24 31
06 07 10 12 19 23 29
03 10 12 17 18 20 26
06 09 11 15 18 22 25
02 03 06 15 21 29 30
04 05 08 15 21 22 31
03 04 12 13 17 26 31
05 09 11 12 16 25 28
03 07 08 18 20 21 29
01 04 11 15 21 26 28
02 03 10 18 19 25 29
07 08 09 16 18 22 26
02 04 16 17 20 22 25
03 10 11 16 17 21 28
02 07 10 13 21 25 28
03 11 15 17 18 20 22
01 04 05 20 21 26 29
02 05 07 14 24 25 29
01 06 13 15 18 22 31
02 09 10 17 19 23 26
07 10 14 15 17 18 25
03 04 12 17 18 24 28
02 03 04 17 20 29 31
08 09 11 15 18 22 23
02 07 09 11 20 26 31
05 08 11 15 16 21 30
01 04 08 17 18 28 30
04 05 09 17 20 24 27
01 03 04 18 24 26 30
03 06 08 09 21 28 31
01 04 05 21 22 26 27
05 09 12 16 20 21 23
06 08 10 14 19 20 29
05 06 08 09 25 26 27
06 07 13 14 17 22 27
02 05 11 17 20 23 28
02 07 08 18 19 23 29
01 02 07 15 22 29 30
05 06 12 18 20 22 23
03 08 12 13 17 26 27
06 10 11 14 15 22 28
06 08 09 14 16 24 29
01 02 14 15 23 25 26
03 07 10 17 18 24 27
02 08 12 14 17 24 29
03 06 08 11 19 29 30
01 03 12 14 19 28 29
01 08 14 16 18 20 29
02 03 09 17 18 28 29
02 09 11 15 22 23 24
02 04 07 14 19 29 31
04 09 11 14 17 20 31
03 04 06 10 23 29 31
03 04 06 13 22 28 30
03 09 14 17 19 20 24
03 06 15 16 18 22 26
03 10 12 16 18 23 24
04 08 12 15 20 21 26
01 07 15 17 18 22 26
05 09 10 12 13 27 30
01 03 16 18 19 23 26
02 10 12 13 15 26 28
04 05 10 16 18 25 28
03 07 08 14 23 24 27
04 06 10 11 22 25 28
03 08 14 15 17 18 31
05 07 10 14 15 24 31
02 03 04 19 20 27 31
01 04 10 18 19 23 31
02 11 13 14 17 24 25
01 12 13 15 19 22 24
01 03 06 18 23 25 30
03 05 07 08 22 30 31
05 06 11 13 20 22 29
01 07 08 15 22 23 30
01 08 11 15 17 26 28
06 07 08 17 18 21 29
01 08 12 13 19 24 29
03 06 08 16 21 24 28
04 11 12 14 17 23 25
04 07 10 11 17 28 29
03 07 11 12 22 25 26
02 07 10 13 18 26 30
04 10 11 14 16 23 28
01 02 16 17 19 20 31
02 09 10 13 14 27 31
01 07 14 15 20 21 28
05 07 08 17 18 25 26
06 07 12 13 21 23 24
04 05 06 15 20 26 30
02 04 15 17 21 23 24
04 07 09 11 22 23 30
04 06 10 13 19 23 31
06 10 11 13 14 24 28
01 07 12 13 22 25 26
02 06 13 17 20 23 25
06 12 14 16 18 19 21
05 06 10 15 16 24 30
05 06 07 13 20 25 30
05 10 12 14 19 20 26
08 11 12 14 16 22 23
03 07 13 18 20 21 24
01 06 12 18 19 24 26
03 05 07 10 25 26 30
02 06 08 18 20 23 29
03 06 07 16 18 26 30
02 04 06 16 19 29 30
06 09 10 13 19 22 27
02 11 13 14 19 22 25
04 06 12 16 19 22 27
02 06 10 17 18 22 31
01 04 06 16 20 29 30
03 04 12 15 21 24 27
02 08 12 16 17 25 26
02 04 08 11 24 26 31
02 09 10 12 15 28 30
03 06 11 14 23 24 25
02 06 10 15 23 24 26
01 07 10 14 17 26 31
01 02 04 15 25 29 30
02 07 10 15 19 22 31
02 06 09 18 21 24 26
05 11 12 13 18 20 27
01 11 13 16 18 20 27
03 06 12 16 18 25 26
03 07 13 16 21 22 24
04 05 11 14 19 22 31
07 09 11 16 18 19 26
05 07 10 15 18 21 30
04 07 13 14 18 20 30
02 08 13 15 16 22 30
03 04 11 15 16 26 31
04 05 08 15 21 24 29
03 08 09 10 21 27 28
02 06 07 18 20 25 28
01 06 14 17 21 23 24
04 06 09 17 20 24 26
01 04 13 19 20 24 25
06 08 12 14 20 21 25
05 06 07 16 17 26 29
03 12 13 15 17 18 28
01 04 10 12 23 27 29
07 08 09 11 14 28 29
03 07 09 10 22 27 28
01 13 14 16 19 21 22
03 08 13 14 18 24 26
02 08 11 14 19 21 31
03 06 09 15 16 26 31
02 05 12 13 17 26 31
04 06 10 11 17 27 31
06 07 11 12 22 23 25
02 04 07 21 23 24 25
05 08 10 11 23 24 25
06 07 12 13 16 25 27
03 04 10 15 18 25 31
03 04 08 14 22 25 30
03 07 08 16 18 26 28
02 05 14 15 16 26 28
03 08 16 18 19 20 22
01 04 08 19 20 23 31
02 05 14 16 17 25 27
01 02 07 14 26 27 29
05 08 11 15 16 20 31
04 06 11 16 17 24 28
01 04 13 16 19 24 29
01 03 09 17 22 24 30
03 04 07 12 23 26 31
04 05 14 15 18 21 29
04 05 11 13 15 28 30
06 08 12 15 17 21 27
02 03 15 16 18 21 31
02 03 07 10 24 29 31
02 09 11 14 15 26 29
04 09 12 15 16 21 29
01 07 13 14 22 23 26
06 08 10 14 18 21 29
02 03 06 15 24 26 30
02 05 06 07 27 29 30
03 07 08 12 15 30 31
02 06 08 09 21 29 31
01 04 05 12 25 29 30
04 05 14 15 16 24 28
07 08 12 14 18 22 25
03 10 14 16 17 20 26
02 07 13 16 17 25 26
01 05 09 15 22 26 28
02 04 14 16 19 24 27
03 04 08 20 21 23 27
05 10 14 17 19 20 21
01 03 13 14 22 25 28
03 11 13 15 18 20 26
02 09 15 16 20 21 23
04 06 09 13 21 24 29
02 03 14 17 19 24 27
03 08 09 18 19 23 26
02 04 07 13 24 27 29
03 10 15 17 18 20 23
02 03 13 15 23 24 26
02 05 13 14 22 24 26
03 10 13 14 15 23 28
02 07 12 13 19 26 27
02 07 11 12 15 29 30
02 03 13 14 22 25 27
03 04 08 11 20 29 31
01 06 07 15 22 25 30
04 05 15 17 18 20 27
03 04 06 10 24 29 30
04 06 10 18 21 23 24
04 08 09 13 14 28 30
02 12 14 15 19 21 23
01 04 09 17 20 26 29
06 07 08 12 20 23 30
04 05 10 12 21 26 28
02 06 13 14 16 25 30
01 08 09 15 22 25 26
02 06 09 14 21 24 30
04 05 12 15 17 25 28
02 10 13 17 18 22 24
04 05 16 18 20 21 22
01 06 13 14 21 23 28
02 04 07 12 22 28 31
05 10 11 14 19 20 27
05 06 08 13 15 28 31
08 09 10 15 17 22 25
02 09 13 15 19 22 26
07 09 10 13 18 20 29
05 10 12 13 14 24 28
04 08 09 14 18 22 31
01 08 13 17 20 22 25
05 12 13 14 17 21 24
03 04 11 18 19 22 29
01 02 14 16 19 25 29
04 06 07 13 22 24 30
02 09 13 16 17 20 29
05 08 15 16 18 20 24
03 07 10 15 17 24 30
05 06 10 14 20 22 29
03 08 09 15 18 22 31
02 06 09 14 24 25 26
01 02 12 16 19 25 31
06 10 13 14 16 20 27
01 09 13 14 21 22 26
04 05 09 14 21 22 31
02 03 05 08 28 29 31
04 07 10 14 15 27 29
07 08 12 14 16 22 27
01 03 17 18 21 22 24
05 09 10 12 16 23 31
07 09 10 15 16 22 27
02 05 11 13 18 28 29
02 07 08 12 21 26 30
04 05 06 11 23 26 31
06 08 10 14 20 21 27
03 06 13 17 18 22 27
01 02 13 16 18 25 31
01 06 07 16 22 25 29
09 10 12 13 17 19 26
04 05 09 14 22 23 29
02 03 09 12 25 26 29
04 10 11 15 17 20 29
03 04 12 15 16 26 30
02 06 14 15 16 25 28
03 06 07 16 20 26 28
02 07 11 16 18 22 30
01 06 12 14 16 27 30
02 08 09 11 23 24 29
06 08 12 16 18 19 27
01 06 07 19 20 23 30
02 07 13 14 19 21 30
02 07 11 16 18 25 27
03 05 07 18 21 22 30
02 03 04 21 23 26 27
05 07 12 17 19 20 26
02 11 14 17 19 20 23
05 07 08 12 22 24 28
07 08 10 15 18 23 25
03 04 06 19 21 24 29
02 04 11 19 22 23 25
01 07 12 16 22 23 25
06 09 11 12 15 23 30
07 09 13 17 18 20 22
02 05 07 11 22 28 31
01 08 11 17 19 20 30
03 07 09 10 18 29 30
03 09 10 14 16 24 30
02 06 12 15 19 25 27
02 06 09 13 22 25 29
05 10 11 13 14 25 28
01 02 13 18 22 24 26
03 07 11 16 19 20 30
02 06 10 18 19 21 30
02 05 11 15 23 24 26
04 10 12 14 18 23 25
01 09 10 13 21 24 28
01 06 09 18 22 24 26
07 08 10 11 16 23 31
03 06 10 18 21 23 25
03 12 15 16 19 20 21
02 09 14 18 19 21 23
07 08 11 15 16 21 28
03 06 11 17 18 21 30
03 04 12 17 19 21 30
07 08 12 13 16 23 27
04 07 10 12 17 26 30
09 10 12 14 15 19 27
02 04 09 19 23 24 25
05 08 09 11 20 23 30
05 08 11 14 19 24 25
01 05 10 18 22 23 27
06 10 12 16 18 19 25
03 04 13 15 21 22 28
03 09 10 17 19 20 28
02 04 06 15 24 26 29
05 10 11 13 19 22 26
02 03 08 14 24 27 28
01 04 11 14 23 25 28
01 06 14 15 21 22 27
01 04 08 14 24 25 30
03 11 14 17 18 21 22
03 05 06 16 23 25 28
02 09 14 16 18 21 26
02 07 11 13 15 28 30
03 04 11 18 21 23 26
02 03 11 18 23 24 25
05 07 13 15 16 20 30
01 06 07 15 20 27 30
01 03 07 08 28 29 30
07 09 12 16 17 18 27
06 07 09 16 19 23 26
01 04 13 16 19 23 30
03 05 06 17 22 26 27
03 08 09 17 18 23 28
02 04 12 14 15 29 30
03 08 12 15 17 21 30
01 07 08 13 21 26 30
04 08 10 12 20 23 29
04 08 10 11 23 24 26
04 06 09 16 21 22 28
04 10 12 13 17 19 31
04 06 07 15 22 25 27
02 03 09 19 23 24 26
03 04 12 18 20 24 25
05 08 10 13 19 23 28
08 11 14 15 16 20 22
03 05 06 09 24 29 30
07 09 10 16 18 20 26
02 03 11 14 24 25 27
04 08 09 18 20 23 24
03 04 11 12 23 25 28
02 05 09 11 21 28 30
01 03 05 18 23 26 30
03 11 12 17 18 20 25
05 08 12 16 20 21 24
01 04 07 15 24 27 28
01 05 14 18 20 22 26
05 07 12 13 18 23 28
03 07 10 15 20 23 28
01 04 08 18 24 25 26
01 03 14 17 20 22 29
06 07 11 12 18 21 31
03 05 10 19 20 23 26
02 08 09 10 22 25 30
05 07 12 16 17 24 25
03 07 13 16 18 21 28
08 09 11 14 17 19 28
02 08 14 15 20 23 24
07 09 10 13 14 23 30
06 07 09 17 18 21 28
02 05 13 17 21 22 26
05 06 08 15 16 26 30
07 08 09 17 18 21 26
03 07 10 13 23 24 26
02 04 09 17 22 23 29
02 06 12 13 17 25 31
04 09 10 13 14 26 30
06 10 12 13 18 22 25
08 09 10 13 19 22 25
06 07 12 14 17 21 29
01 09 12 16 21 23 24
02 03 14 15 20 24 28
03 05 08 18 20 23 29
01 08 15 16 18 23 25
03 06 14 16 17 20 30
04 06 11 14 18 23 30
02 05 12 17 19 24 27
02 03 08 12 24 27 30
05 07 12 13 22 23 24
07 10 13 14 15 22 25
04 05 08 18 20 23 28
01 03 06 13 25 28 30
03 05 08 12 17 30 31
02 05 09 14 22 24 30
02 08 09 10 23 24 30
04 06 08 09 23 26 30
05 08 10 11 21 24 27
05 06 11 14 20 21 29
05 07 12 15 17 24 26
01 09 10 13 18 25 30
01 03 05 20 22 27 28
04 11 12 13 19 20 27
02 04 09 16 21 25 29
01 02 15 17 18 23 30
04 05 08 10 23 25 31
02 06 12 13 14 28 31
04 07 09 15 20 22 29
04 07 14 17 18 19 27
02 06 09 17 19 23 30
04 05 08 13 21 25 30
07 08 10 11 19 21 30
01 04 08 16 22 27 28
01 04 14 17 22 23 25
03 06 11 13 15 28 30
05 06 08 09 22 26 30
03 06 07 15 22 23 30
03 05 11 14 15 28 30
02 05 13 14 17 25 30
03 07 13 15 18 20 30
02 05 07 16 21 26 29
02 10 11 13 17 24 29
03 06 10 11 17 29 30
04 06 07 08 24 28 29
02 05 08 11 23 26 31
05 09 10 11 16 25 30
02 04 15 18 20 23 24
04 09 10 18 19 21 25
04 06 09 19 21 23 24
01 02 07 16 24 27 29
01 03 11 14 19 28 30
05 08 10 14 20 22 27
07 08 09 11 19 22 30
03 04 12 15 20 25 27
04 08 12 15 20 23 24
03 07 10 18 19 21 28
01 06 10 14 16 29 30
02 07 11 13 19 24 30
02 10 13 15 19 23 24
02 12 14 15 17 20 26
02 03 12 16 20 25 28
04 09 11 18 19 20 25
04 09 10 11 18 23 31
03 08 11 15 19 22 28
04 06 10 14 19 22 31
02 08 09 16 20 25 26
02 07 09 11 18 29 30
06 07 08 14 16 27 28
08 09 10 17 19 20 23
01 07 12 14 23 24 25
05 11 12 13 16 21 28
02 05 08 16 21 25 29
03 05 07 12 18 30 31
02 03 08 21 22 24 26
04 07 09 16 20 24 26
02 06 08 16 17 27 30
03 04 05 15 23 26 30
02 03 11 14 16 29 31
07 09 10 11 13 26 30
07 10 15 16 17 19 22
07 12 13 14 16 17 27
03 10 11 17 19 20 26
03 08 10 15 17 23 30
05 08 09 11 16 28 29
05 11 12 14 15 23 26
04 05 11 13 22 25 26
03 05 08 10 23 28 29
04 08 09 10 20 24 31
04 05 07 15 20 24 31
02 04 09 12 22 27 30
02 08 16 17 18 21 24
02 04 14 15 19 21 31
01 08 09 14 21 23 30
02 04 09 16 21 24 30
01 06 13 16 19 23 28
07 08 10 12 15 23 31
02 07 14 16 18 21 28
05 09 12 14 17 24 25
01 02 05 15 24 28 31
04 05 11 17 20 21 28
05 07 12 14 16 25 27
02 04 13 15 17 24 31
04 05 13 19 20 22 23
07 10 11 14 19 22 23
01 09 11 14 18 23 30
04 07 14 15 17 19 30
09 10 11 14 15 18 29
01 03 14 16 21 23 28
07 08 11 12 17 25 26
03 08 12 14 20 23 26
04 08 11 13 21 23 26
02 05 07 13 18 30 31
05 09 10 14 21 23 24
02 05 12 16 18 22 31
02 04 08 17 22 25 28
07 10 12 14 16 22 25
05 10 13 15 17 18 28
03 04 09 19 22 24 25
04 08 09 10 21 25 29
01 09 10 17 20 23 26
03 08 09 14 20 24 28
04 09 11 16 20 21 25
03 07 11 12 20 25 28
05 11 12 16 17 19 26
01 07 10 15 22 23 28
01 05 14 17 22 23 24
02 05 06 14 23 25 31
02 05 13 15 20 24 27
02 10 13 14 19 21 27
05 07 12 16 17 20 29
07 09 12 13 17 22 26
03 09 12 16 18 22 26
04 05 06 15 21 24 31
02 06 10 13 18 28 29
08 09 10 12 18 23 26
02 06 10 11 23 25 29
04 07 08 16 21 24 26
06 07 11 12 18 25 27
02 05 06 19 21 22 31
01 05 06 16 23 24 31
02 06 10 14 23 25 26
03 04 07 12 20 29 31
01 07 09 10 20 28 31
06 11 12 13 19 20 25
03 09 10 11 18 27 28
02 03 08 13 24 26 30
04 08 10 12 14 27 31
04 08 11 13 17 23 30
01 12 14 17 18 21 23
07 10 14 16 17 18 24
05 09 12 14 16 21 29
01 02 07 19 22 24 31
04 08 12 14 19 22 27
01 06 07 15 20 26 31
04 07 08 09 23 27 28
02 07 09 13 20 27 28
04 05 08 16 20 25 28
01 09 12 15 16 26 27
05 10 11 14 17 18 31
02 04 11 13 19 27 30
06 08 09 10 19 23 31
04 07 08 16 21 22 28
04 07 14 15 19 22 25
02 10 12 16 18 23 25
04 08 09 13 20 22 30
02 07 08 16 21 24 28
02 06 08 12 25 26 27
01 04 11 14 17 28 31
01 06 14 15 20 21 29
05 10 13 14 15 22 27
04 12 13 16 18 20 23
03 05 09 13 20 26 30
01 02 03 18 24 27 31
04 06 12 19 20 22 23
02 05 08 12 21 27 31
07 09 11 12 20 23 24
01 03 12 18 19 24 29
03 04 13 16 20 22 28
01 07 09 14 18 28 29
06 07 10 16 18 19 30
06 07 11 14 15 26 27
03 06 07 18 20 22 30
01 05 08 18 20 24 30
04 06 10 11 18 28 29
01 08 14 16 18 22 27
03 04 14 15 18 21 31
02 03 06 14 25 26 30
04 09 10 14 18 20 31
02 06 11 13 21 25 28
01 02 05 21 24 26 27
04 09 10 15 20 23 25
04 05 06 11 19 30 31
04 09 10 17 18 20 28
01 08 11 14 23 24 25
01 03 06 21 24 25 26
03 06 13 14 22 23 25
02 05 08 14 20 28 29
04 09 12 14 15 23 29
05 08 10 15 18 23 27
02 04 12 19 21 23 25
03 07 11 14 22 24 25
02 04 09 15 22 23 31
02 08 11 14 16 24 31
02 04 09 15 21 26 29
03 04 08 16 20 24 31
07 09 10 13 21 22 24
05 10 12 14 16 23 26
01 12 13 14 17 18 31
02 07 12 14 20 25 26
01 06 12 14 20 25 28
03 10 12 15 16 23 27
06 07 10 15 16 21 31
01 10 14 15 17 20 29
02 03 08 14 20 29 30
02 09 11 14 16 25 29
04 07 10 11 19 24 31
01 07 08 14 18 28 30
03 08 10 15 21 22 27
01 06 13 14 18 26 28
04 05 14 16 19 22 26
06 09 11 13 14 22 31
04 05 08 15 18 25 31
03 04 14 17 19 20 29
02 09 13 15 16 21 30
10 11 13 14 15 19 24
03 12 13 15 16 17 30
03 09 11 12 18 25 28
01 09 14 15 16 25 26
02 03 07 14 21 28 31
06 10 13 15 16 22 24
06 09 10 14 20 22 25
01 04 12 18 19 21 31
05 08 11 15 16 23 28
01 04 14 15 20 23 29
02 05 06 09 26 28 30
02 06 11 17 19 25 26
01 07 11 15 22 24 26
02 07 08 17 18 24 30
01 04 14 18 19 24 26
02 05 10 12 24 26 27
03 06 12 13 19 26 27
04 08 10 14 15 24 31
04 11 12 13 15 23 28
01 08 14 16 18 24 25
01 03 06 14 22 29 31
06 07 10 15 17 20 31
07 08 11 14 16 22 28
01 02 07 16 20 29 31
03 04 10 14 23 25 27
01 05 13 14 23 24 26
02 05 14 15 19 24 27
02 07 15 16 21 22 23
02 03 05 15 24 26 31
02 03 10 16 19 27 29
05 06 11 13 18 23 30
04 06 08 14 21 22 31
03 09 13 14 19 20 28
06 07 09 17 20 22 25
05 07 12 14 17 21 30
03 08 09 13 18 27 28
01 03 06 19 23 24 30
01 13 14 16 18 20 24
07 12 13 16 17 19 22
01 07 13 14 18 22 31
04 05 07 11 22 27 30
10 12 13 16 17 18 20
01 09 12 13 21 24 26
01 02 14 16 19 24 30
09 10 11 14 15 21 26
01 04 12 15 18 25 31
03 05 10 12 23 26 27
04 07 10 18 19 20 28
03 10 12 14 19 21 27
04 06 12 14 18 21 31
04 10 11 16 17 19 29
05 06 12 14 16 24 29
05 06 07 17 22 23 26
01 08 10 16 19 23 29
04 10 14 15 16 23 24
04 05 09 12 22 23 31
02 05 07 13 24 25 30
04 07 08 11 18 28 30
02 06 09 14 22 26 27
02 07 10 13 15 29 30
01 08 10 11 23 26 27
01 02 15 16 20 24 28
01 03 14 18 21 22 27
01 02 08 13 25 27 30
02 03 14 16 19 22 30
04 05 08 14 22 24 29
02 04 08 17 19 27 29
06 08 11 13 21 22 25
01 02 09 12 24 28 30
04 06 13 16 17 23 27
08 10 12 15 16 22 23
04 05 12 15 18 22 30
03 05 06 14 17 30 31
05 10 13 16 18 21 23
03 06 10 15 22 23 27
02 06 09 18 19 22 30
01 04 06 11 26 28 30
02 03 11 16 18 25 31
03 07 09 10 22 25 30
02 03 10 16 24 25 26
03 12 13 14 18 21 25
04 09 16 17 19 20 21
02 03 14 15 17 25 30
05 07 10 12 19 26 27
04 05 08 17 20 24 28
02 07 12 14 18 23 30
01 05 09 18 20 24 29
02 06 15 16 19 23 25
03 08 10 13 15 28 29
02 07 09 15 20 23 30
05 07 09 15 20 22 28
02 06 12 18 19 23 26
01 09 12 14 16 26 28
01 04 10 16 18 28 29
03 05 08 15 21 26 28
02 03 17 18 20 21 25
04 11 12 13 17 23 26
04 10 13 16 17 20 26
06 09 11 12 14 23 31
03 08 10 14 19 24 28
02 08 14 15 17 22 28
03 08 11 17 21 22 24
04 06 10 12 22 25 27
03 05 08 18 21 25 26
05 08 11 14 15 24 29
03 06 09 19 20 22 27
03 08 12 14 17 22 30
05 08 10 17 19 20 27
03 09 10 14 20 22 28
02 03 10 15 23 26 27
01 03 09 16 22 25 30
01 07 10 14 19 24 31
02 03 14 15 19 24 29
02 03 11 16 22 24 28
03 09 10 11 20 25 28
02 04 13 15 18 23 31
03 04 09 12 22 27 29
02 05 06 16 22 27 28
03 07 12 16 17 24 27
02 12 13 14 19 21 25
05 06 15 16 19 21 24
05 06 09 16 21 23 26
03 04 07 11 24 26 31
01 04 05 16 25 26 29
03 06 07 13 24 26 27
05 06 11 12 23 24 25
04 09 10 14 17 25 27
02 03 09 14 24 25 29
02 08 09 11 19 27 30
02 07 11 15 17 26 28
03 08 09 18 20 23 25
02 05 06 12 23 28 30
02 08 12 14 18 25 27
01 02 07 15 22 28 31
04 12 13 15 19 21 22
08 10 12 16 17 18 25
02 06 10 14 23 24 27
01 02 08 14 22 29 30
04 06 08 10 21 26 31
01 05 08 10 22 29 31
02 03 04 14 26 27 30
06 12 13 15 17 20 23
07 10 12 13 15 21 28
02 03 16 18 20 22 25
02 05 11 13 21 26 28
05 09 12 13 18 19 30
07 08 09 15 18 22 27
07 08 09 18 19 21 24
01 06 17 18 20 21 23
05 09 10 11 18 23 30
03 10 14 15 18 22 24
02 07 10 14 19 24 30
07 10 12 13 14 19 31
02 09 10 16 18 25 26
03 04 13 16 18 21 31
03 05 10 12 17 29 30
02 03 09 14 23 25 30
03 07 13 16 17 24 26
02 05 12 17 19 25 26
05 10 14 17 18 20 22
01 06 12 13 22 24 28
04 07 10 14 19 25 27
04 05 06 09 23 29 30
01 04 10 14 18 29 30
03 10 11 17 18 19 28
03 04 09 11 24 25 30
01 08 14 19 20 21 23
03 09 10 12 21 24 27
01 09 13 14 18 21 30
02 08 11 13 21 24 27
05 06 12 18 19 21 25
02 03 14 19 20 22 26
04 09 11 17 19 20 26
06 07 14 15 17 22 25
02 05 10 12 23 26 28
01 06 08 14 22 27 28
06 09 10 11 15 25 30
01 08 11 13 16 28 29
04 09 12 13 15 22 31
02 04 06 17 20 26 31
01 06 07 16 21 25 30
02 04 08 16 21 27 28
01 03 08 19 22 25 28
01 03 07 11 26 28 30
01 04 10 15 22 26 28
02 03 12 14 19 27 29
02 09 10 13 15 28 29
01 04 14 15 18 23 31
06 07 13 14 16 24 26
04 06 12 13 21 23 27
01 05 06 19 20 25 30
04 08 11 14 15 23 31
02 10 11 14 18 25 26
06 08 09 11 20 24 28
02 10 14 15 17 20 28
03 08 09 16 18 21 31
03 10 11 14 19 23 26
04 06 07 11 20 27 31
03 12 14 17 19 20 21
01 07 13 16 18 20 31
02 06 10 18 22 23 25
05 06 07 19 20 22 27
06 07 11 15 16 20 31
01 04 14 16 19 23 29
04 08 12 13 17 22 30
03 10 12 15 18 21 27
06 12 13 15 16 17 27
04 10 13 14 18 22 25
03 11 12 13 17 24 26
01 02 04 21 23 26 29
01 03 08 09 27 28 30
05 10 11 12 18 24 26
03 06 10 11 23 25 28
02 04 14 17 19 23 27
02 04 09 13 20 28 30
07 08 10 13 20 23 25
04 09 11 13 18 21 30
04 08 09 13 20 21 31
04 12 13 17 18 20 22
01 04 14 16 19 21 31
03 04 12 16 17 23 31
02 05 15 17 19 22 26
01 03 06 17 21 28 30
05 09 10 12 17 23 30
02 07 08 10 19 29 31
04 09 11 13 18 23 28
01 04 14 16 18 22 31
05 10 12 16 17 18 28
02 12 13 14 16 20 29
01 08 11 16 20 23 27
02 08 09 12 14 30 31
10 11 12 14 15 16 28
03 05 13 14 20 25 26
06 07 09 11 20 22 31
02 10 13 17 18 20 26
06 07 08 12 22 24 27
03 06 16 17 19 22 23
02 06 12 14 16 27 29
01 08 11 14 15 28 29
01 04 07 21 22 23 28
07 09 13 14 19 20 24
04 05 11 13 22 24 27
04 11 13 14 18 21 25
02 07 08 13 17 29 30
02 10 13 16 18 22 25
03 07 10 19 20 23 24
03 06 08 12 22 26 29
05 09 10 13 15 24 30
03 09 12 16 19 23 24
06 08 10 13 19 22 28
05 08 12 13 20 22 26
01 07 08 11 25 26 28
04 05 10 13 18 25 31
08 09 12 15 16 20 26
01 06 12 15 20 23 29
10 12 13 15 16 17 23
02 03 04 21 23 25 28
06 07 12 14 15 25 27
03 07 10 14 17 25 30
03 10 14 16 19 21 23
02 06 08 11 24 26 29
04 07 11 16 17 21 30
04 07 10 13 16 26 30
03 07 13 16 19 22 26
02 06 09 10 21 28 30
02 05 10 13 19 26 31
03 06 07 09 25 26 30
03 06 09 10 21 28 29
04 06 10 18 20 21 27
05 12 13 14 16 22 24
04 07 10 13 18 23 31
05 08 12 17 18 20 26
03 08 13 14 20 22 26
05 06 11 16 17 24 27
02 05 13 16 20 24 26
08 10 11 13 14 21 29
03 04 09 10 24 25 31
04 05 10 14 18 24 31
07 09 10 16 17 19 28
04 05 11 16 22 23 25
02 07 10 16 17 24 30
02 03 07 16 22 25 31
02 10 13 17 18 21 25
04 07 11 12 16 27 29
01 03 08 13 26 27 28
04 10 12 14 16 19 31
02 04 11 13 22 26 28
06 12 15 16 18 19 20
01 06 12 18 22 23 24
02 07 09 16 19 22 31
04 06 10 13 22 24 27
01 08 12 14 17 23 31
03 09 12 15 18 19 30
01 06 09 20 22 23 25
06 08 09 10 18 27 28
01 07 13 14 21 24 26
05 08 12 17 18 19 27
04 06 12 13 17 23 31
02 05 06 14 23 26 30
01 06 10 13 17 29 30
02 04 12 14 15 28 31
02 07 08 15 22 24 28
02 04 12 16 17 27 28
02 09 14 16 17 22 26
02 05 10 13 16 29 31
01 04 09 14 23 26 29
02 03 04 21 22 26 28
03 06 10 16 20 24 27
03 06 08 11 23 25 30
05 10 11 14 16 19 31
02 08 09 13 18 27 29
03 09 15 18 19 20 22
01 02 08 17 23 24 31
03 09 12 14 15 24 29
04 05 10 13 22 25 27
03 06 13 16 19 21 28
04 05 13 14 19 22 29
05 07 12 18 20 21 23
06 08 09 15 21 22 25
07 08 09 11 20 24 27
01 03 08 18 23 24 29
04 05 10 14 18 27 28
01 04 13 15 21 24 28
06 08 11 13 15 22 31
02 03 14 16 20 25 26
02 07 15 16 20 22 24
04 07 14 17 19 20 25
06 12 13 15 16 20 24
03 05 10 14 23 25 26
02 05 12 16 19 22 30
02 10 13 15 16 22 28
04 08 09 17 19 20 29
04 07 08 12 14 30 31
01 05 13 16 18 25 28
02 05 08 09 22 29 31
04 07 10 18 20 21 26
05 07 12 13 20 23 26
06 07 12 13 14 24 30
07 10 14 15 16 20 24
03 11 13 14 16 20 29
01 06 08 11 20 29 31
07 08 11 14 19 20 27
02 06 08 13 20 28 29
01 05 10 14 23 25 28
02 08 13 14 16 22 31
01 08 11 12 15 29 30
01 06 13 16 18 23 29
02 05 07 16 20 25 31
04 08 10 11 19 23 31
04 12 14 15 18 19 24
02 03 04 18 22 26 31
06 07 08 13 21 23 28
03 05 08 11 20 29 30
01 08 12 14 17 26 28
02 03 05 17 20 29 30
03 05 09 12 18 28 31
02 05 07 16 21 27 28
01 06 15 16 18 24 26
01 10 14 15 16 19 31
03 07 12 15 16 23 30
03 08 12 15 18 21 29
05 09 12 16 18 21 25
02 06 12 14 19 26 27
01 07 09 12 23 24 30
01 02 13 14 22 25 29
03 04 12 15 21 22 29
05 07 13 14 20 22 25
05 06 11 12 19 26 27
04 07 10 17 18 21 29
03 07 11 18 20 22 25
05 08 12 14 18 20 29
05 06 09 11 22 25 28
04 06 09 10 22 24 31
05 08 12 16 17 21 27
02 05 13 19 20 21 26
01 03 08 19 20 24 31
02 04 07 11 23 29 30
03 04 10 16 18 24 31
03 05 08 13 19 28 30
03 06 13 15 20 24 25
04 11 14 15 18 19 25
03 08 11 15 22 23 24
02 07 08 11 22 26 30
02 10 13 14 18 22 27
02 04 06 14 20 29 31
02 10 12 13 18 25 26
04 07 12 13 15 25 30
02 06 10 16 17 25 30
05 11 12 13 18 23 24
02 05 09 10 23 26 31
01 08 10 17 21 23 26
03 04 14 16 17 22 30
02 08 16 17 18 20 25
03 04 08 11 23 26 31
02 05 13 16 20 23 27
02 04 05 16 25 26 28
05 07 10 13 22 24 25
06 09 10 14 17 21 29
06 07 11 16 17 24 25
04 09 10 13 21 22 27
06 08 12 17 18 20 25
03 11 14 15 18 22 23
02 03 08 17 23 26 27
08 09 10 13 17 22 27
01 05 07 12 24 27 30
07 08 09 12 18 22 30
02 05 09 17 20 25 28
02 06 15 16 17 24 26
02 04 12 13 21 25 29
02 04 07 12 23 28 30
03 04 08 11 24 25 31
08 11 13 15 16 20 23
06 07 09 13 20 22 29
04 08 10 18 19 21 26
01 07 08 13 19 28 30
04 05 11 12 14 29 31
01 04 10 13 18 29 31
02 07 09 13 16 29 30
03 10 12 16 18 19 28
01 09 14 18 19 20 25
03 09 10 12 17 26 29
02 03 06 19 21 24 31
04 08 12 17 18 23 24
02 07 08 16 22 25 26
06 09 11 12 19 24 25
02 08 16 17 18 22 23
03 06 09 10 22 25 31
04 05 11 13 18 25 30
05 07 08 12 21 23 30
01 05 06 16 22 27 29
01 02 08 15 21 29 30
03 09 10 12 15 28 29
03 06 07 13 22 25 30
03 05 11 14 23 24 26
02 04 07 16 23 24 30
02 04 13 15 22 23 27
02 04 12 13 16 29 30
05 06 11 14 15 24 31
01 02 07 16 24 26 30
06 11 12 13 17 23 24
01 02 14 15 19 24 31
04 06 09 10 23 24 30
09 11 13 16 18 19 20
03 07 10 17 18 22 29
03 04 09 16 22 23 29
01 07 08 14 21 24 31
03 04 11 15 21 24 28
08 09 11 14 19 20 25
01 05 06 18 20 25 31
01 09 13 14 18 22 29
03 08 10 14 15 25 31
04 05 10 13 21 24 29
03 09 12 14 20 21 27
02 06 09 18 19 21 31
05 09 11 12 18 23 28
04 06 10 13 22 25 26
02 06 08 09 25 27 29
07 09 11 12 14 23 30
03 06 12 15 19 22 29
01 04 10 16 20 25 30
01 02 13 14 17 28 31
03 08 10 15 19 23 28
03 05 08 13 23 24 30
08 09 12 15 18 20 24
04 08 11 13 19 22 29
04 05 06 15 22 26 28
03 05 08 14 20 25 31
02 04 07 13 22 28 30
07 08 10 15 18 22 26
06 11 12 14 17 19 27
04 12 13 14 16 20 27
09 10 14 15 16 20 22
01 04 05 19 22 26 29
02 08 09 12 20 25 30
02 04 07 17 20 26 30
01 03 14 17 18 23 30
03 08 11 16 21 23 24
07 09 12 14 17 18 29
02 06 07 17 22 23 29
01 08 09 14 22 23 29
03 11 12 16 19 20 25
03 05 08 10 25 27 28
02 06 10 15 18 27 28
06 08 13 17 18 21 23
03 05 10 13 16 28 31
01 05 12 18 19 25 26
03 06 09 12 23 24 29
04 09 11 15 16 22 29
04 06 07 12 16 30 31
04 12 14 16 17 20 23
05 06 07 12 21 25 30
07 08 09 11 12 29 30
06 07 09 14 21 22 27
05 06 14 16 20 22 23
02 03 08 11 25 26 31
02 09 11 14 16 23 31
02 04 12 18 21 23 26
10 12 13 15 16 18 22
02 08 10 12 17 26 31
01 09 11 12 15 28 30
02 06 07 14 16 30 31
04 09 10 11 22 23 27
01 06 10 17 21 23 28
06 10 12 14 19 20 25
05 06 07 17 21 22 28
02 04 10 16 22 25 27
01 10 13 16 19 20 27
05 09 12 13 16 21 30
05 07 09 14 20 24 27
02 05 15 16 18 20 30
03 10 12 16 17 18 30
03 08 13 16 18 23 25
05 07 12 13 18 20 31
02 03 10 15 19 26 31
03 04 12 16 20 22 29
06 07 15 16 19 21 22
03 06 08 14 21 23 31
01 02 11 14 23 27 28
08 10 15 16 18 19 20
02 03 15 18 19 20 29
03 07 11 16 18 23 28
04 05 11 13 20 25 28
01 05 06 19 22 23 30
05 06 12 15 19 22 27
03 08 11 16 19 23 26
02 07 08 16 19 26 28
02 08 11 13 18 25 29
02 07 10 13 19 24 31
01 07 12 15 17 24 30
05 08 12 14 15 25 27
04 06 08 19 20 21 28
01 03 06 19 23 26 28
05 08 10 12 15 26 30
04 09 14 15 18 22 24
04 07 13 15 17 20 30
04 07 10 16 17 22 30
03 07 09 12 17 28 30
02 03 05 12 24 29 31
01 04 13 15 20 25 28
04 05 08 13 18 28 30
04 06 07 10 23 26 30
02 08 14 16 19 21 26
01 02 09 10 26 27 31
04 11 14 15 19 20 23
04 09 10 13 22 23 25
03 07 11 14 21 22 28
01 02 12 18 23 24 26
01 08 15 16 19 21 26
02 11 13 14 18 21 27
02 08 12 14 22 23 25
07 09 10 14 16 21 29
01 03 11 14 24 25 28
02 03 11 17 19 24 30
01 04 12 14 15 29 31
01 08 09 12 23 25 28
05 06 08 15 21 23 28
06 07 11 13 14 24 31
01 02 15 16 18 25 29
01 07 13 16 18 21 30
02 06 11 14 19 24 30
01 05 13 15 20 24 28
06 09 10 11 19 24 27
03 11 12 14 18 22 26
01 06 11 17 22 24 25
02 06 07 13 22 25 31
05 06 10 16 18 20 31
07 08 11 12 15 23 30
01 08 10 13 21 26 27
02 04 12 13 22 26 27
01 04 05 14 23 28 31
01 02 13 17 18 25 30
04 09 12 13 17 20 31
05 06 09 12 20 26 28
01 10 13 14 16 24 28
03 08 12 16 20 22 25
02 06 14 17 19 21 27
03 11 12 14 19 20 27
01 08 09 10 21 27 30
08 09 11 13 18 20 27
01 03 04 14 25 29 30
02 03 07 18 20 26 30
02 03 11 14 17 29 30
03 07 08 13 21 26 28
02 03 05 16 20 29 31
03 06 13 14 15 24 31
01 03 12 14 20 27 29
02 07 09 14 19 27 28
04 06 11 18 19 20 28
07 09 12 13 14 22 29
01 09 14 15 18 20 29
09 10 12 13 16 19 27
07 09 10 12 18 20 30
02 05 07 12 24 25 31
02 10 13 18 19 20 24
03 04 13 14 15 27 30
06 09 12 14 20 22 23
07 10 12 15 18 20 24
03 09 10 12 18 25 29
04 07 12 14 19 20 30
02 11 12 16 18 23 24
05 08 11 13 22 23 24
04 11 14 15 16 18 28
02 03 13 14 21 25 28
01 04 10 11 23 28 29
06 08 09 10 20 22 31
01 05 10 19 20 24 27
01 03 08 09 26 29 30
01 06 12 15 20 24 28
01 05 08 14 23 24 31
02 09 12 13 16 25 29
02 08 13 15 19 20 29
02 05 09 17 20 24 29
01 06 10 13 23 25 28
04 07 13 14 17 22 29
04 06 11 16 21 23 25
01 06 08 09 25 28 29
05 10 12 13 17 19 30
01 02 06 17 24 26 30
04 10 11 16 17 20 28
02 04 05 17 24 25 29
01 08 12 16 17 25 27
02 06 11 12 23 24 28
04 06 07 13 23 26 27
01 09 12 15 18 21 30
03 06 10 17 18 21 31
05 10 12 16 17 22 24
01 11 12 16 18 23 25
01 06 13 17 18 23 28
04 05 11 17 22 23 24
07 09 10 16 17 22 25
04 05 10 18 21 22 26
05 07 11 12 16 27 28
06 11 12 16 17 19 25
01 02 13 16 21 25 28
01 04 15 17 20 21 28
02 03 12 14 21 25 29
07 09 12 14 15 20 29
01 08 13 15 20 24 25
04 05 12 14 16 26 29
03 09 13 16 17 18 30
02 10 12 15 16 24 27
01 04 14 16 18 23 30
05 06 10 13 15 27 30
01 06 07 14 23 24 31
05 09 10 13 18 21 30
04 09 10 12 17 24 30
02 05 06 15 24 25 29
02 03 09 17 22 26 27
01 08 10 16 19 22 30
02 10 14 17 19 21 23
02 04 07 15 21 27 30
04 11 13 16 17 21 24
02 07 11 16 18 21 31
02 05 08 11 23 28 29
02 04 06 16 22 27 29
03 11 12 14 15 23 28
02 08 11 14 15 25 31
01 09 12 16 19 24 25
04 10 14 16 17 22 23
01 02 13 14 19 26 31
02 05 09 13 18 29 30
07 08 09 11 19 24 28
01 05 08 18 19 26 29
05 06 07 11 22 25 30
02 05 10 17 18 25 29
05 07 10 13 17 24 30
01 05 09 12 25 26 28
03 10 13 14 17 21 28
06 10 11 17 19 20 23
06 07 14 16 19 20 24
01 05 09 10 22 28 31
07 08 11 12 14 24 30
05 10 11 13 17 22 28
05 06 09 19 21 22 24
03 06 08 11 22 25 31
03 05 06 20 21 23 28
02 06 09 17 21 25 26
02 06 07 13 23 26 29
02 07 13 14 20 21 29
04 07 09 14 16 27 29
02 10 15 16 17 19 27
03 08 11 17 19 20 28
03 07 10 12 21 25 28
03 06 12 17 19 20 29
01 08 12 15 16 25 29
04 09 12 13 16 21 31
02 05 11 12 19 27 30
01 12 13 15 19 20 26
03 04 14 15 16 24 30
06 09 10 12 18 20 31
03 11 13 14 16 21 28
05 08 10 13 18 23 29
01 04 10 17 20 25 29
04 08 11 13 14 26 30
02 04 07 17 22 25 29
03 07 12 17 18 23 26
03 06 10 17 18 22 30
05 06 07 09 20 29 30
05 07 08 18 19 22 27
01 07 11 18 20 23 26
04 05 14 16 18 24 25
02 03 07 19 20 26 29
04 05 10 11 23 24 29
05 11 12 16 18 20 24
02 13 14 15 18 21 23
03 08 13 15 16 21 30
03 06 07 11 21 28 30
01 07 09 17 22 24 26
02 06 07 11 20 29 31
02 04 09 14 22 27 28
05 06 07 10 22 26 30
04 07 12 16 17 22 28
01 05 14 16 19 25 26
08 09 12 15 18 21 23
07 09 10 12 16 21 31
01 02 12 17 23 25 26
06 10 11 12 14 25 28
03 07 10 15 18 22 31
03 08 11 12 17 25 30
04 08 13 14 20 22 25
01 03 13 15 20 26 28
01 03 14 15 22 25 26
03 06 07 15 22 26 27
05 11 13 15 16 22 24
05 06 07 16 21 22 29
01 02 12 16 23 25 27
04 09 12 13 19 24 25
02 05 07 19 20 23 30
02 04 08 12 20 29 31
01 03 12 17 19 24 30
03 09 16 17 19 20 22
03 06 10 13 20 25 29
02 07 11 14 16 26 30
04 08 11 15 19 20 29
01 08 09 19 22 23 24
04 07 08 13 23 24 27
04 07 12 17 18 19 29
06 10 14 15 18 21 22
04 06 11 12 22 23 28
02 08 09 12 18 27 30
06 10 11 14 15 21 29
03 04 11 17 18 22 31
06 07 09 18 19 20 27
04 05 07 19 20 22 29
01 09 10 13 18 26 29
01 06 08 18 19 23 31
04 08 13 18 19 20 24
03 07 13 14 16 22 31
03 12 13 14 16 19 29
03 04 08 19 21 23 28
02 08 10 17 20 23 26
05 09 12 14 19 20 27
05 06 12 13 17 23 30
02 09 11 14 19 25 26
01 06 10 17 20 23 29
01 05 12 16 22 23 27
01 06 09 12 18 29 31
01 10 13 16 18 19 29
07 08 11 18 19 20 23
06 08 09 14 20 21 28
01 08 11 13 20 24 29
01 03 12 15 18 27 30
01 03 04 16 25 26 31
03 05 06 12 20 29 31
04 05 12 13 15 27 30
06 11 12 14 18 22 23
01 08 11 15 19 24 28
02 03 14 15 17 24 31
03 08 10 13 23 24 25
06 08 10 11 15 25 31
03 06 10 19 20 21 27
02 04 09 15 19 28 29
02 03 06 12 25 28 30
03 04 08 12 22 28 29
02 04 07 17 23 24 29
03 04 10 16 17 26 30
05 07 08 13 15 28 30
01 02 04 19 23 27 30
04 05 07 17 20 23 30
02 06 10 15 22 24 27
06 09 11 12 17 25 26
05 08 10 19 20 21 23
06 07 08 10 16 28 31
02 06 09 18 20 21 30
02 05 07 15 21 26 30
05 09 11 12 14 26 29
02 04 12 17 19 22 30
04 06 12 18 19 21 26
01 04 08 12 24 27 30
04 07 10 14 16 26 29
02 03 04 19 24 25 29
03 10 12 13 14 26 28
04 12 13 14 16 22 25
03 05 11 18 22 23 24
05 08 13 15 17 20 28
03 10 13 14 15 22 29
03 04 08 10 21 29 31
03 09 11 17 18 20 28
02 06 14 15 16 22 31
02 05 08 15 20 27 29
03 06 08 10 22 27 30
03 05 13 18 20 21 26
01 07 14 15 17 24 28
02 03 07 17 23 26 28
04 05 10 14 17 25 31
03 09 10 13 14 28 29
02 09 12 16 18 23 26
01 04 08 11 24 27 31
05 06 09 13 20 23 30
02 04 06 14 21 29 30
03 07 10 14 19 22 31
04 05 12 15 19 24 27
05 06 13 14 15 23 30
06 08 10 12 19 21 30
03 05 08 18 19 22 31
02 09 12 16 18 22 27
04 08 11 14 21 23 25
03 06 14 15 16 22 30
01 08 09 17 18 22 31
02 03 05 06 29 30 31
03 04 06 09 23 30 31
05 08 09 11 19 26 28
02 07 13 16 17 23 28
01 05 10 18 21 24 27
06 07 11 14 17 21 30
04 09 13 14 16 24 26
01 07 08 13 23 24 30
04 06 07 16 21 22 30
04 06 09 14 22 24 27
01 06 15 16 17 20 31
02 06 07 16 21 24 30
03 06 10 14 22 24 27
05 07 10 15 18 23 28
01 03 06 12 25 29 30
01 02 08 13 25 28 29
02 06 09 11 24 25 29
03 05 11 14 16 26 31
01 04 10 18 19 26 28
03 12 13 14 16 17 31
01 02 12 19 23 24 25
01 04 09 17 22 26 27
02 05 06 15 17 30 31
05 08 10 11 14 28 30
05 07 10 12 16 27 29
05 09 11 14 20 23 24
01 02 08 16 20 29 30
03 04 08 09 25 28 29
01 05 10 14 20 26 30
04 08 11 12 20 25 26
01 08 09 17 19 24 28
03 08 10 11 14 29 31
04 05 12 16 20 22 27
02 06 07 16 18 27 30
02 04 08 18 19 26 29
03 07 14 16 21 22 23
03 04 06 14 24 26 29
05 08 11 18 19 22 23
08 09 12 16 17 18 26
02 04 10 18 20 25 27
02 05 16 18 20 22 23
05 07 10 14 15 27 28
04 06 10 15 21 22 28
02 03 12 16 19 24 30
01 04 06 14 23 28 30
02 04 07 15 20 27 31
04 05 06 13 17 30 31
01 06 11 13 17 28 30
03 04 11 17 22 23 26
06 07 08 11 20 23 31
03 11 12 14 19 21 26
03 08 09 10 23 24 29
04 05 08 18 20 24 27
04 06 08 14 21 23 30
01 08 11 15 22 23 26
08 11 13 14 16 21 23
07 08 09 14 19 21 28
05 10 12 14 18 20 27
04 08 09 16 19 21 29
04 06 14 16 17 23 26
05 08 09 11 20 22 31
02 04 16 19 20 22 23
04 11 13 14 16 19 29
02 04 06 13 22 29 30
02 03 09 11 25 26 30
02 04 10 12 25 26 27
01 06 13 18 21 23 24
01 04 10 15 20 26 30
02 05 06 14 24 25 30
02 05 08 12 22 27 30
06 09 11 14 17 20 29
02 08 11 18 19 23 25
02 03 05 10 27 28 31
02 06 10 16 18 25 29
03 05 10 12 21 27 28
03 04 07 19 22 24 27
07 08 12 15 16 20 28
02 08 10 11 19 26 30
06 10 13 15 17 20 25
01 02 06 17 19 30 31
01 05 09 10 23 28 30
05 06 13 16 19 21 26
09 10 11 15 16 21 24
03 04 12 16 21 22 28
01 08 11 14 22 23 27
02 07 12 14 19 24 28
04 07 08 10 18 28 31
01 08 12 13 17 25 30
02 03 09 18 20 25 29
02 04 13 16 19 23 29
01 08 12 15 19 25 26
01 03 04 20 22 27 29
01 04 08 18 20 25 30
05 06 07 19 21 22 26
02 05 14 16 20 22 27
01 02 04 17 24 28 30
01 04 12 14 23 25 27
01 07 10 15 16 26 31
03 04 05 12 25 26 31
02 09 12 13 20 24 26
05 07 12 13 14 25 30
04 08 12 13 19 21 29
03 11 12 16 17 23 24
04 05 13 14 18 22 30
02 03 09 18 21 25 28
04 06 13 19 20 21 23
08 11 12 14 16 20 25
05 06 11 16 18 24 26
02 06 07 16 22 24 29
02 08 09 12 19 26 30
07 09 10 12 15 22 31
03 06 15 16 19 21 26
03 04 09 12 22 25 31
02 03 11 13 24 25 28
03 07 11 12 18 25 30
10 12 13 14 17 19 21
01 03 13 14 24 25 26
05 08 14 16 18 21 24
02 06 10 12 17 29 30
03 05 06 12 22 27 31
04 06 14 17 18 21 26
02 07 08 17 19 24 29
01 04 05 19 23 24 30
03 06 09 16 18 23 31
02 06 09 17 21 24 27
01 02 09 15 21 28 30
02 04 08 19 20 23 30
01 05 07 14 24 27 28
05 09 10 14 18 22 28
02 07 10 16 19 22 30
04 08 11 14 16 22 31
02 04 07 20 21 23 29
02 08 11 14 17 24 30
02 10 14 18 19 20 23
03 07 08 10 19 28 31
01 03 08 18 19 26 31
01 05 06 18 21 26 29
02 05 12 13 19 24 31
02 06 09 15 19 25 30
04 07 08 18 20 24 25
03 10 11 13 14 26 29
01 05 09 10 24 28 29
06 07 12 15 16 24 26
02 08 09 15 20 22 30
05 06 07 16 22 24 26
03 07 08 13 20 25 30
03 05 13 17 20 22 26
03 05 13 15 16 24 30
04 05 12 14 22 23 26
01 03 14 15 16 26 31
02 06 07 11 24 26 30
02 04 11 16 20 25 28
03 05 07 10 22 29 30
03 06 07 10 24 26 30
08 10 13 17 18 19 21
02 03 11 14 21 26 29
05 08 10 12 16 25 30
03 09 12 14 16 23 29
02 06 09 19 21 24 25
01 02 08 15 20 29 31
05 06 10 14 16 25 30
07 08 13 15 18 22 23
05 06 10 18 21 22 24
03 05 08 19 21 22 28
01 06 07 12 21 28 31
03 06 10 16 18 26 27
02 04 08 19 21 23 29
05 11 12 15 16 17 30
01 05 06 19 22 26 27
04 05 12 15 16 24 30
02 08 14 16 21 22 23
04 07 15 17 18 21 24
05 12 13 17 18 20 21
05 09 11 13 20 22 26
07 09 10 11 20 23 26
06 09 12 13 14 23 29
08 09 12 14 17 18 28
03 08 11 15 16 23 30
02 07 08 16 22 24 27
02 07 08 18 20 25 26
04 05 07 17 21 24 28
02 05 10 19 20 24 26
05 07 10 14 20 24 26
01 06 08 16 19 26 30
02 03 05 14 23 29 30
07 08 11 12 16 22 30
05 09 11 12 18 20 31
01 06 07 14 20 27 31
01 05 06 19 22 25 28
06 08 11 15 18 19 29
02 07 08 12 18 29 30
06 10 14 16 17 19 24
02 09 11 14 22 23 25
01 04 12 13 22 25 29
01 03 12 19 22 24 25
04 07 11 14 18 21 31
01 04 06 16 19 29 31
01 02 06 07 29 30 31
03 09 10 13 14 26 31
04 08 10 11 18 26 29
02 12 13 16 18 19 26
02 04 07 11 26 27 29
03 08 09 11 22 25 28
04 05 14 15 19 22 27
03 08 12 16 19 20 28
04 08 10 11 13 29 31
04 10 11 13 17 23 28
01 03 10 19 22 24 27
09 10 11 13 18 21 24
03 08 12 16 18 19 30
01 06 10 15 22 24 28
03 04 05 12 24 27 31
02 08 11 15 20 24 26
01 05 08 14 23 25 30
01 04 11 16 18 26 30
09 11 12 13 17 20 24
04 07 10 15 18 25 27
02 04 14 17 21 23 25
03 06 11 14 17 24 31
03 12 13 15 17 22 24
01 08 13 14 17 22 31
03 05 06 15 20 27 30
02 05 07 16 24 25 27
08 10 11 14 17 19 27
01 06 10 17 19 24 29
04 06 10 11 16 29 30
01 08 12 13 16 25 31
02 06 11 19 21 23 24
02 04 09 17 21 22 31
02 04 05 12 23 29 31
05 08 10 13 16 26 28
02 07 09 10 22 26 30
01 06 07 14 24 26 28
03 04 06 13 24 25 31
03 05 08 09 20 30 31
02 07 16 17 19 22 23
08 09 11 14 18 20 26
06 08 10 12 13 28 29
02 03 07 11 24 28 31
02 08 12 14 17 26 27
03 05 08 09 22 28 31
07 08 10 11 19 23 28
02 03 07 14 20 29 31
01 02 15 16 23 24 25
02 03 09 15 16 30 31
01 03 07 18 20 28 29
03 04 09 10 23 26 31
02 07 11 15 16 26 29
05 07 10 17 19 22 26
02 07 14 15 20 22 26
04 06 09 12 20 24 31
04 08 09 17 18 19 31
04 08 09 11 21 25 28
02 08 09 13 18 26 30
04 06 11 16 18 23 28
03 08 11 14 16 24 30
05 06 09 15 22 24 25
04 08 10 11 19 26 28
02 05 08 11 25 26 29
02 04 08 13 19 29 31
01 04 14 19 20 23 25
01 04 15 16 21 22 27
02 03 06 21 23 24 27
03 10 13 14 16 23 27
03 07 10 13 20 25 28
03 04 09 19 22 23 26
01 08 10 15 21 24 27
03 11 12 15 19 20 26
06 07 10 12 15 26 30
04 06 09 14 19 26 28
04 07 10 15 17 26 27
04 05 12 16 21 23 25
01 02 06 19 24 25 29
04 09 12 14 17 24 26
03 04 06 17 22 24 30
01 07 08 13 22 24 31
01 06 09 10 22 28 30
01 08 16 17 20 21 23
03 12 13 16 17 19 26
03 08 09 10 17 28 31
02 03 04 18 24 25 30
01 02 11 18 23 24 27
02 03 17 19 20 21 24
04 05 09 12 20 25 31
05 11 14 15 16 19 26
06 08 09 10 19 25 29
02 10 14 15 16 21 28
02 07 13 16 18 22 28
03 04 11 14 21 25 28
02 03 07 13 24 26 31
01 02 11 18 19 25 30
01 04 14 15 17 27 28
01 10 12 15 18 23 27
04 06 11 13 16 25 31
05 08 13 17 18 22 23
04 05 07 13 23 24 30
03 04 08 19 20 23 29
01 08 09 13 19 26 30
01 08 10 16 19 21 31
04 05 07 10 25 27 28
04 06 10 18 21 22 25
02 09 10 13 20 25 27
03 06 11 12 21 24 29
04 06 10 12 14 29 31
04 05 06 10 20 30 31
07 08 10 13 15 25 28
03 06 09 11 22 24 31
01 08 09 15 21 24 28
02 03 11 14 23 26 27
04 06 09 11 20 26 30
04 06 08 18 21 22 27
03 06 12 14 17 23 31
02 06 10 15 17 25 31
02 05 07 14 22 27 29
03 05 13 16 18 20 31
01 05 10 14 21 26 29
03 07 10 19 20 22 25
01 05 09 16 18 28 29
03 12 13 16 18 20 24
05 07 14 16 17 21 26
02 07 11 14 19 22 31
03 08 13 14 15 22 31
01 06 07 19 22 25 26
03 04 14 17 18 19 31
05 08 09 18 20 22 24
04 09 10 13 20 23 27
04 06 14 16 17 18 31
02 06 11 14 19 25 29
01 03 07 19 22 24 30
02 07 08 15 20 25 29
05 08 10 11 19 22 31
03 08 09 12 16 28 30
08 10 12 13 15 21 27
02 11 14 16 18 22 23
01 07 12 15 21 24 26
01 04 07 15 22 27 30
06 07 12 15 17 23 26
01 03 07 14 22 29 30
02 08 12 14 19 24 27
02 08 10 16 19 23 28
02 03 05 19 23 24 30
02 03 04 17 23 26 31
01 10 11 15 19 24 26
01 04 15 18 20 21 27
01 06 10 14 22 25 28
02 10 13 15 17 20 29
02 05 07 19 20 22 31
02 07 10 14 19 25 29
01 06 08 18 22 24 27
02 11 14 15 16 21 27
06 07 10 13 19 20 31
04 11 13 14 16 23 25
05 07 10 18 21 22 23
05 07 08 17 18 20 31
02 08 09 17 18 25 27
03 04 07 18 22 24 28
01 07 09 18 20 23 28
03 07 12 16 18 20 30
01 08 11 15 21 24 26
03 07 09 20 21 22 24
01 04 05 17 24 25 30
02 05 12 17 18 22 30
08 09 10 15 17 18 29
08 09 13 14 19 21 22
01 04 12 18 21 23 27
03 07 11 14 20 23 28
08 09 10 15 19 22 23
05 07 12 15 20 23 24
02 07 13 16 20 23 25
02 07 10 13 19 25 30
05 08 09 10 21 22 31
03 07 10 11 20 26 29
02 08 11 15 19 23 28
06 08 10 14 19 21 28
01 02 04 14 26 28 31
04 06 12 13 20 25 26
03 10 11 16 18 23 25
02 08 10 13 16 28 29
07 08 09 13 18 21 30
04 08 09 14 19 22 30
05 10 11 14 18 22 26
02 03 13 14 16 27 31
03 05 12 14 20 23 29
01 03 10 16 21 27 28
02 10 13 14 15 24 28
02 07 09 11 19 28 30
02 05 09 16 21 25 28
05 08 12 15 17 20 29
02 04 12 15 18 24 31
01 05 12 13 24 25 26
04 08 11 12 17 23 31
03 12 14 15 17 22 23
03 06 11 18 20 23 25
04 10 12 14 16 23 27
02 09 10 13 14 28 30
02 04 09 16 18 28 29
05 06 10 14 16 26 29
02 11 12 13 19 24 25
08 10 11 12 16 24 25
01 03 07 10 26 29 30
02 05 06 14 25 26 28
04 07 14 15 18 21 27
03 04 07 13 24 27 28
03 08 12 14 21 22 26
01 06 07 18 20 23 31
03 09 10 12 14 27 31
03 06 09 13 22 24 29
02 03 07 10 26 28 30
04 10 14 16 18 21 23
04 05 10 11 21 27 28
06 09 15 16 17 21 22
02 03 08 16 23 24 30
01 09 10 18 20 23 25
06 07 09 11 16 28 29
03 09 11 14 20 22 27
01 04 11 13 20 28 29
03 11 12 13 15 24 28
02 05 07 10 24 27 31
08 09 12 13 16 19 29
02 09 10 13 17 25 30
02 08 13 15 18 19 31
03 06 08 12 21 25 31
01 08 12 16 17 21 31
05 08 10 11 13 29 30
01 03 13 17 22 24 26
01 09 10 14 21 25 26
06 09 10 17 19 22 23
02 04 08 17 21 24 30
05 06 16 18 19 20 22
04 05 07 14 22 23 31
04 08 09 11 21 22 31
01 06 12 15 22 23 27
01 09 12 13 18 25 28
02 04 10 14 17 29 30
03 07 09 18 19 22 28
01 09 10 13 20 25 28
01 02 09 10 26 28 30
04 09 13 14 19 20 27
01 07 08 17 18 24 31
03 07 12 14 18 24 28
02 05 12 14 21 23 29
03 06 12 15 21 24 25
05 07 08 12 13 30 31
02 13 15 17 18 20 21
04 06 08 10 23 24 31
01 04 09 18 21 25 28
02 09 11 14 17 26 27
02 06 11 13 20 25 29
03 10 13 14 19 20 27
04 09 10 13 15 25 30
03 08 10 12 16 28 29
04 10 14 16 17 20 25
02 04 07 11 22 29 31
05 08 13 15 18 19 28
01 05 12 13 18 27 30
05 06 08 17 18 25 27
05 06 08 13 21 22 31
07 09 12 13 19 22 24
03 07 10 12 17 28 29
03 04 09 14 18 28 30
02 04 10 18 19 23 30
04 08 10 14 19 23 28
10 11 13 14 16 18 24
01 08 12 16 17 22 30
02 07 15 17 18 19 28
07 09 12 13 18 19 28
01 03 08 21 22 25 26
02 05 14 16 19 24 26
01 08 10 11 17 29 30
04 10 13 17 18 21 23
03 06 15 16 17 23 26
04 05 07 15 24 25 26
02 03 04 07 29 30 31
01 11 12 14 16 25 27
02 08 12 13 16 24 31
03 06 07 13 22 24 31
01 06 10 11 24 25 29
03 08 10 13 21 24 27
02 03 09 18 19 25 30
02 03 09 18 21 24 29
05 07 08 12 21 22 31
05 10 14 15 17 18 27
01 02 09 18 20 26 30
04 05 06 15 21 25 30
07 10 12 13 15 19 30
01 07 10 15 16 27 30
03 07 08 12 21 25 30
01 08 10 15 18 24 30
07 12 13 15 18 20 21
09 10 11 14 17 18 27
02 07 15 16 17 20 29
04 09 10 11 17 26 29
02 06 10 15 16 27 30
01 04 10 19 20 25 27
03 10 13 15 16 22 27
03 10 14 15 18 21 25
05 08 11 14 18 21 29
01 05 08 15 18 29 30
02 07 13 15 16 23 30
04 08 11 16 18 19 30
02 11 12 14 16 23 28
04 08 11 13 18 23 29
04 12 13 14 17 19 27
01 06 09 15 20 25 30
08 11 14 16 17 18 22
03 11 13 14 15 24 26
03 11 12 15 16 22 27
04 06 09 11 19 28 29
02 05 14 17 19 24 25
01 06 08 17 21 23 30
05 06 10 15 18 25 27
01 04 09 17 18 28 29
01 11 13 14 16 22 29
04 06 10 12 17 26 31
02 09 10 11 18 26 30
02 05 09 11 22 27 30
04 07 08 17 19 24 27
04 10 11 15 16 21 29
01 10 16 17 18 20 24
02 04 05 17 21 27 30
01 04 06 12 24 29 30
01 04 10 15 21 26 29
03 08 12 15 20 22 26
01 05 10 16 20 24 30
02 03 08 15 23 24 31
06 11 12 15 18 21 23
04 06 08 17 20 24 27
06 08 10 14 17 24 27
01 07 09 12 21 26 30
05 06 08 16 20 21 30
06 08 09 12 21 24 26
02 05 06 12 21 29 31
01 09 10 12 16 27 31
01 06 07 18 22 24 28
07 09 11 16 17 22 24
03 04 09 12 21 28 29
02 07 08 11 18 29 31
01 07 13 14 19 22 30
01 07 08 19 20 24 27
03 08 09 14 21 22 29
02 06 15 16 18 23 26
08 09 12 13 15 20 29
01 05 08 10 23 29 30
03 04 13 16 19 22 29
05 06 07 16 21 24 27
03 04 14 17 19 22 27
03 04 09 12 21 27 30
02 09 10 13 21 25 26
06 10 12 13 17 23 25
01 03 10 14 22 27 29
05 06 07 15 16 26 31
02 05 06 13 22 27 31
03 06 08 16 19 26 28
03 08 12 15 19 20 29
04 05 08 12 22 25 30
02 09 10 15 19 23 28
01 05 07 16 20 27 30
05 08 13 17 18 20 25
02 06 07 18 22 25 26
01 03 17 18 20 22 25
02 05 14 15 18 25 27
01 06 12 14 18 24 31
05 09 10 13 14 25 30
01 03 06 20 23 24 29
05 06 12 14 19 21 29
07 09 10 11 18 24 27
02 06 11 15 17 26 29
03 06 12 14 16 26 29
05 06 11 13 19 22 30
02 08 11 12 23 24 26
06 09 11 16 18 19 27
03 06 08 13 19 26 31
09 10 11 14 15 19 28
02 09 12 15 19 23 26
04 07 11 13 19 22 30
02 05 12 14 20 26 27
08 10 11 14 15 19 29
01 11 13 14 16 23 28
08 09 10 17 18 21 23
02 03 07 14 24 25 31
03 04 12 18 21 23 25
06 09 10 11 22 23 25
01 02 15 16 18 23 31
02 06 09 12 18 29 30
03 08 10 12 15 27 31
04 08 09 12 21 22 30
02 07 09 15 21 22 30
04 05 08 17 20 25 27
01 08 09 18 20 23 27
02 03 04 18 22 28 29
02 08 10 16 19 21 30
01 05 08 17 22 26 27
04 08 12 16 18 19 29
01 04 16 17 18 24 26
01 06 07 13 20 29 30
02 03 13 16 17 27 28
02 07 08 18 19 21 31
02 03 10 17 23 25 26
02 06 07 14 20 27 30
02 03 07 15 20 29 30
01 07 12 16 17 25 28
02 04 09 20 21 23 27
02 04 08 14 22 27 29
02 05 09 18 20 22 30
06 12 14 16 17 19 22
02 07 14 15 17 21 30
02 07 12 16 17 23 29
02 05 06 12 22 29 30
03 06 12 15 16 24 30
03 06 11 16 19 23 28
03 06 12 17 18 22 28
01 02 09 17 24 26 27
02 11 13 16 17 23 24
02 05 07 11 23 28 30
02 04 12 13 23 25 27
01 04 11 18 21 25 26
05 11 12 13 18 21 26
05 10 13 14 16 23 25
02 04 10 14 18 27 31
02 06 07 19 20 25 27
01 08 11 17 22 23 24
03 08 13 16 18 19 29
02 03 09 18 20 26 28
04 06 07 13 20 26 30
06 08 11 14 16 20 31
01 06 11 18 22 23 25
06 07 10 11 13 29 30
05 08 12 18 19 20 24
02 09 10 14 19 25 27
02 03 05 18 19 28 31
03 04 05 13 24 26 31
02 05 11 19 20 23 26
01 02 08 14 26 27 28
07 10 12 13 17 18 29
06 08 09 18 20 22 23
06 07 13 15 16 19 30
07 08 11 14 18 19 29
01 04 08 14 24 26 29
04 08 09 11 20 23 31
03 09 11 14 16 24 29
05 09 10 17 19 22 24
02 04 07 18 21 24 30
02 03 10 15 16 29 31
02 05 08 16 20 26 29
01 02 04 19 24 25 31
02 08 11 17 21 23 24
05 09 11 12 18 25 26
03 06 07 08 25 27 30
10 11 12 15 16 19 23
05 09 10 11 21 24 26
05 08 09 15 18 25 26
04 08 10 14 17 23 30
02 03 08 11 25 27 30
01 06 08 10 22 29 30
03 06 08 15 21 25 28
02 03 10 19 21 25 26
03 10 13 16 17 22 25
05 07 09 12 22 25 26
01 04 05 17 22 27 30
01 10 12 13 14 27 29
04 05 12 13 21 23 28
03 04 07 19 20 24 29
04 09 10 16 18 21 28
03 07 08 11 22 24 31
04 05 08 16 22 25 26
05 06 13 14 16 21 31
02 03 04 15 24 27 31
02 05 09 10 21 28 31
09 11 13 14 17 20 22
01 03 08 12 25 26 31
02 05 08 19 21 25 26
02 05 11 14 15 29 30
01 04 13 15 18 25 30
03 08 09 11 20 24 31
04 05 11 14 16 26 30
07 08 11 12 16 24 28
03 09 10 12 18 24 30
03 04 09 12 18 29 31
02 05 09 12 21 26 31
01 07 12 14 17 26 29
02 04 12 16 21 23 28
05 11 12 13 16 24 25
05 08 11 14 21 23 24
01 07 10 14 19 26 29
06 09 11 13 14 23 30
01 02 11 14 19 28 31
06 10 12 14 17 23 24
07 09 14 16 17 19 24
02 06 13 14 19 22 30
03 06 07 08 24 28 30
03 08 12 14 21 23 25
02 07 09 18 20 23 27
01 04 08 16 24 25 28
03 09 12 14 17 21 30
03 08 13 14 18 23 27
02 06 07 19 22 24 26
08 11 12 13 15 16 31
04 06 13 15 20 22 26
04 06 08 12 19 28 29
02 06 10 13 15 29 31
02 06 16 17 19 21 25
02 04 13 14 18 25 30
01 08 09 10 24 25 29
01 03 12 18 20 25 27
03 06 09 13 20 25 30
01 05 10 15 16 29 30
04 07 08 14 20 24 29
04 10 13 15 18 22 24
08 10 11 13 16 19 29
01 03 10 13 24 26 29
02 04 11 12 19 28 30
07 08 09 15 20 22 25
02 05 12 18 22 23 24
02 13 14 15 17 22 23
01 02 04 17 26 27 29
02 09 13 16 20 22 24
06 11 12 14 15 19 29
05 07 12 14 19 20 29
06 07 09 19 20 22 23
01 07 12 13 20 24 29
01 06 07 12 24 26 30
02 07 10 16 18 23 30
06 09 12 14 16 24 25
01 08 13 14 15 25 30
02 09 11 14 20 23 27
03 05 08 17 22 23 28
03 05 06 12 23 27 30
04 08 11 14 15 24 30
01 05 15 16 17 22 30
05 08 10 17 18 22 26
06 07 09 11 18 27 28
03 05 08 13 22 27 28
04 06 13 15 20 23 25
02 08 10 16 17 23 30
02 05 09 13 16 30 31
01 04 05 21 23 24 28
01 02 11 15 19 28 30
02 13 14 16 18 21 22
08 12 13 15 17 20 21
08 09 10 14 17 18 30
01 03 08 16 21 28 29
02 08 10 14 20 25 27
02 11 12 15 16 23 27
05 09 11 14 15 24 28
01 03 04 10 28 29 31
06 07 09 17 18 20 29
06 08 11 12 16 24 29
02 06 08 18 19 23 30
04 05 14 17 19 22 25
03 07 08 20 21 22 25
02 05 15 16 17 20 31
01 04 12 18 20 25 26
03 04 05 16 23 24 31
02 06 07 13 25 26 27
01 05 14 15 22 23 26
02 03 07 16 23 27 28
03 08 13 17 18 21 26
01 02 06 19 20 27 31
01 05 08 12 21 29 30
02 06 12 16 18 25 27
04 09 10 13 18 24 28
04 05 09 14 19 25 30
04 09 10 11 21 23 28
02 08 13 16 19 22 26
01 07 14 17 18 19 30
01 02 08 15 24 25 31
06 09 11 12 16 25 27
05 07 14 16 17 22 25
01 08 11 13 19 26 28
08 10 11 13 17 19 28
04 08 11 13 19 23 28
03 07 11 12 19 24 30
02 06 13 15 19 22 29
04 06 09 12 21 23 31
02 06 08 16 18 27 29
02 05 07 15 24 25 28
03 06 10 15 22 24 26
04 05 08 12 22 27 28
01 08 09 18 20 24 26
03 05 10 14 18 25 31
02 05 09 18 19 23 30
05 06 12 15 19 24 25
01 09 12 13 17 24 30
02 05 14 15 19 21 30
02 03 12 16 17 25 31
04 06 07 13 22 23 31
02 11 13 17 19 20 24
03 06 11 15 19 22 30
02 07 11 16 17 24 29
01 03 05 12 27 28 30
02 05 10 17 19 23 30
04 05 14 18 19 22 24
01 05 11 18 21 24 26
01 09 14 16 19 23 24
05 10 14 15 16 18 28
06 08 12 16 19 22 23
06 07 08 12 18 26 29
01 06 10 13 20 27 29
04 07 08 12 17 28 30
01 08 12 16 21 23 25
06 09 10 14 17 24 26
03 06 10 11 22 25 29
05 06 09 10 20 25 31
01 02 05 13 27 28 30
01 08 10 14 18 25 30
04 11 13 14 16 20 28
01 02 11 17 24 25 26
01 07 15 16 17 24 26
06 07 08 10 22 25 28
07 10 11 13 18 22 25
03 05 12 17 20 23 26
06 08 10 11 14 26 31
05 09 10 11 18 22 31
04 07 08 11 21 24 31
02 07 09 12 20 25 31
03 06 07 14 22 23 31
01 02 07 12 26 28 30
04 05 07 17 21 22 30
02 09 11 13 17 24 30
05 08 10 13 20 21 29
01 03 12 18 22 24 26
01 05 12 13 19 26 30
06 09 10 12 18 23 28
04 05 09 15 22 25 26
02 05 13 19 21 22 24
03 05 12 16 20 22 28
04 09 12 15 17 20 29
01 06 14 19 21 22 23
05 06 12 17 21 22 23
02 04 06 14 25 26 29
08 11 12 15 16 17 27
05 07 08 17 20 24 25
03 10 14 16 18 21 24
05 07 09 12 20 23 30
05 07 14 15 18 22 25
01 03 09 11 24 28 30
03 06 12 16 20 24 25
01 08 11 15 18 26 27
02 05 06 19 21 24 29
02 04 05 13 25 27 30
03 04 07 15 20 27 30
01 06 08 14 20 28 29
01 04 09 12 23 26 31
03 06 11 19 20 22 25
03 10 13 15 17 20 28
03 06 11 15 22 24 25
02 10 13 14 15 23 29
02 08 12 15 17 24 28
06 08 11 17 18 21 25
07 09 11 12 14 26 27
05 07 08 17 19 22 28
02 07 09 13 22 24 29
07 09 10 17 18 22 23
01 05 10 13 22 26 29
02 11 13 15 16 20 29
05 07 10 11 15 28 30
01 05 10 14 21 27 28
01 05 12 13 20 27 28
03 09 12 17 19 22 24
02 04 11 15 21 26 27
01 05 08 13 20 29 30
02 07 10 15 18 26 28
06 07 08 16 18 21 30
01 02 13 14 19 27 30
01 07 12 16 18 22 30
02 03 04 17 19 30 31
05 10 13 16 19 20 23
02 08 09 16 19 21 31
03 07 09 16 20 21 30
01 06 08 18 20 24 29
03 08 11 13 17 26 28
01 06 08 11 23 27 30
04 12 13 14 17 20 26
01 10 14 16 17 18 30
01 06 09 18 19 23 30
03 04 12 14 18 25 30
03 05 09 14 20 24 31
03 09 12 14 17 24 27
02 04 13 17 19 22 29
04 07 10 11 19 26 29
02 08 13 17 20 22 24
05 06 10 16 17 21 31
10 11 13 15 17 18 22
01 02 13 15 21 26 28
04 12 13 16 19 20 22
01 07 12 14 21 23 28
01 04 09 11 24 27 30
02 05 08 18 19 26 28
02 07 14 16 20 23 24
04 11 12 15 16 21 27
06 08 12 16 19 21 24
02 08 09 13 21 25 28
02 05 06 19 22 25 27
02 07 10 15 19 24 29
02 05 13 14 21 24 27
04 10 13 15 16 18 30
07 08 11 16 20 21 23
05 06 12 14 16 22 31
07 08 11 16 18 22 24
02 07 14 15 19 22 27
05 07 10 13 18 22 31
01 05 09 16 22 25 28
01 04 07 13 22 29 30
03 08 16 17 18 21 23
04 06 09 13 21 22 31
02 06 13 15 21 24 25
02 06 08 17 20 23 30
04 06 14 15 18 21 28
04 06 14 18 19 21 24
05 07 10 14 18 25 27
02 13 15 16 17 20 23
01 06 13 15 21 22 28
05 08 10 13 17 25 28
04 05 06 18 22 25 26
05 06 10 16 17 22 30
05 06 12 14 15 26 28
01 03 06 14 23 29 30
01 03 08 20 21 24 29
06 07 09 14 17 24 29
05 09 10 15 17 22 28
03 08 11 17 20 21 26
04 06 15 16 19 22 24
05 08 14 15 19 20 25
07 08 09 16 18 19 29
02 04 12 17 18 22 31
04 06 10 17 19 24 26
02 03 04 18 23 25 31
01 10 15 16 18 22 24
02 05 08 12 24 27 28
02 04 11 14 15 29 31
02 04 11 13 21 26 29
04 09 11 12 16 24 30
05 08 10 13 16 23 31
04 05 13 16 20 22 26
02 04 05 16 23 25 31
01 03 06 18 19 28 31
04 08 09 11 18 27 29
04 09 14 15 19 22 23
04 07 12 14 20 23 26
01 06 14 16 17 22 30
03 05 07 13 20 28 30
02 09 12 15 16 25 27
01 04 12 14 16 28 31
04 10 11 14 18 23 26
02 08 09 12 17 28 30
05 06 07 17 20 22 29
02 05 12 14 19 23 31
01 05 06 16 20 28 30
04 05 10 19 20 21 27
03 07 08 12 23 25 28
06 07 09 10 17 28 29
05 09 12 13 20 23 24
02 04 06 12 25 26 31
04 05 11 16 18 24 28
01 09 11 12 16 27 30
09 10 12 13 16 21 25
01 04 14 15 19 25 28
04 05 09 13 21 24 30
03 09 11 18 19 22 24
04 07 08 19 20 21 27
04 09 12 17 19 20 25
02 03 11 13 24 26 27
03 06 08 15 23 25 26
02 07 08 20 21 23 25
03 05 07 18 20 25 28
05 06 10 11 22 24 28
02 09 12 13 18 24 28
03 05 11 13 16 28 30
01 02 07 18 19 29 30
04 06 11 16 19 20 30
04 05 06 18 20 25 28
03 08 10 17 21 23 24
04 05 10 16 22 23 26
06 08 09 14 21 22 26
07 08 11 16 17 18 29
02 04 10 18 20 23 29
03 06 11 14 21 22 29
04 06 08 14 21 24 29
03 10 14 15 19 20 25
03 08 12 15 18 23 27
04 05 09 10 23 24 31
01 06 14 15 22 23 25
06 08 10 12 17 25 28
01 02 04 13 26 29 31
04 09 10 13 17 24 29
01 08 09 14 20 24 30
07 09 10 15 16 19 30
01 02 05 17 26 27 28
02 04 09 18 19 23 31
01 04 08 14 20 29 30
03 06 07 13 23 26 28
03 09 11 18 19 20 26
04 07 11 12 13 28 31
01 04 09 14 22 25 31
09 11 12 14 18 19 23
04 10 11 15 18 22 26
02 11 13 16 18 21 25
04 06 08 11 23 26 28
04 07 10 13 19 24 29
06 07 08 12 20 22 31
02 07 10 14 23 24 26
02 05 09 12 21 27 30
03 07 11 14 21 24 26
01 08 09 14 19 27 28
02 03 11 15 20 26 29
02 03 11 15 23 24 28
04 05 10 19 21 23 24
05 07 08 16 17 25 28
01 08 10 18 19 24 26
02 06 07 14 21 27 29
02 10 11 13 19 24 27
02 03 12 18 21 24 26
09 10 14 15 17 19 22
02 06 11 16 17 25 29
02 03 08 11 25 28 29
03 05 10 16 22 23 27
04 10 11 13 15 25 28
03 05 11 12 21 26 28
07 09 12 13 17 20 28
04 09 10 11 19 25 28
03 05 10 14 23 24 27
05 08 10 12 15 27 29
03 05 11 12 24 25 26
02 07 11 12 15 28 31
06 08 12 13 17 22 28
04 08 12 13 17 24 28
06 07 08 17 21 22 25
01 06 10 14 18 28 29
03 11 13 14 17 22 26
03 07 08 17 20 24 27
02 03 07 15 20 28 31
02 03 13 18 21 24 25
02 07 08 16 20 23 30
03 07 08 12 20 26 30
03 09 10 15 20 23 26
04 06 13 16 17 20 30
08 09 10 14 16 18 31
04 09 14 16 17 19 27
02 03 09 17 20 25 30
01 04 10 16 23 24 28
06 07 10 13 20 21 29
01 07 13 15 20 22 28
02 04 13 17 20 22 28
01 04 06 10 26 29 30
05 06 13 15 19 22 26
01 02 12 16 18 27 30
03 08 13 14 19 20 29
02 03 11 12 24 26 28
03 13 14 16 18 20 22
04 06 16 17 18 21 24
02 03 14 19 20 21 27
01 02 11 18 23 25 26
06 07 10 14 17 22 30
02 10 13 17 19 21 24
03 04 08 19 20 22 30
01 04 12 14 17 28 30
04 05 12 14 20 23 28
03 04 08 11 23 27 30
03 06 08 12 22 24 31
02 06 07 15 23 26 27
03 05 06 16 22 25 29
04 05 08 14 18 28 29
04 06 11 14 18 25 28
01 03 10 14 24 25 29
01 05 15 18 19 22 26
01 02 05 17 24 27 30
03 04 08 13 20 27 31
03 07 10 18 20 22 26
04 06 13 14 19 24 26
05 08 10 14 22 23 24
03 07 09 14 20 23 30
02 04 11 15 17 27 30
09 11 14 15 16 20 21
04 08 09 16 21 22 26
02 07 08 09 20 29 31
01 05 09 18 20 23 30
02 03 09 20 21 24 27
01 08 14 16 18 19 30
05 06 07 16 18 26 28
07 08 12 13 18 23 25
03 05 06 18 20 23 31
02 06 08 12 23 27 28
05 07 11 12 18 22 31
02 04 05 19 24 25 27
02 09 12 15 16 23 29
01 04 09 13 24 25 30
03 05 12 14 19 22 31
03 08 10 11 15 29 30
02 10 12 13 19 24 26
03 10 11 18 19 20 25
09 10 11 15 18 20 23
01 06 07 12 25 27 28
02 05 06 18 21 25 29
06 10 12 15 17 18 28
01 04 06 18 22 27 28
04 09 13 15 20 22 23
02 06 09 13 21 24 31
02 04 09 13 21 28 29
01 03 10 18 23 25 26
07 09 10 11 22 23 24
02 04 11 18 21 23 27
05 06 08 11 18 28 30
01 06 09 15 22 26 27
05 06 09 18 20 22 26
01 10 14 15 19 20 27
05 06 14 16 17 22 26
01 06 08 19 22 24 26
01 05 07 14 24 25 30
01 05 06 12 25 28 29
02 05 13 14 15 27 30
02 07 10 15 18 23 31
03 08 14 16 18 23 24
03 07 08 12 17 29 30
07 11 14 15 17 18 24
01 05 06 19 22 24 29
02 12 14 15 16 23 24
02 04 12 18 19 21 30
03 09 12 15 20 23 24
02 06 12 13 14 29 30
04 09 10 16 17 21 29
04 11 12 13 17 21 28
03 08 09 13 19 24 30
03 11 12 14 17 18 31
01 04 05 22 23 24 27
02 04 13 18 20 22 27
06 12 13 15 16 19 25
07 09 10 11 18 20 31
01 02 13 15 19 26 30
05 10 12 13 18 22 26
02 03 16 17 21 22 25
02 07 12 13 16 27 29
04 09 12 14 16 25 26
04 07 10 12 15 27 31
01 04 07 14 20 29 31
02 04 11 15 20 26 28
01 02 15 18 20 24 26
01 03 04 22 23 25 28
03 09 13 15 16 20 30
04 06 11 12 16 28 29
04 05 10 12 23 25 27
03 08 12 18 19 22 24
06 08 13 15 16 23 25
01 06 09 14 16 29 31
03 04 10 17 18 23 31
03 05 07 16 20 25 30
04 05 06 14 24 25 28
06 09 13 17 19 20 22
01 03 06 16 25 26 29
01 04 08 19 22 23 29
03 07 08 17 20 22 29
01 04 09 16 22 26 28
02 09 10 16 18 20 31
04 06 08 12 21 24 31
06 08 09 15 18 21 29
01 02 13 17 20 25 28
06 09 11 14 18 22 26
02 08 10 15 17 25 29
01 10 13 15 18 23 26
02 06 08 15 18 26 31
05 06 07 11 20 27 30
03 09 10 16 21 22 25
01 02 08 17 19 29 30
04 05 08 15 20 24 30
01 02 14 17 21 23 28
04 05 14 15 16 21 31
05 06 13 15 16 23 28
01 02 08 14 24 26 31
01 07 11 12 24 25 26
02 06 09 11 23 24 31
01 10 14 16 18 22 25
01 05 12 15 23 24 26
02 04 06 17 20 27 30
03 07 12 14 19 24 27
04 08 09 18 19 21 27
03 05 15 16 18 21 28
02 08 10 12 23 24 27
06 08 11 15 16 19 31
02 06 07 19 22 23 27
01 05 13 16 20 23 28
08 09 12 14 17 22 24
01 07 12 14 21 25 26
03 07 08 16 21 23 28
08 11 12 13 15 23 24
01 08 13 14 16 23 31
06 08 10 17 20 21 24
01 05 12 17 18 22 31
01 04 12 17 18 26 28
09 10 12 14 17 21 23
05 07 09 14 20 22 29
01 02 04 17 23 28 31
06 07 15 16 17 19 26
03 04 10 13 23 26 27
02 04 12 18 19 23 28
05 06 09 16 19 20 31
01 03 09 10 26 27 30
02 04 07 11 25 27 30
01 12 13 14 17 19 30
02 05 06 17 21 27 28
02 03 13 14 23 25 26
01 08 11 13 16 27 30
06 08 10 11 16 25 30
02 06 14 15 20 23 26
02 11 15 16 17 21 24
01 02 14 18 22 23 26
03 08 10 12 17 25 31
02 09 13 18 19 21 24
02 05 11 13 24 25 26
04 06 11 12 18 24 31
04 09 12 14 15 25 27
01 04 12 15 17 27 30
08 09 10 12 15 21 31
01 07 09 19 20 24 26
01 04 11 12 25 26 27
03 07 12 14 22 23 25
01 02 14 17 19 22 31
03 04 08 16 18 26 31
01 06 15 19 20 21 24
01 08 12 14 15 25 31
04 05 08 11 17 30 31
01 08 12 17 21 23 24
05 08 12 15 16 24 26
01 03 10 12 25 26 29
06 08 10 13 20 22 27
02 06 13 15 18 21 31
08 09 11 12 15 20 31
01 03 08 17 22 25 30
05 09 12 15 16 19 30
01 08 09 10 22 25 31
05 06 12 16 18 24 25
03 06 11 18 21 23 24
07 10 11 14 18 20 26
02 04 09 13 18 29 31
01 02 03 21 24 27 28
04 06 09 18 20 21 28
01 05 09 15 20 26 30
01 07 08 14 20 27 29
03 13 15 16 17 20 22
02 06 13 15 16 26 28
01 07 08 14 18 27 31
02 09 12 14 15 24 30
05 07 10 13 14 27 30
01 04 06 21 23 25 26
03 06 08 13 19 28 29
01 08 10 14 23 24 26
01 04 09 14 20 27 31
04 07 09 15 20 24 27
01 08 10 15 22 23 27
01 02 15 16 19 26 27
02 03 06 16 25 26 28
02 05 06 16 20 27 30
03 07 09 10 20 28 29
06 07 13 15 16 22 27
05 08 10 14 19 21 29
01 02 03 23 24 25 28
01 09 10 16 17 22 31
06 07 11 14 18 24 26
07 08 09 13 19 22 28
06 08 11 15 20 22 24
02 03 12 16 19 25 29
03 04 12 14 17 26 30
02 03 07 14 24 26 30
